age,annual_income,monthly_income_reported,employment_years,credit_score,loan_amount,debt_to_income,num_late_payments,num_credit_cards,has_cosigner,random_noise,defaulted
41.0,63909.0,5185.0,1.0,707.0,44430.0,0.376,1,5,0,-0.192,0
27.0,95937.0,8217.0,3.9,642.0,44843.0,0.343,0,0,1,0.038,0
46.0,95055.0,7866.0,17.4,698.0,50796.0,0.376,0,1,0,-0.322,0
48.0,44898.0,3736.0,5.7,633.0,4143.0,0.152,0,1,0,-1.272,0
21.0,60018.0,5030.0,0.8,717.0,33144.0,0.452,1,2,0,0.03,1
24.0,23771.0,1929.0,2.3,674.0,11845.0,0.119,0,6,0,-0.8,0
39.0,57508.0,4831.0,0.2,658.0,13316.0,0.331,4,2,0,-0.517,0
35.0,38476.0,3179.0,13.8,670.0,5177.0,0.295,1,3,0,0.46,0
38.0,50575.0,4239.0,7.9,767.0,15698.0,0.237,1,3,0,-1.593,0
29.0,25762.0,2122.0,2.0,673.0,2451.0,0.202,1,5,0,-1.112,0
48.0,65991.0,5326.0,2.4,589.0,33037.0,0.355,2,4,0,-0.011,1
47.0,25633.0,2118.0,9.9,689.0,11777.0,0.38,2,2,0,-1.186,0
39.0,58795.0,4962.0,5.8,697.0,43412.0,0.29,0,3,1,-0.644,1
50.0,31671.0,2660.0,9.1,654.0,13877.0,0.271,0,1,1,0.854,0
43.0,37525.0,3129.0,18.4,666.0,22413.0,0.428,1,2,0,-0.281,1
29.0,92477.0,7845.0,5.5,588.0,50676.0,0.258,3,5,1,-0.756,1
42.0,71657.0,5947.0,2.9,668.0,41185.0,0.296,1,1,1,0.783,0
27.0,92247.0,7696.0,5.3,578.0,26313.0,0.28,3,4,1,-1.736,0
48.0,110965.0,9158.0,20.0,652.0,40115.0,0.547,1,4,1,-1.459,0
37.0,38844.0,3299.0,9.0,618.0,5431.0,0.216,1,0,1,-1.379,0
36.0,107972.0,9050.0,15.9,737.0,58073.0,0.383,0,1,0,-0.683,1
31.0,28442.0,2344.0,3.0,770.0,7873.0,0.13,1,2,0,-1.576,0
51.0,76944.0,6221.0,1.8,581.0,35517.0,0.204,1,4,0,1.839,1
36.0,44050.0,3752.0,0.5,660.0,32648.0,0.269,1,1,0,-2.601,1
33.0,36187.0,2971.0,4.3,640.0,20344.0,0.287,2,3,0,0.412,0
34.0,72519.0,6052.0,7.0,696.0,18184.0,0.273,3,2,0,-0.412,1
44.0,84147.0,7342.0,1.9,668.0,36687.0,0.29,2,0,0,0.057,0
42.0,83030.0,7030.0,12.5,639.0,41651.0,0.231,1,3,0,-0.576,0
43.0,60583.0,5211.0,20.3,677.0,41658.0,0.429,0,1,0,-0.236,0
43.0,58365.0,4811.0,18.1,654.0,37664.0,0.2,0,2,1,-0.998,0
62.0,69716.0,5934.0,27.9,785.0,19968.0,0.374,0,4,1,1.18,1
34.0,63056.0,5257.0,9.0,609.0,46645.0,0.368,2,2,1,-1.321,1
32.0,70172.0,5890.0,9.0,683.0,11265.0,0.205,0,3,0,-0.164,0
29.0,60288.0,5227.0,4.5,698.0,15498.0,0.263,0,2,0,2.386,0
45.0,80366.0,6660.0,10.0,696.0,6059.0,0.3,1,3,0,0.783,0
50.0,26446.0,2205.0,9.3,644.0,7496.0,0.468,1,3,0,-1.239,0
37.0,51845.0,4242.0,1.7,757.0,18692.0,0.263,1,4,0,1.273,0
29.0,29506.0,2503.0,4.9,516.0,6815.0,0.662,3,4,0,0.312,1
29.0,62293.0,5133.0,4.2,586.0,3704.0,0.377,3,2,0,-0.457,1
45.0,115146.0,9792.0,3.0,708.0,6665.0,0.334,2,4,1,0.795,0
46.0,44434.0,3581.0,7.0,602.0,33013.0,0.388,1,2,0,1.321,0
44.0,58241.0,4907.0,18.9,604.0,35009.0,0.128,0,1,0,-0.739,0
31.0,77305.0,6359.0,2.7,629.0,44357.0,0.417,1,4,0,-0.465,1
41.0,21690.0,1834.0,8.8,609.0,13867.0,0.168,0,6,0,-0.506,0
39.0,43484.0,3623.0,3.1,706.0,24814.0,0.387,0,0,0,0.559,0
40.0,64804.0,5343.0,3.5,725.0,6227.0,0.241,0,4,0,0.882,0
48.0,15000.0,1240.0,20.9,677.0,11164.0,0.22,0,4,0,0.636,0
40.0,35437.0,2903.0,1.4,735.0,13169.0,0.477,1,1,1,-0.969,0
45.0,90262.0,7648.0,7.3,567.0,35209.0,0.29,2,3,0,1.89,0
39.0,86374.0,7047.0,18.4,675.0,61751.0,0.147,0,0,0,-0.829,0
41.0,65090.0,5395.0,10.1,759.0,13238.0,0.397,0,0,0,0.265,0
45.0,81804.0,6864.0,15.1,736.0,23283.0,0.178,2,2,1,-0.18,0
22.0,60590.0,5212.0,1.3,761.0,41883.0,0.436,2,1,0,-1.055,0
34.0,70616.0,5884.0,2.8,620.0,31053.0,0.298,1,5,0,0.243,0
33.0,47717.0,3957.0,4.7,727.0,17422.0,0.173,0,2,0,0.075,0
31.0,57942.0,4855.0,4.4,632.0,44379.0,0.382,2,3,0,0.702,1
35.0,41379.0,3305.0,3.5,703.0,29649.0,0.352,0,5,0,-0.037,1
54.0,97115.0,7899.0,8.1,756.0,69490.0,0.088,1,3,1,0.233,0
28.0,109075.0,9021.0,5.2,607.0,22813.0,0.294,2,2,0,1.808,0
49.0,102339.0,8407.0,3.1,532.0,69890.0,0.33,1,5,0,-0.184,1
21.0,45773.0,3692.0,0.1,789.0,24833.0,0.324,0,0,0,-1.644,0
34.0,35807.0,3035.0,8.2,698.0,20361.0,0.282,1,2,0,0.932,0
40.0,97707.0,8185.0,8.9,657.0,8390.0,0.374,4,1,0,0.867,0
44.0,70252.0,5871.0,15.0,656.0,32794.0,0.357,0,4,1,-1.403,0
46.0,63764.0,5240.0,0.7,514.0,13641.0,0.303,1,2,0,-1.225,0
47.0,41355.0,3452.0,18.8,684.0,30824.0,0.276,1,2,0,-0.505,0
34.0,66612.0,5608.0,12.0,629.0,31389.0,0.315,0,3,0,-0.926,0
33.0,33749.0,2798.0,6.8,667.0,17315.0,0.24,0,1,0,-0.353,0
47.0,73161.0,6151.0,23.1,674.0,17007.0,0.198,3,3,0,-0.302,0
36.0,102292.0,8389.0,6.4,427.0,37442.0,0.188,6,1,0,-0.098,1
24.0,114583.0,9567.0,0.3,694.0,51225.0,0.29,0,2,0,1.271,0
26.0,75654.0,6449.0,2.1,674.0,49858.0,0.214,1,1,0,2.095,0
28.0,29530.0,2522.0,3.5,684.0,15022.0,0.284,0,1,0,-1.255,0
43.0,60107.0,5142.0,20.3,657.0,8101.0,0.433,2,3,0,0.109,1
40.0,144054.0,12073.0,6.5,667.0,55905.0,0.279,0,3,1,1.096,0
46.0,37206.0,3102.0,8.1,676.0,10107.0,0.314,1,2,1,1.235,0
33.0,53555.0,4423.0,11.8,685.0,24324.0,0.277,0,5,0,-1.45,0
40.0,103899.0,8345.0,5.0,696.0,41806.0,0.431,1,6,1,0.002,0
45.0,72606.0,5888.0,16.0,688.0,4846.0,0.466,2,0,0,0.918,0
35.0,167906.0,13945.0,4.8,792.0,34528.0,0.253,0,0,0,-0.838,0
43.0,39549.0,3289.0,21.9,620.0,21557.0,0.373,0,1,0,-0.622,0
31.0,35232.0,3019.0,2.0,635.0,16145.0,0.509,1,6,0,0.933,0
34.0,95411.0,8160.0,10.1,784.0,8583.0,0.184,1,4,1,-0.471,0
34.0,32111.0,2639.0,7.6,653.0,15999.0,0.398,0,4,0,0.606,0
25.0,50339.0,4264.0,4.7,728.0,21517.0,0.126,0,3,0,1.706,0
43.0,53399.0,4407.0,23.2,681.0,8685.0,0.303,0,3,0,0.222,0
33.0,87666.0,7405.0,10.2,649.0,4512.0,0.286,3,2,0,-0.343,0
38.0,72512.0,6140.0,1.9,730.0,21867.0,0.129,1,1,1,0.66,0
43.0,67560.0,5770.0,10.9,702.0,42885.0,0.409,1,5,1,0.436,0
43.0,45890.0,3786.0,19.6,562.0,6873.0,0.315,4,2,0,-0.492,1
45.0,95020.0,8079.0,16.2,680.0,72056.0,0.207,2,5,0,0.099,0
37.0,300000.0,24064.0,14.9,598.0,137052.0,0.333,1,3,0,0.788,1
33.0,75069.0,6418.0,10.7,754.0,46453.0,0.39,0,3,0,0.269,0
37.0,57523.0,4791.0,5.4,785.0,45020.0,0.123,0,5,0,-0.881,0
21.0,30670.0,2556.0,0.2,791.0,7575.0,0.02,1,3,1,0.82,0
22.0,41284.0,3300.0,0.7,685.0,20111.0,0.296,0,2,0,-0.202,0
23.0,49957.0,4131.0,2.4,629.0,15262.0,0.223,0,2,0,-0.313,1
27.0,43240.0,3701.0,3.4,684.0,4904.0,0.434,0,3,0,-1.626,1
42.0,54604.0,4511.0,1.0,595.0,35226.0,0.263,4,1,0,1.358,1
28.0,122418.0,10347.0,6.0,827.0,7231.0,0.331,0,3,0,0.549,0
34.0,96405.0,8039.0,0.6,744.0,67640.0,0.281,0,3,0,-0.387,1
52.0,51206.0,4358.0,13.2,688.0,33075.0,0.145,1,2,0,0.635,0
34.0,31932.0,2671.0,6.5,733.0,16886.0,0.303,3,4,1,1.119,0
46.0,100399.0,8211.0,13.1,632.0,49532.0,0.167,1,1,1,0.888,0
28.0,53799.0,4488.0,1.1,583.0,36812.0,0.162,1,2,0,-0.337,1
36.0,25290.0,2175.0,11.8,511.0,2321.0,0.19,1,2,0,-0.948,0
28.0,75787.0,6378.0,6.4,669.0,45646.0,0.181,0,1,0,-0.556,0
34.0,87260.0,7255.0,10.0,650.0,16171.0,0.279,0,2,0,0.359,0
47.0,18461.0,1608.0,25.9,709.0,1205.0,0.261,0,3,0,-1.291,0
21.0,37951.0,3236.0,0.3,661.0,10786.0,0.328,2,6,1,1.805,0
43.0,52333.0,4432.0,3.7,695.0,15458.0,0.143,0,4,0,0.328,0
41.0,76544.0,6419.0,1.4,717.0,14885.0,0.275,0,2,1,1.077,0
31.0,43608.0,3687.0,8.3,562.0,25429.0,0.252,1,5,0,-0.891,1
22.0,37821.0,3200.0,0.3,721.0,17745.0,0.32,0,3,1,0.16,0
39.0,76291.0,6080.0,17.6,640.0,56459.0,0.325,2,4,0,-0.582,0
32.0,44549.0,3742.0,7.3,700.0,27677.0,0.316,0,3,0,-1.806,0
41.0,70194.0,5831.0,16.5,740.0,47001.0,0.201,1,3,0,0.606,0
38.0,33353.0,2752.0,7.9,736.0,24244.0,0.302,0,2,0,1.267,0
56.0,29928.0,2484.0,26.2,682.0,19596.0,0.249,1,1,0,2.383,0
35.0,77262.0,6238.0,6.8,676.0,10709.0,0.431,3,2,1,0.3,0
27.0,61619.0,4950.0,3.6,724.0,11653.0,0.311,0,3,0,-0.412,0
40.0,83299.0,7115.0,15.4,563.0,29268.0,0.308,2,3,1,0.907,0
40.0,43279.0,3640.0,4.9,596.0,12943.0,0.172,1,2,0,-0.706,1
53.0,38457.0,3050.0,29.1,655.0,27461.0,0.241,0,1,0,-0.587,0
47.0,101459.0,8357.0,19.5,576.0,44962.0,0.326,3,1,0,-0.071,1
42.0,27716.0,2350.0,16.4,649.0,19594.0,0.292,2,2,0,-0.918,0
54.0,96591.0,8004.0,8.1,641.0,32877.0,0.291,1,2,0,-0.879,0
25.0,99640.0,8510.0,0.4,666.0,72725.0,0.125,0,2,0,1.526,0
31.0,80994.0,6891.0,0.8,656.0,8407.0,0.219,4,3,0,-0.876,0
28.0,40359.0,3272.0,5.1,737.0,15504.0,0.273,2,1,0,0.577,0
34.0,38088.0,3165.0,2.1,701.0,27646.0,0.42,0,1,0,-0.836,0
23.0,50039.0,4133.0,2.9,656.0,19376.0,0.111,2,2,0,-0.149,0
45.0,30709.0,2488.0,24.0,649.0,18411.0,0.196,0,4,0,0.358,0
36.0,35679.0,2887.0,0.5,657.0,11441.0,0.11,1,2,0,0.116,0
22.0,73513.0,6027.0,1.3,659.0,49394.0,0.333,0,4,0,-0.837,0
27.0,73666.0,6060.0,1.8,837.0,38569.0,0.419,0,1,1,0.893,0
41.0,34296.0,2874.0,7.3,562.0,22597.0,0.336,0,0,0,0.124,0
47.0,74559.0,6343.0,6.5,598.0,33728.0,0.358,2,2,0,-1.703,0
60.0,67476.0,5681.0,33.2,601.0,35641.0,0.197,2,2,0,0.912,0
70.0,108503.0,9178.0,40.0,699.0,48446.0,0.337,0,3,1,0.075,0
43.0,71054.0,5890.0,0.9,677.0,33785.0,0.223,1,2,0,-0.16,0
27.0,88561.0,7469.0,1.9,621.0,50203.0,0.306,2,4,0,0.259,0
21.0,68171.0,5664.0,0.4,723.0,9587.0,0.35,0,1,1,-1.682,0
41.0,85482.0,7061.0,10.9,691.0,53548.0,0.271,0,0,0,-0.812,0
29.0,30819.0,2666.0,0.8,726.0,9751.0,0.382,1,1,1,0.178,0
33.0,52068.0,4137.0,11.1,750.0,3095.0,0.284,1,0,0,-0.998,0
31.0,54044.0,4335.0,10.5,516.0,28792.0,0.327,5,3,0,0.699,1
36.0,49286.0,4139.0,6.6,711.0,25147.0,0.489,0,3,0,-1.278,0
50.0,67160.0,5567.0,25.5,582.0,39918.0,0.35,2,6,0,-0.161,1
40.0,73171.0,5922.0,13.3,684.0,58445.0,0.225,1,2,0,1.367,0
36.0,65618.0,5353.0,9.6,660.0,25990.0,0.252,1,3,0,-0.869,0
27.0,50790.0,4154.0,5.4,661.0,39616.0,0.387,1,1,0,0.012,0
21.0,39498.0,3350.0,0.5,576.0,19091.0,0.404,1,2,1,-0.916,1
33.0,90113.0,7692.0,6.9,736.0,28693.0,0.296,0,2,0,-1.545,0
37.0,64374.0,5540.0,4.8,572.0,35943.0,0.147,1,1,0,0.614,1
57.0,34777.0,2806.0,26.7,726.0,6863.0,0.205,1,3,0,-0.051,0
39.0,50409.0,4086.0,3.1,561.0,39053.0,0.318,2,0,1,0.071,1
49.0,25100.0,2032.0,7.0,662.0,9558.0,0.358,0,2,0,0.296,0
33.0,55882.0,4777.0,6.0,789.0,3240.0,0.4,0,0,1,-0.834,0
25.0,50303.0,4227.0,1.9,826.0,27239.0,0.097,0,4,1,-1.209,0
27.0,42471.0,3545.0,1.8,548.0,5956.0,0.387,3,2,0,0.184,0
30.0,112213.0,9394.0,1.9,612.0,13094.0,0.443,0,2,0,1.48,0
61.0,32690.0,2721.0,35.7,641.0,2212.0,0.061,1,4,0,0.318,0
29.0,75581.0,6157.0,5.3,821.0,53831.0,0.299,0,2,0,-1.414,0
47.0,147135.0,12387.0,10.3,660.0,11073.0,0.376,0,0,0,2.939,0
28.0,89309.0,7415.0,6.8,739.0,40448.0,0.159,2,6,0,-1.236,0
48.0,54225.0,4410.0,23.3,693.0,22616.0,0.25,0,2,0,-1.832,0
42.0,33016.0,2783.0,2.5,577.0,24210.0,0.356,2,1,1,1.76,0
36.0,29797.0,2462.0,9.2,534.0,21852.0,0.248,1,6,0,-0.813,1
38.0,45702.0,3826.0,5.4,620.0,33849.0,0.264,0,2,0,-0.495,0
31.0,40374.0,3356.0,5.8,825.0,14131.0,0.322,0,4,0,1.16,0
43.0,39787.0,3375.0,16.4,686.0,16119.0,0.183,0,3,0,1.668,0
33.0,47489.0,3975.0,0.1,734.0,31782.0,0.193,0,3,0,-0.182,0
25.0,52527.0,4300.0,2.3,562.0,7360.0,0.347,2,2,0,0.741,0
24.0,68421.0,5738.0,1.2,638.0,9292.0,0.395,2,1,0,1.812,0
40.0,31511.0,2645.0,10.6,720.0,23359.0,0.34,0,5,0,-1.181,0
55.0,40460.0,3406.0,3.9,586.0,2916.0,0.436,2,2,0,0.29,0
40.0,51187.0,4354.0,16.2,664.0,17258.0,0.342,0,10,0,-0.385,0
37.0,50368.0,4146.0,9.1,603.0,9883.0,0.485,2,3,0,-1.209,1
41.0,125678.0,10613.0,4.5,720.0,14200.0,0.307,0,1,0,0.931,0
52.0,61059.0,4913.0,24.9,700.0,47651.0,0.325,1,1,1,1.196,0
40.0,26608.0,2212.0,0.8,708.0,4642.0,0.34,0,1,0,0.64,1
33.0,66388.0,5502.0,8.0,725.0,24828.0,0.237,0,6,1,0.576,0
50.0,70308.0,6029.0,15.1,652.0,17024.0,0.222,3,5,0,-0.276,0
43.0,51989.0,4319.0,0.9,731.0,21751.0,0.21,0,1,0,0.321,0
55.0,31859.0,2687.0,8.7,623.0,19917.0,0.244,1,3,0,0.56,1
40.0,121323.0,9754.0,1.5,705.0,66095.0,0.507,0,2,0,2.344,1
25.0,33984.0,2812.0,3.3,524.0,16272.0,0.482,2,4,0,-1.614,1
23.0,74046.0,6066.0,2.1,609.0,32063.0,0.267,2,5,0,-0.609,1
56.0,60181.0,5263.0,3.2,824.0,8960.0,0.258,0,2,0,-0.192,0
57.0,72074.0,5926.0,4.0,705.0,25361.0,0.085,1,2,0,0.479,0
36.0,118560.0,9894.0,14.1,710.0,86424.0,0.201,1,4,0,1.488,1
34.0,70815.0,5916.0,2.8,604.0,47120.0,0.219,2,2,0,1.022,1
54.0,42774.0,3451.0,10.3,589.0,4216.0,0.256,2,6,0,-0.292,0
26.0,90471.0,7460.0,4.0,643.0,61550.0,0.243,0,3,0,0.644,0
28.0,41402.0,3478.0,0.5,656.0,27782.0,0.321,0,2,0,-0.114,0
45.0,59201.0,4942.0,23.8,806.0,38568.0,0.377,0,1,0,0.255,0
34.0,30736.0,2444.0,0.3,731.0,20320.0,0.227,1,4,1,1.033,0
38.0,34548.0,2846.0,15.2,675.0,27199.0,0.444,1,3,1,-2.658,0
36.0,56287.0,4786.0,5.8,668.0,5145.0,0.335,0,3,1,-0.269,0
42.0,64908.0,5473.0,3.3,715.0,21929.0,0.389,2,2,0,-0.976,0
53.0,25566.0,2182.0,12.6,574.0,19847.0,0.256,0,2,0,-0.881,0
39.0,68794.0,5620.0,18.5,535.0,31955.0,0.355,3,0,0,-0.612,1
45.0,38038.0,3251.0,13.3,719.0,21367.0,0.345,1,2,1,-1.871,0
21.0,97826.0,8145.0,0.1,665.0,31441.0,0.447,1,6,1,1.283,0
37.0,46944.0,4037.0,16.4,576.0,9808.0,0.365,0,6,1,2.553,0
29.0,33172.0,2765.0,1.3,514.0,26001.0,0.385,3,4,0,0.192,1
25.0,56909.0,4548.0,0.3,723.0,18281.0,0.247,0,5,0,1.617,0
28.0,36417.0,3086.0,0.4,624.0,17140.0,0.42,3,6,1,-0.654,1
34.0,97354.0,8041.0,11.8,694.0,22670.0,0.172,0,4,1,1.333,0
48.0,55013.0,4550.0,4.3,644.0,42647.0,0.243,1,0,0,-0.462,1
23.0,51371.0,4157.0,0.6,658.0,12525.0,0.328,0,7,0,-0.571,0
38.0,71783.0,6176.0,17.3,627.0,52793.0,0.185,0,2,1,0.164,0
33.0,34992.0,2886.0,7.8,659.0,9408.0,0.208,2,4,0,1.816,0
34.0,30791.0,2647.0,4.1,702.0,23407.0,0.208,1,3,1,1.159,0
49.0,66095.0,5460.0,17.0,649.0,21514.0,0.338,2,2,0,1.472,1
44.0,33531.0,2742.0,5.8,640.0,23608.0,0.284,3,1,1,-1.425,0
53.0,33526.0,2868.0,16.2,711.0,16759.0,0.396,1,1,0,-1.096,0
36.0,80148.0,6669.0,5.5,710.0,10849.0,0.488,2,4,1,-0.484,0
30.0,69659.0,5798.0,6.4,584.0,18927.0,0.327,0,4,0,1.485,0
36.0,31284.0,2540.0,11.8,664.0,19417.0,0.249,0,2,1,0.699,0
41.0,41626.0,3437.0,7.2,627.0,22921.0,0.337,3,3,0,-1.782,0
40.0,36622.0,3078.0,2.9,662.0,11612.0,0.21,3,3,0,-0.275,0
26.0,122324.0,9929.0,2.2,761.0,24038.0,0.294,0,3,0,-0.668,0
39.0,82685.0,6816.0,14.4,692.0,55533.0,0.546,0,3,1,-0.134,0
41.0,45511.0,3761.0,16.1,820.0,23520.0,0.28,1,1,0,2.273,0
66.0,71280.0,5948.0,35.9,693.0,40022.0,0.33,0,4,0,-0.191,0
59.0,29876.0,2563.0,37.7,667.0,12228.0,0.284,0,1,0,-0.396,0
29.0,40636.0,3366.0,7.1,662.0,12709.0,0.259,1,1,1,-1.174,0
35.0,57658.0,4738.0,14.4,677.0,19413.0,0.348,1,1,0,0.841,1
22.0,67413.0,5926.0,1.2,683.0,4944.0,0.173,1,2,0,-0.123,0
32.0,52640.0,4349.0,2.6,592.0,39892.0,0.283,4,2,0,-0.857,1
41.0,61494.0,5105.0,13.1,650.0,19980.0,0.164,0,5,1,0.651,0
51.0,56973.0,4714.0,6.2,612.0,23486.0,0.454,2,3,0,-0.362,0
30.0,51097.0,4235.0,0.9,732.0,16242.0,0.399,1,5,0,-0.209,0
31.0,48138.0,4018.0,3.3,527.0,15230.0,0.223,1,1,0,-1.024,1
21.0,45400.0,3853.0,0.4,671.0,25615.0,0.114,0,2,0,-1.929,1
36.0,61051.0,5129.0,11.5,559.0,33747.0,0.349,0,2,0,0.808,1
26.0,66168.0,5633.0,2.3,691.0,43517.0,0.296,1,2,0,0.404,0
32.0,60135.0,5116.0,0.0,632.0,6245.0,0.524,0,1,0,0.304,1
28.0,32361.0,2708.0,7.7,537.0,22832.0,0.44,6,0,0,-0.145,1
37.0,35086.0,2946.0,10.0,731.0,26929.0,0.364,0,4,0,-0.568,0
21.0,65814.0,5606.0,0.2,484.0,52113.0,0.247,2,5,0,0.094,1
22.0,106654.0,8690.0,0.5,658.0,15635.0,0.274,1,3,0,0.677,0
61.0,58905.0,5154.0,5.1,711.0,24447.0,0.33,0,2,0,0.384,0
24.0,45699.0,3769.0,3.5,758.0,34470.0,0.336,1,3,0,-0.71,0
26.0,60842.0,5035.0,1.4,548.0,37674.0,0.229,1,1,1,0.962,1
58.0,32975.0,2681.0,35.9,642.0,3138.0,0.164,1,5,0,0.054,0
70.0,99123.0,8065.0,13.2,742.0,69656.0,0.493,0,4,1,0.032,0
25.0,59818.0,5082.0,4.1,743.0,40611.0,0.303,1,3,0,-0.554,0
34.0,40694.0,3545.0,0.1,750.0,25846.0,0.342,1,4,1,-0.462,0
42.0,51023.0,4204.0,10.5,845.0,18311.0,0.214,1,1,0,0.206,0
57.0,43387.0,3641.0,13.7,631.0,22745.0,0.437,4,0,0,-1.336,1
27.0,99244.0,8307.0,2.4,687.0,58251.0,0.404,0,3,0,-0.413,1
35.0,50216.0,4268.0,15.2,643.0,17449.0,0.306,3,3,1,-0.536,0
47.0,58983.0,5133.0,19.1,531.0,37631.0,0.321,1,0,0,-0.207,1
43.0,71201.0,6114.0,5.8,657.0,18154.0,0.328,2,3,0,0.275,0
34.0,39409.0,3268.0,10.4,526.0,7398.0,0.31,1,2,0,-1.397,1
37.0,60009.0,5054.0,2.1,625.0,41657.0,0.356,0,0,0,1.685,0
23.0,62230.0,5251.0,2.7,559.0,18948.0,0.338,3,2,1,-0.035,0
35.0,27330.0,2277.0,6.6,694.0,2530.0,0.282,1,4,1,0.572,0
35.0,61624.0,5023.0,2.9,607.0,41567.0,0.183,2,4,1,0.941,1
41.0,53879.0,4418.0,5.6,538.0,34982.0,0.297,2,2,1,1.83,0
32.0,58313.0,4971.0,1.8,722.0,38008.0,0.375,0,4,0,0.163,1
43.0,55889.0,4774.0,21.6,629.0,17083.0,0.367,2,2,0,-0.903,0
49.0,61803.0,5129.0,8.9,634.0,31052.0,0.431,3,2,1,-1.258,0
40.0,100398.0,8410.0,2.8,593.0,6068.0,0.442,0,8,0,0.453,0
42.0,32348.0,2760.0,17.8,749.0,1673.0,0.37,0,0,0,-0.349,0
39.0,47151.0,3795.0,4.0,681.0,11526.0,0.319,0,0,1,1.638,1
38.0,74241.0,6131.0,1.7,618.0,32961.0,0.334,1,2,0,-0.715,0
30.0,68289.0,5920.0,6.7,529.0,34161.0,0.243,3,5,0,-1.004,1
41.0,67631.0,5670.0,0.2,836.0,10148.0,0.38,1,2,1,-1.064,0
37.0,189890.0,15467.0,14.1,806.0,133065.0,0.432,0,5,1,2.346,0
61.0,72508.0,6056.0,23.1,773.0,55807.0,0.404,3,2,0,1.605,0
55.0,91492.0,7780.0,8.7,615.0,12755.0,0.356,3,1,0,-1.011,0
42.0,47902.0,3789.0,10.5,630.0,31993.0,0.276,0,5,0,-0.331,0
30.0,35182.0,2942.0,2.5,689.0,17966.0,0.264,1,4,0,-0.388,0
26.0,47746.0,3949.0,3.1,599.0,20378.0,0.284,3,2,0,-1.751,0
51.0,75771.0,6107.0,17.8,600.0,31581.0,0.227,1,2,0,-0.114,0
41.0,66050.0,5513.0,16.1,770.0,40447.0,0.327,0,2,0,0.671,0
43.0,65943.0,5480.0,10.9,662.0,13630.0,0.02,1,2,1,0.078,0
21.0,49943.0,4160.0,0.8,582.0,25307.0,0.246,1,3,1,-0.253,0
48.0,46485.0,3847.0,2.0,728.0,11436.0,0.307,1,5,0,-0.391,0
43.0,50724.0,4141.0,21.2,630.0,5776.0,0.55,3,3,0,-0.41,1
26.0,76199.0,6165.0,1.1,522.0,35407.0,0.3,1,1,0,0.202,1
33.0,80291.0,6599.0,10.7,586.0,20190.0,0.304,3,0,0,1.44,1
41.0,34971.0,2964.0,10.3,629.0,21227.0,0.217,0,2,0,-0.364,0
39.0,77508.0,6489.0,1.9,676.0,41685.0,0.472,0,4,0,-0.759,1
35.0,41038.0,3415.0,5.3,675.0,8956.0,0.219,2,5,0,-0.904,0
37.0,67921.0,5542.0,15.5,754.0,47285.0,0.503,0,5,0,1.884,0
35.0,50448.0,4173.0,12.7,650.0,15652.0,0.226,3,2,0,1.858,0
40.0,111268.0,9409.0,14.2,635.0,64734.0,0.394,2,4,0,-0.039,1
54.0,45568.0,3836.0,13.0,754.0,11414.0,0.294,0,4,0,0.122,0
21.0,59603.0,4920.0,0.6,729.0,11769.0,0.244,1,4,1,-0.246,1
35.0,72262.0,5707.0,3.6,647.0,50237.0,0.401,0,1,0,-1.111,1
40.0,37116.0,3051.0,12.9,687.0,27429.0,0.433,1,0,0,-0.021,1
41.0,53226.0,4393.0,5.5,630.0,16715.0,0.281,2,2,0,-1.466,0
34.0,48782.0,3991.0,11.5,584.0,13963.0,0.298,1,2,0,-0.805,0
21.0,43646.0,3607.0,0.7,814.0,25181.0,0.259,0,2,0,-0.494,0
42.0,45126.0,3822.0,8.3,626.0,9951.0,0.322,0,2,1,1.072,0
57.0,90717.0,7554.0,24.4,693.0,63334.0,0.191,2,2,0,0.066,1
21.0,42013.0,3570.0,0.4,554.0,2369.0,0.031,2,3,0,-0.977,0
48.0,70967.0,5736.0,4.3,714.0,11113.0,0.113,1,3,0,1.095,0
34.0,63364.0,5248.0,3.4,577.0,8904.0,0.278,4,4,0,-0.125,1
37.0,29332.0,2350.0,4.7,780.0,8459.0,0.193,1,1,0,-0.994,0
26.0,69474.0,5740.0,1.5,787.0,48605.0,0.288,0,1,0,0.624,0
34.0,29115.0,2376.0,9.7,704.0,15431.0,0.249,0,3,1,0.165,0
52.0,72965.0,6236.0,23.9,680.0,9530.0,0.229,0,0,0,-2.229,0
44.0,43776.0,3678.0,11.2,652.0,4780.0,0.235,0,2,1,0.158,0
57.0,55207.0,4694.0,36.6,675.0,14703.0,0.397,1,5,0,-0.687,0
51.0,30720.0,2538.0,27.6,702.0,15817.0,0.324,0,2,0,-0.826,0
43.0,58114.0,4744.0,2.0,667.0,28785.0,0.456,1,1,0,-0.319,1
57.0,83468.0,6809.0,17.1,737.0,11324.0,0.31,0,0,0,-1.831,0
43.0,38252.0,3205.0,20.7,606.0,23739.0,0.109,3,1,0,-0.24,1
47.0,41851.0,3614.0,6.0,770.0,21938.0,0.196,2,3,0,0.269,0
35.0,67485.0,5670.0,5.6,633.0,53131.0,0.312,1,2,0,-0.833,1
39.0,68249.0,5645.0,17.7,617.0,31698.0,0.324,1,2,1,-0.296,0
30.0,18393.0,1527.0,8.0,689.0,5435.0,0.241,0,1,0,0.041,1
49.0,136219.0,11345.0,24.0,702.0,19004.0,0.22,1,3,0,0.467,0
25.0,69768.0,6050.0,4.4,541.0,51582.0,0.239,4,5,0,0.615,1
47.0,75260.0,6426.0,4.6,629.0,5889.0,0.286,5,3,0,-0.621,0
36.0,51560.0,4319.0,11.1,514.0,16063.0,0.295,4,3,0,-0.275,0
51.0,23865.0,1993.0,24.8,625.0,10693.0,0.19,1,4,0,-1.541,0
46.0,74512.0,6246.0,5.9,619.0,35568.0,0.325,2,3,0,-0.656,0
58.0,42649.0,3589.0,1.6,682.0,20759.0,0.324,0,8,0,1.315,1
46.0,70253.0,5806.0,4.6,607.0,41298.0,0.289,1,2,0,-0.985,0
21.0,49843.0,4083.0,0.7,622.0,7289.0,0.231,2,1,0,1.17,0
37.0,61219.0,5207.0,12.0,757.0,36089.0,0.367,2,2,0,-1.128,0
25.0,38806.0,3235.0,4.6,807.0,27830.0,0.432,0,1,0,0.699,0
32.0,81151.0,6891.0,3.9,597.0,5911.0,0.255,1,2,0,0.235,0
55.0,32219.0,2773.0,21.5,742.0,2476.0,0.237,0,3,0,1.657,0
45.0,151085.0,12721.0,0.7,687.0,119891.0,0.347,0,1,0,-2.437,0
30.0,150567.0,12637.0,9.6,543.0,42755.0,0.183,4,4,0,-0.801,0
27.0,114669.0,10167.0,3.8,607.0,44870.0,0.172,0,3,0,1.665,0
38.0,97641.0,8170.0,13.7,455.0,27588.0,0.235,4,0,0,0.098,1
25.0,52947.0,4316.0,1.3,683.0,24745.0,0.331,0,5,0,0.544,0
31.0,92970.0,7704.0,0.9,585.0,54258.0,0.212,1,2,0,-0.847,0
41.0,52670.0,4525.0,1.3,670.0,32654.0,0.298,0,1,0,-1.078,1
51.0,27337.0,2219.0,25.0,850.0,8653.0,0.099,0,2,0,1.203,0
45.0,108178.0,8879.0,3.8,773.0,26550.0,0.362,0,1,1,-0.06,0
21.0,91405.0,7786.0,0.8,607.0,42044.0,0.444,3,2,0,3.244,1
41.0,54230.0,4495.0,5.7,592.0,18340.0,0.209,2,1,1,0.148,0
39.0,31690.0,2635.0,10.2,756.0,16371.0,0.344,0,3,0,0.781,1
43.0,42247.0,3596.0,5.9,593.0,21490.0,0.279,2,0,0,1.055,1
56.0,24235.0,1991.0,1.8,730.0,17470.0,0.311,0,0,0,0.493,0
21.0,84152.0,6807.0,0.5,850.0,4451.0,0.275,0,4,1,0.812,0
31.0,26732.0,2166.0,4.2,709.0,3378.0,0.27,1,3,0,1.319,0
44.0,62578.0,5275.0,10.7,748.0,40054.0,0.217,0,3,0,-0.032,0
21.0,37625.0,3152.0,0.6,735.0,18349.0,0.191,0,3,0,-0.567,0
54.0,28943.0,2378.0,10.7,626.0,2804.0,0.41,1,2,1,0.984,0
42.0,61227.0,4984.0,12.4,687.0,46344.0,0.132,1,0,0,1.627,1
47.0,47329.0,3923.0,18.0,602.0,25454.0,0.298,3,4,1,-0.714,0
32.0,80200.0,6833.0,1.0,751.0,33242.0,0.294,0,2,0,1.694,0
47.0,31091.0,2548.0,9.4,589.0,19733.0,0.295,0,2,0,-1.154,0
50.0,39116.0,3216.0,2.7,710.0,19441.0,0.366,0,0,0,0.056,0
41.0,18782.0,1528.0,0.1,739.0,6198.0,0.263,0,2,1,-1.526,0
41.0,20581.0,1702.0,1.1,626.0,5608.0,0.365,1,2,0,-1.853,0
41.0,123534.0,10364.0,12.4,616.0,48187.0,0.499,1,5,0,-0.228,0
29.0,140464.0,12201.0,0.7,648.0,57090.0,0.285,2,2,0,0.499,0
36.0,57344.0,4799.0,14.2,605.0,33490.0,0.097,3,0,0,-0.11,1
36.0,37963.0,3160.0,12.4,677.0,15366.0,0.286,1,1,0,1.872,0
42.0,48088.0,4076.0,0.2,596.0,3066.0,0.276,1,3,0,-1.215,0
49.0,81487.0,6885.0,16.6,609.0,45917.0,0.34,1,3,0,-0.003,1
26.0,43635.0,3594.0,0.1,698.0,4460.0,0.101,1,6,0,-0.727,0
37.0,61207.0,5335.0,1.8,704.0,41912.0,0.332,1,4,1,-0.43,0
54.0,54685.0,4555.0,33.9,656.0,31783.0,0.258,0,1,0,-0.644,0
30.0,42579.0,3565.0,4.5,547.0,21221.0,0.38,1,0,0,-0.417,1
29.0,43404.0,3657.0,0.2,742.0,16954.0,0.248,0,2,0,-0.149,0
40.0,62761.0,5266.0,17.2,637.0,11239.0,0.387,2,2,0,-1.271,1
47.0,35436.0,3043.0,25.0,817.0,19180.0,0.149,1,2,0,1.031,0
38.0,67398.0,5550.0,9.9,656.0,8905.0,0.302,1,0,0,1.215,0
53.0,44484.0,3765.0,23.0,681.0,22394.0,0.203,1,5,1,0.128,0
47.0,58244.0,4870.0,21.4,640.0,10921.0,0.251,2,3,0,-0.191,0
47.0,102526.0,8712.0,20.0,687.0,51022.0,0.572,2,4,0,-0.276,1
44.0,50991.0,4231.0,11.9,850.0,8330.0,0.205,0,0,0,0.953,0
64.0,83200.0,6885.0,36.3,654.0,10056.0,0.263,0,1,0,-1.013,0
36.0,24555.0,2076.0,8.3,753.0,9899.0,0.186,0,2,0,0.549,0
21.0,44508.0,3736.0,0.3,666.0,25918.0,0.269,0,1,0,-0.374,0
56.0,55690.0,4565.0,0.1,742.0,12744.0,0.285,1,4,0,-0.452,0
33.0,130691.0,11184.0,4.6,527.0,55319.0,0.227,5,3,0,-0.132,1
39.0,22768.0,1925.0,1.6,797.0,14780.0,0.458,0,2,0,0.152,0
52.0,52670.0,4383.0,2.1,685.0,24337.0,0.416,1,5,0,-1.438,0
21.0,105937.0,8745.0,0.5,641.0,52740.0,0.205,0,3,0,-0.957,0
24.0,38632.0,3243.0,4.0,725.0,8310.0,0.382,1,1,1,-0.63,0
21.0,49977.0,4220.0,0.1,670.0,7165.0,0.252,0,1,0,0.27,0
29.0,63855.0,5152.0,2.5,581.0,10331.0,0.177,1,3,0,-1.837,0
43.0,59762.0,5018.0,19.0,500.0,46590.0,0.228,1,2,0,0.918,0
44.0,111267.0,9393.0,9.5,793.0,12792.0,0.174,0,2,0,1.536,0
41.0,67299.0,5344.0,16.0,652.0,11012.0,0.394,1,5,0,-0.817,0
22.0,99966.0,8363.0,1.3,618.0,20420.0,0.212,3,4,1,0.006,0
21.0,46774.0,3952.0,0.6,623.0,29980.0,0.429,1,1,0,0.99,0
39.0,39413.0,3323.0,3.0,764.0,13734.0,0.314,1,4,0,-0.091,0
33.0,49688.0,4207.0,4.5,628.0,31958.0,0.26,0,2,1,-0.3,0
43.0,32646.0,2703.0,14.3,712.0,11890.0,0.25,0,3,1,0.893,0
46.0,68369.0,5579.0,0.7,637.0,44170.0,0.475,1,3,0,1.241,0
40.0,46233.0,3714.0,3.7,574.0,33362.0,0.301,0,4,0,-0.564,1
46.0,40651.0,3462.0,10.2,728.0,15670.0,0.25,0,1,1,-0.608,0
41.0,68836.0,5817.0,13.8,744.0,54365.0,0.385,1,0,0,0.462,1
44.0,32873.0,2803.0,12.1,619.0,24645.0,0.359,3,8,1,-0.635,0
30.0,77794.0,6389.0,7.4,661.0,4786.0,0.201,2,2,0,-1.021,0
36.0,44349.0,3755.0,11.6,673.0,20982.0,0.301,3,1,1,-0.598,0
40.0,92659.0,7490.0,0.6,691.0,50299.0,0.119,0,2,0,-1.016,0
47.0,46090.0,3774.0,24.4,810.0,31451.0,0.297,0,3,0,-1.3,0
34.0,73090.0,6106.0,11.3,643.0,40566.0,0.331,1,2,0,1.602,0
44.0,59629.0,5035.0,6.4,640.0,33761.0,0.345,1,3,0,-1.308,0
35.0,76868.0,6621.0,7.3,651.0,20542.0,0.2,1,2,1,0.047,0
37.0,57790.0,4793.0,5.1,597.0,38454.0,0.226,4,1,0,-1.874,0
47.0,26018.0,2131.0,24.6,552.0,2536.0,0.325,2,2,0,1.576,1
21.0,86599.0,7084.0,0.4,670.0,47027.0,0.425,2,4,0,0.054,0
24.0,52872.0,4345.0,1.5,698.0,10655.0,0.309,1,1,1,1.504,0
22.0,78462.0,6829.0,1.5,661.0,48975.0,0.244,0,2,0,-0.801,0
21.0,75034.0,6348.0,0.6,656.0,48223.0,0.397,1,2,0,2.392,1
31.0,38836.0,3308.0,1.5,598.0,7033.0,0.313,2,1,1,-1.173,0
46.0,36440.0,3022.0,16.4,686.0,23510.0,0.318,0,0,0,0.556,0
35.0,73865.0,6155.0,11.8,678.0,50090.0,0.38,1,0,0,-2.464,0
40.0,47984.0,4055.0,6.8,697.0,4308.0,0.29,2,1,1,-0.461,0
50.0,83825.0,6915.0,15.8,691.0,31225.0,0.207,1,2,0,-0.07,0
53.0,50762.0,4205.0,20.4,698.0,9874.0,0.285,0,4,0,0.001,0
37.0,87171.0,7166.0,8.8,757.0,12623.0,0.411,0,0,1,-0.487,0
53.0,66541.0,5495.0,32.9,716.0,43429.0,0.489,0,3,0,0.406,0
39.0,62610.0,5223.0,9.6,698.0,16897.0,0.178,0,3,0,-0.525,0
29.0,46480.0,3810.0,5.7,541.0,24774.0,0.464,5,3,0,1.446,1
31.0,61064.0,5118.0,9.1,738.0,3222.0,0.263,0,1,0,0.476,0
22.0,94077.0,7884.0,0.2,639.0,10310.0,0.302,0,5,0,-1.335,0
28.0,53674.0,4457.0,0.4,666.0,27249.0,0.47,0,5,0,0.402,0
34.0,69851.0,5725.0,13.7,578.0,22890.0,0.259,3,2,0,-0.058,1
47.0,56159.0,4690.0,19.7,816.0,39861.0,0.273,1,3,0,-2.32,1
57.0,58172.0,4799.0,14.5,494.0,6497.0,0.236,2,2,1,1.52,0
23.0,119446.0,9963.0,0.0,764.0,61852.0,0.304,0,5,0,-1.017,0
42.0,94454.0,8044.0,3.7,692.0,54515.0,0.331,0,2,1,0.111,0
27.0,57001.0,4631.0,0.1,527.0,28980.0,0.231,1,3,0,0.383,1
43.0,60572.0,5267.0,9.2,807.0,33953.0,0.445,0,3,0,0.017,0
37.0,40105.0,3337.0,9.2,701.0,9505.0,0.225,1,1,0,0.783,0
21.0,50881.0,4275.0,0.2,495.0,31820.0,0.35,5,3,1,0.87,1
48.0,63216.0,5189.0,18.1,639.0,29458.0,0.303,0,1,0,0.189,0
31.0,80649.0,6874.0,10.8,703.0,51699.0,0.424,1,3,0,-0.956,0
32.0,77052.0,6405.0,12.0,786.0,10889.0,0.22,1,1,0,0.101,0
26.0,33387.0,2760.0,5.2,634.0,4850.0,0.357,0,3,0,1.174,0
31.0,85368.0,7032.0,4.8,477.0,29592.0,0.542,2,2,0,-0.131,1
43.0,52846.0,4380.0,12.4,768.0,18094.0,0.156,1,1,0,-1.465,0
36.0,35275.0,2964.0,8.0,699.0,5163.0,0.21,0,4,0,1.141,0
42.0,100354.0,8392.0,3.4,505.0,11130.0,0.508,1,5,1,-0.464,1
42.0,106251.0,8847.0,18.8,693.0,11749.0,0.287,0,4,0,0.879,0
53.0,61931.0,5087.0,22.0,702.0,5529.0,0.311,0,3,0,-0.551,0
34.0,75663.0,6208.0,9.1,642.0,5664.0,0.267,2,3,0,0.511,0
22.0,77687.0,6414.0,0.4,602.0,50948.0,0.465,5,2,1,-0.265,0
50.0,103072.0,8668.0,4.6,620.0,77432.0,0.139,1,2,0,-0.623,0
34.0,76322.0,6444.0,12.5,643.0,28182.0,0.424,1,2,0,0.489,0
50.0,30261.0,2562.0,5.4,688.0,5751.0,0.152,2,2,0,-0.794,0
42.0,135877.0,11323.0,1.6,716.0,40257.0,0.143,0,1,1,-1.742,0
37.0,88844.0,7460.0,10.4,515.0,58982.0,0.191,3,1,0,0.72,0
42.0,43731.0,3632.0,15.4,686.0,32664.0,0.287,0,2,0,-0.581,0
59.0,34605.0,2783.0,4.7,697.0,7925.0,0.229,1,1,0,0.283,0
61.0,69027.0,5727.0,8.4,676.0,5036.0,0.223,0,3,0,0.244,0
39.0,48527.0,4014.0,14.8,639.0,13659.0,0.207,1,0,1,0.679,0
40.0,63805.0,5207.0,18.4,769.0,21631.0,0.209,0,1,0,0.899,0
50.0,76851.0,6332.0,14.2,761.0,4016.0,0.207,1,1,1,0.486,0
29.0,42625.0,3562.0,6.9,638.0,23915.0,0.323,2,3,0,0.619,1
42.0,33284.0,2711.0,6.9,658.0,4772.0,0.236,0,2,0,0.91,0
38.0,65428.0,5375.0,12.5,720.0,7287.0,0.033,0,6,0,-0.542,0
41.0,43263.0,3717.0,12.0,756.0,25497.0,0.296,1,4,0,-0.62,0
29.0,58737.0,4738.0,7.4,607.0,36892.0,0.375,1,4,1,0.596,0
21.0,30049.0,2495.0,0.8,587.0,5650.0,0.272,1,4,0,-1.705,0
21.0,49100.0,3996.0,0.3,679.0,30754.0,0.174,1,0,0,-1.269,0
26.0,75873.0,6228.0,0.9,582.0,20722.0,0.375,0,2,0,-1.671,1
33.0,72241.0,5996.0,10.5,529.0,20306.0,0.163,1,2,0,1.107,0
35.0,38574.0,3151.0,0.5,603.0,5471.0,0.268,3,2,1,1.084,1
59.0,32512.0,2740.0,26.7,703.0,7149.0,0.298,1,0,1,0.824,0
50.0,55392.0,4741.0,14.4,776.0,4380.0,0.408,1,3,0,0.045,0
27.0,70796.0,5999.0,0.6,611.0,39219.0,0.358,1,4,0,-0.453,1
42.0,66000.0,5613.0,15.0,659.0,45443.0,0.324,1,3,0,-0.229,0
34.0,43679.0,3539.0,6.5,674.0,3768.0,0.393,0,3,0,0.38,0
35.0,62888.0,5215.0,12.8,621.0,15191.0,0.184,0,4,0,0.694,0
40.0,108136.0,9096.0,4.2,611.0,33485.0,0.458,2,0,0,-1.114,1
45.0,60319.0,5114.0,0.1,683.0,20774.0,0.02,2,0,1,0.714,0
34.0,26375.0,2275.0,1.9,577.0,17623.0,0.443,3,1,0,1.079,1
50.0,60266.0,5130.0,8.0,610.0,4951.0,0.216,3,2,0,0.815,0
25.0,137981.0,11705.0,3.5,648.0,70451.0,0.338,1,4,0,-1.488,1
38.0,30815.0,2703.0,6.6,686.0,13842.0,0.445,1,1,0,0.741,0
67.0,55741.0,4654.0,5.5,557.0,37840.0,0.356,2,1,0,-0.079,1
40.0,49674.0,4116.0,20.1,661.0,13879.0,0.337,1,3,1,1.56,0
54.0,57425.0,4802.0,3.7,571.0,7257.0,0.387,1,0,0,-0.128,0
39.0,60024.0,4910.0,6.7,615.0,8880.0,0.152,2,1,0,1.102,0
44.0,91865.0,7666.0,21.4,726.0,48039.0,0.167,0,2,0,1.464,0
37.0,57139.0,4597.0,11.3,661.0,26245.0,0.327,0,0,0,0.812,0
36.0,97719.0,8057.0,5.2,779.0,48294.0,0.28,0,5,0,-0.549,1
29.0,52164.0,4337.0,9.1,660.0,7972.0,0.269,2,2,0,0.483,0
43.0,46982.0,3990.0,11.4,733.0,3846.0,0.424,1,4,0,-0.806,0
29.0,40699.0,3467.0,0.1,716.0,19327.0,0.415,0,4,0,-0.56,0
45.0,24280.0,1984.0,0.2,659.0,2690.0,0.208,0,1,0,1.163,0
50.0,62267.0,5404.0,28.2,582.0,46528.0,0.344,1,2,0,0.048,1
42.0,138606.0,11585.0,6.2,656.0,90439.0,0.144,1,5,0,-0.139,0
35.0,67595.0,5660.0,12.1,629.0,12503.0,0.141,1,4,0,1.652,0
43.0,74916.0,6041.0,1.0,621.0,37337.0,0.211,2,8,0,1.403,0
35.0,45671.0,3759.0,2.1,672.0,6806.0,0.295,0,3,0,-1.076,0
48.0,49273.0,4192.0,24.2,571.0,37060.0,0.235,5,1,1,0.11,1
21.0,85663.0,7163.0,1.0,599.0,42154.0,0.345,1,3,1,-0.391,0
34.0,135808.0,11342.0,0.7,590.0,39156.0,0.298,4,1,1,-0.24,0
21.0,107438.0,8994.0,0.2,642.0,60197.0,0.411,0,3,0,1.05,1
22.0,79019.0,6395.0,1.1,607.0,4101.0,0.355,0,3,0,0.682,1
53.0,55877.0,4647.0,17.5,620.0,14857.0,0.196,3,4,0,-1.583,0
48.0,60443.0,5179.0,11.3,675.0,13638.0,0.39,1,5,0,1.128,0
30.0,39183.0,3336.0,2.0,630.0,12132.0,0.214,2,0,0,-0.455,0
21.0,28664.0,2383.0,1.4,661.0,3267.0,0.341,1,0,0,0.44,0
21.0,33125.0,2847.0,0.2,582.0,25704.0,0.251,1,2,0,0.691,1
32.0,56246.0,4569.0,3.2,604.0,22550.0,0.432,1,1,0,0.756,0
65.0,48228.0,3941.0,14.5,810.0,33388.0,0.373,2,1,0,-0.562,0
43.0,28391.0,2454.0,3.2,613.0,2687.0,0.231,2,3,0,0.445,0
32.0,54084.0,4559.0,6.4,516.0,36973.0,0.261,2,5,0,0.861,1
43.0,47657.0,3949.0,7.9,688.0,25724.0,0.627,0,1,0,-0.128,0
21.0,32445.0,2701.0,0.6,611.0,18139.0,0.174,2,2,1,-0.452,0
35.0,46561.0,3817.0,5.4,680.0,30486.0,0.228,0,0,0,-1.001,0
39.0,47603.0,3989.0,2.2,655.0,21162.0,0.233,0,1,0,1.808,0
37.0,41673.0,3486.0,14.9,706.0,21899.0,0.184,0,3,0,-1.194,0
47.0,83457.0,6958.0,13.6,660.0,60493.0,0.195,0,4,0,-0.923,0
42.0,23360.0,1902.0,7.0,648.0,3360.0,0.289,2,3,0,0.238,0
45.0,22505.0,1885.0,0.4,741.0,2065.0,0.348,0,2,0,-0.988,0
30.0,55081.0,4542.0,6.2,508.0,43350.0,0.141,4,1,0,1.805,1
48.0,57431.0,4692.0,21.8,578.0,40841.0,0.25,1,4,1,-1.21,1
56.0,65972.0,5637.0,23.3,614.0,28730.0,0.22,2,2,1,0.192,0
27.0,43155.0,3752.0,5.8,544.0,27428.0,0.183,0,0,0,0.929,1
28.0,36389.0,3150.0,1.3,627.0,25889.0,0.4,2,2,0,-1.197,1
53.0,54819.0,4628.0,31.8,635.0,21935.0,0.223,1,2,0,-0.797,0
36.0,45088.0,3737.0,3.4,730.0,5567.0,0.163,0,5,0,0.124,0
53.0,110533.0,9198.0,8.9,658.0,45372.0,0.388,1,3,1,-0.651,0
33.0,47533.0,3993.0,6.7,648.0,14903.0,0.425,0,1,0,0.425,0
54.0,53699.0,4437.0,0.2,633.0,3617.0,0.324,3,4,0,-0.217,0
39.0,167548.0,14331.0,8.6,591.0,128892.0,0.206,0,5,0,0.112,1
41.0,50385.0,4028.0,4.1,724.0,29568.0,0.272,1,0,0,0.685,1
55.0,70641.0,5852.0,26.4,758.0,45165.0,0.234,0,4,0,-0.87,0
34.0,73565.0,6229.0,10.6,580.0,36604.0,0.295,1,2,1,0.008,1
28.0,76437.0,6262.0,4.7,776.0,19253.0,0.372,0,0,0,-0.226,0
33.0,62652.0,5196.0,5.5,616.0,30607.0,0.297,1,1,0,-0.904,1
43.0,60013.0,5060.0,7.1,611.0,33620.0,0.3,1,2,0,0.814,0
21.0,57540.0,4941.0,0.8,694.0,28655.0,0.249,1,2,0,-1.654,1
45.0,42442.0,3445.0,12.7,706.0,6169.0,0.366,0,3,0,-1.355,0
32.0,63677.0,5161.0,6.0,658.0,42037.0,0.337,4,2,0,0.684,1
51.0,137033.0,11203.0,3.5,637.0,37433.0,0.116,2,2,1,-1.407,0
21.0,94835.0,7660.0,0.2,742.0,32960.0,0.122,1,2,0,1.714,0
29.0,63061.0,5101.0,3.4,618.0,29199.0,0.267,1,2,1,-1.466,0
21.0,80839.0,6606.0,0.7,656.0,63315.0,0.397,2,1,0,1.519,1
29.0,37196.0,3176.0,7.5,782.0,10578.0,0.417,0,7,0,0.912,1
41.0,48916.0,4051.0,20.6,577.0,3982.0,0.376,0,0,0,-1.596,0
36.0,84256.0,7026.0,6.9,631.0,65665.0,0.285,1,0,0,0.035,1
35.0,107400.0,8779.0,6.9,735.0,82495.0,0.446,0,3,0,-1.417,0
36.0,38879.0,3281.0,12.4,703.0,7726.0,0.228,1,1,0,-0.825,0
40.0,44244.0,3825.0,6.5,726.0,29722.0,0.266,0,4,1,-0.47,0
27.0,146783.0,12015.0,3.7,569.0,108577.0,0.158,2,4,1,-2.067,0
46.0,57435.0,4951.0,17.5,691.0,3431.0,0.265,0,3,0,-0.718,0
45.0,124942.0,10488.0,6.0,643.0,76972.0,0.214,2,1,0,-0.245,0
42.0,60366.0,5032.0,6.2,822.0,11162.0,0.454,0,2,0,-0.238,0
44.0,61443.0,5161.0,8.6,721.0,41191.0,0.434,1,5,1,-1.42,0
41.0,47936.0,4026.0,12.3,665.0,3150.0,0.306,0,1,0,-0.492,0
60.0,84056.0,7265.0,10.9,685.0,47780.0,0.347,1,4,0,0.177,0
37.0,101325.0,8532.0,3.5,666.0,67136.0,0.24,2,1,0,0.721,1
35.0,34521.0,2908.0,2.2,710.0,2649.0,0.046,0,2,0,2.503,0
30.0,46933.0,3878.0,7.9,604.0,28995.0,0.224,1,2,1,1.109,1
27.0,83023.0,7035.0,5.9,759.0,11546.0,0.375,1,4,0,-0.929,0
24.0,51885.0,4241.0,3.9,569.0,5672.0,0.344,2,8,0,-0.541,1
28.0,44049.0,3679.0,6.8,678.0,32618.0,0.261,2,2,0,0.367,1
37.0,86628.0,7635.0,2.4,603.0,64302.0,0.374,1,3,0,1.267,1
42.0,90368.0,7153.0,2.1,664.0,54750.0,0.253,2,1,1,1.741,0
39.0,44925.0,3761.0,9.3,734.0,32241.0,0.186,2,3,1,-1.731,1
30.0,60515.0,5070.0,5.0,543.0,3784.0,0.374,5,2,1,0.989,0
48.0,31929.0,2649.0,20.4,658.0,13850.0,0.239,1,3,0,-1.29,0
46.0,36758.0,3051.0,5.8,562.0,25868.0,0.403,2,1,1,-0.283,0
36.0,58161.0,4856.0,15.1,648.0,41851.0,0.1,1,2,0,0.975,0
31.0,55783.0,4625.0,3.4,561.0,18144.0,0.243,3,0,0,-0.834,0
44.0,35596.0,2980.0,13.9,678.0,10446.0,0.36,2,3,0,-0.48,0
40.0,39851.0,3289.0,17.3,639.0,22914.0,0.349,2,4,0,1.92,1
22.0,34058.0,2953.0,1.1,713.0,3240.0,0.278,0,1,0,1.613,0
37.0,67499.0,5597.0,13.0,752.0,42888.0,0.329,1,1,0,0.459,1
41.0,22689.0,1912.0,15.6,669.0,5383.0,0.314,0,2,0,-1.852,0
28.0,34887.0,2868.0,6.4,726.0,15392.0,0.151,0,3,0,-1.645,0
40.0,23784.0,2019.0,16.3,765.0,4624.0,0.264,0,3,0,0.128,0
22.0,66413.0,5616.0,0.8,596.0,39899.0,0.323,1,0,1,0.466,1
53.0,24437.0,2054.0,11.9,766.0,18752.0,0.351,0,2,1,0.259,0
52.0,55791.0,4554.0,25.5,670.0,25420.0,0.293,0,2,1,-1.035,0
35.0,115021.0,9441.0,8.8,596.0,87766.0,0.245,1,1,1,-0.06,1
42.0,116790.0,10061.0,13.4,688.0,41058.0,0.167,0,1,0,1.031,0
21.0,24402.0,2002.0,0.4,655.0,6462.0,0.375,2,2,1,-0.163,1
25.0,62904.0,5309.0,1.1,562.0,42709.0,0.364,2,4,0,-0.914,1
35.0,35244.0,2882.0,6.7,586.0,2765.0,0.399,3,3,1,0.083,0
26.0,32150.0,2733.0,6.0,778.0,8387.0,0.192,0,2,0,0.476,0
46.0,52262.0,4295.0,7.5,683.0,29678.0,0.312,1,1,0,-0.361,0
60.0,95590.0,7812.0,10.9,769.0,18323.0,0.231,2,4,1,0.305,0
25.0,72037.0,5918.0,0.7,631.0,51711.0,0.305,1,6,1,-0.182,0
29.0,39866.0,3285.0,4.2,606.0,16410.0,0.591,1,3,0,-1.446,1
41.0,75535.0,6346.0,5.9,545.0,17708.0,0.39,3,2,0,-0.33,0
56.0,20039.0,1672.0,24.5,740.0,6582.0,0.224,0,3,0,1.006,0
25.0,39193.0,3195.0,0.6,689.0,10300.0,0.275,0,2,0,-0.392,0
41.0,37962.0,3162.0,5.1,634.0,21854.0,0.264,1,5,0,2.022,0
58.0,56973.0,4639.0,2.4,606.0,7545.0,0.312,0,1,0,-1.871,0
21.0,50202.0,4237.0,0.0,739.0,34652.0,0.148,2,7,0,0.423,0
24.0,51608.0,4372.0,3.2,649.0,8341.0,0.332,1,6,0,0.594,0
33.0,50841.0,4235.0,12.1,654.0,13313.0,0.088,2,3,1,-1.108,0
32.0,55557.0,4655.0,9.4,623.0,28891.0,0.133,2,1,1,-0.051,0
47.0,70133.0,6049.0,23.3,643.0,22138.0,0.5,0,3,0,-2.215,0
41.0,58823.0,4886.0,1.8,699.0,25443.0,0.264,1,0,1,0.053,0
21.0,48394.0,3957.0,0.9,561.0,23076.0,0.443,1,3,0,-0.445,1
44.0,65899.0,5555.0,11.0,671.0,16097.0,0.219,0,5,0,0.354,0
32.0,79765.0,6497.0,9.0,731.0,35970.0,0.09,2,2,0,0.577,0
52.0,42825.0,3554.0,19.7,664.0,32312.0,0.195,1,2,1,-0.203,0
31.0,53549.0,4409.0,3.9,736.0,2777.0,0.569,0,6,1,-1.159,0
31.0,92776.0,7623.0,2.9,755.0,46126.0,0.159,0,3,0,-1.361,0
44.0,33485.0,2776.0,2.8,725.0,9716.0,0.478,0,1,0,-1.137,0
46.0,123897.0,10511.0,10.9,628.0,86299.0,0.335,2,4,1,0.303,0
43.0,30106.0,2564.0,11.3,663.0,3686.0,0.312,2,1,0,0.28,0
21.0,47083.0,3996.0,1.0,685.0,4495.0,0.225,1,2,0,-2.252,0
44.0,35864.0,3009.0,0.9,628.0,12684.0,0.21,3,4,0,1.818,1
27.0,147216.0,12205.0,3.9,627.0,81750.0,0.356,1,2,0,0.296,0
41.0,43852.0,3482.0,10.8,626.0,2405.0,0.432,1,1,1,-0.497,0
22.0,43902.0,3685.0,0.1,838.0,28906.0,0.32,0,3,0,-0.755,0
43.0,46549.0,3702.0,7.6,645.0,14076.0,0.374,1,3,0,-0.443,0
29.0,57418.0,4601.0,3.9,737.0,42500.0,0.257,0,2,1,1.188,0
24.0,47443.0,3941.0,1.9,600.0,34602.0,0.517,0,2,0,0.8,1
46.0,51807.0,4340.0,6.0,782.0,32269.0,0.324,0,3,0,-0.106,0
41.0,15000.0,1239.0,0.7,634.0,9041.0,0.503,2,0,0,1.007,1
31.0,56433.0,4847.0,3.3,665.0,28251.0,0.203,2,2,1,0.777,0
54.0,55442.0,4663.0,28.4,546.0,35808.0,0.295,4,6,0,-0.199,1
33.0,87767.0,7277.0,10.6,743.0,16111.0,0.407,1,2,0,1.094,0
38.0,99128.0,8490.0,3.3,755.0,65705.0,0.314,1,2,0,1.279,0
41.0,50545.0,4344.0,13.5,584.0,23954.0,0.352,2,1,0,1.17,0
31.0,79411.0,6685.0,10.3,747.0,50544.0,0.202,0,4,0,0.555,0
43.0,33503.0,2749.0,4.0,568.0,14083.0,0.259,5,1,1,0.519,1
32.0,77683.0,6402.0,1.6,705.0,40645.0,0.212,0,0,0,-0.87,0
33.0,42509.0,3440.0,0.3,640.0,13016.0,0.291,1,0,0,-1.942,0
53.0,32273.0,2687.0,5.7,756.0,11886.0,0.281,1,3,0,0.265,0
27.0,50593.0,4128.0,5.3,680.0,16371.0,0.247,0,4,0,-0.235,0
21.0,103291.0,8551.0,0.8,726.0,62537.0,0.363,1,2,0,-0.39,0
56.0,59667.0,4998.0,19.3,756.0,11958.0,0.193,0,0,0,-1.394,0
66.0,107851.0,8631.0,15.4,647.0,80661.0,0.085,0,4,0,0.742,0
34.0,39268.0,3190.0,10.9,663.0,26386.0,0.243,2,3,0,-0.185,0
21.0,88135.0,7270.0,0.2,582.0,61368.0,0.515,0,6,0,-1.035,1
35.0,41012.0,3414.0,2.0,640.0,30164.0,0.351,3,2,0,-0.683,1
35.0,60869.0,5022.0,1.3,796.0,22949.0,0.215,1,3,0,-1.086,0
36.0,60633.0,5025.0,13.5,720.0,43591.0,0.345,0,5,0,-0.32,1
26.0,74070.0,6085.0,4.1,589.0,28374.0,0.287,2,2,0,-0.015,0
44.0,61569.0,4982.0,15.2,782.0,7770.0,0.339,0,3,0,0.477,0
44.0,39437.0,3251.0,17.3,696.0,3438.0,0.388,0,4,0,-1.83,0
22.0,81734.0,6782.0,0.2,718.0,7984.0,0.319,1,1,1,0.135,0
46.0,119890.0,9929.0,9.9,699.0,22900.0,0.312,0,4,1,-1.552,0
61.0,42293.0,3532.0,33.0,706.0,13528.0,0.449,1,0,1,-0.429,0
40.0,24082.0,2024.0,18.2,529.0,18891.0,0.354,5,2,1,0.414,1
34.0,68857.0,5816.0,7.3,741.0,15899.0,0.319,2,3,0,-0.234,0
36.0,47385.0,3899.0,2.0,503.0,34816.0,0.304,1,1,0,-2.064,1
45.0,51849.0,4185.0,24.2,743.0,34108.0,0.243,0,4,0,-0.477,0
21.0,70641.0,6036.0,0.4,667.0,49155.0,0.175,0,2,0,1.56,0
40.0,44789.0,3761.0,6.3,722.0,28601.0,0.367,0,3,0,1.027,0
34.0,48733.0,3984.0,1.6,672.0,38003.0,0.428,0,5,1,2.44,0
58.0,52577.0,4406.0,0.5,733.0,7353.0,0.343,1,2,1,0.064,0
36.0,106562.0,9070.0,9.7,666.0,43609.0,0.357,2,2,0,-0.728,0
56.0,55749.0,4806.0,22.3,691.0,17122.0,0.211,2,1,0,-0.406,0
26.0,31541.0,2642.0,1.4,689.0,8301.0,0.24,0,1,0,0.158,0
44.0,32111.0,2733.0,4.0,793.0,12366.0,0.172,1,2,0,-0.305,1
42.0,58556.0,4762.0,11.4,708.0,24049.0,0.275,0,2,1,0.701,0
28.0,33085.0,2755.0,3.7,570.0,26120.0,0.398,4,0,0,0.539,1
40.0,27229.0,2254.0,6.1,624.0,6767.0,0.23,0,1,0,-1.442,0
51.0,73209.0,6143.0,6.8,705.0,53718.0,0.293,3,1,0,0.867,1
34.0,74840.0,6438.0,12.4,754.0,13114.0,0.37,0,5,0,0.163,0
21.0,46603.0,3903.0,1.0,610.0,25575.0,0.421,1,2,1,1.58,1
38.0,62770.0,5133.0,6.3,820.0,17517.0,0.135,0,2,1,1.011,0
28.0,59859.0,4862.0,5.6,675.0,46108.0,0.252,0,4,1,1.112,0
34.0,72127.0,6208.0,12.3,696.0,37936.0,0.226,0,5,0,-0.079,0
37.0,72202.0,6079.0,0.5,572.0,7087.0,0.212,2,1,1,-1.312,0
21.0,17026.0,1432.0,0.9,739.0,12644.0,0.262,1,5,0,1.316,1
21.0,49358.0,4085.0,0.5,629.0,13345.0,0.105,2,4,1,0.752,0
43.0,69435.0,5817.0,13.0,614.0,51767.0,0.263,1,2,0,1.697,0
32.0,45724.0,3735.0,6.6,641.0,2749.0,0.304,2,3,0,-0.474,0
21.0,55903.0,4695.0,0.2,757.0,11964.0,0.196,1,4,0,0.353,0
47.0,77103.0,6274.0,20.8,703.0,19954.0,0.252,0,6,1,0.06,0
41.0,57040.0,4719.0,15.4,605.0,32284.0,0.302,3,3,0,-0.635,0
30.0,108407.0,8918.0,1.0,623.0,70298.0,0.312,1,1,0,-1.64,1
24.0,91330.0,7115.0,2.0,760.0,47726.0,0.137,3,1,0,-0.324,1
47.0,52142.0,4315.0,26.0,656.0,5033.0,0.37,1,3,0,-0.785,0
42.0,50310.0,4117.0,19.0,709.0,18878.0,0.372,0,1,0,1.264,0
64.0,15252.0,1266.0,27.7,730.0,6413.0,0.226,0,1,0,0.365,0
43.0,47485.0,3957.0,4.5,423.0,15150.0,0.468,6,4,0,-0.485,1
42.0,29915.0,2581.0,7.7,752.0,10909.0,0.346,0,2,0,1.203,0
36.0,60757.0,5094.0,2.4,602.0,25030.0,0.331,5,3,1,0.908,1
47.0,58917.0,4943.0,22.2,646.0,27426.0,0.368,1,3,0,0.176,1
45.0,75224.0,6331.0,19.4,777.0,39358.0,0.197,0,1,0,0.013,1
52.0,103114.0,8743.0,28.9,776.0,21406.0,0.265,1,3,0,-0.933,0
32.0,54354.0,4571.0,0.8,695.0,39475.0,0.362,0,3,0,0.235,0
33.0,153472.0,12861.0,12.7,717.0,102966.0,0.22,0,0,0,-0.13,0
33.0,61065.0,5161.0,12.3,735.0,39079.0,0.265,1,4,1,1.214,1
47.0,30500.0,2418.0,18.0,769.0,19959.0,0.36,0,3,0,0.482,0
54.0,42709.0,3708.0,30.4,784.0,18967.0,0.331,1,3,0,-0.287,0
33.0,46507.0,3999.0,5.7,670.0,35568.0,0.302,0,4,0,1.331,0
33.0,71793.0,6009.0,4.2,610.0,23294.0,0.306,2,4,0,-0.539,0
41.0,35912.0,2908.0,3.3,644.0,13107.0,0.283,0,3,1,-0.395,0
35.0,48098.0,4105.0,0.5,669.0,31851.0,0.385,0,2,0,0.147,1
48.0,51155.0,4204.0,1.2,657.0,35898.0,0.509,1,4,0,0.676,1
21.0,44956.0,3786.0,0.7,589.0,17386.0,0.329,1,1,1,0.462,1
29.0,79239.0,6434.0,3.0,692.0,54359.0,0.428,1,2,1,1.871,0
29.0,73400.0,6389.0,0.5,551.0,38530.0,0.256,2,1,0,0.636,1
21.0,92971.0,7524.0,0.1,666.0,31705.0,0.232,0,3,0,-1.752,0
27.0,47388.0,3954.0,4.9,673.0,34552.0,0.221,0,3,1,0.264,0
28.0,94488.0,7540.0,7.4,672.0,40383.0,0.208,2,3,0,0.139,0
36.0,29771.0,2479.0,6.4,723.0,20448.0,0.271,1,2,0,-0.831,1
50.0,29446.0,2433.0,23.5,722.0,19414.0,0.389,0,1,0,-0.137,0
35.0,31853.0,2715.0,14.9,823.0,3901.0,0.4,1,3,0,-1.263,0
27.0,55228.0,4563.0,4.7,626.0,38845.0,0.249,0,2,0,0.322,0
37.0,94481.0,8053.0,12.6,686.0,16234.0,0.268,0,2,0,-0.075,0
50.0,41945.0,3424.0,18.2,684.0,27701.0,0.3,2,4,0,-0.935,1
27.0,44381.0,3678.0,7.1,675.0,27369.0,0.323,2,6,0,-0.446,0
28.0,49905.0,4137.0,2.4,573.0,30087.0,0.359,0,2,0,1.239,1
44.0,71172.0,5990.0,18.9,587.0,52714.0,0.26,2,2,0,0.141,0
36.0,44363.0,3724.0,6.5,664.0,22200.0,0.28,1,5,0,-0.27,0
45.0,43263.0,3657.0,3.9,552.0,13150.0,0.435,3,3,0,-0.683,1
38.0,30021.0,2515.0,13.2,643.0,14857.0,0.272,1,2,0,0.633,0
46.0,42524.0,3591.0,21.3,625.0,24328.0,0.243,0,3,0,0.853,0
27.0,93428.0,7646.0,5.7,642.0,30221.0,0.291,0,4,0,0.761,0
38.0,57297.0,4812.0,16.5,747.0,13793.0,0.308,0,2,0,0.673,0
36.0,39425.0,3391.0,11.7,590.0,16451.0,0.146,1,3,0,1.078,0
25.0,95928.0,7725.0,2.4,722.0,69426.0,0.256,0,4,0,-0.305,0
21.0,42266.0,3557.0,0.9,620.0,22099.0,0.342,2,3,0,-0.696,1
46.0,104200.0,8801.0,5.4,631.0,75331.0,0.5,2,1,0,0.387,0
34.0,103436.0,8872.0,1.1,693.0,42030.0,0.247,0,2,0,0.144,0
27.0,56404.0,4769.0,2.9,642.0,42881.0,0.376,0,3,0,-0.216,0
37.0,28022.0,2340.0,9.9,602.0,18037.0,0.318,1,1,1,0.085,0
50.0,154101.0,12952.0,20.7,644.0,48686.0,0.416,1,3,0,2.025,0
21.0,65471.0,5376.0,0.8,536.0,25283.0,0.238,2,3,1,0.379,1
22.0,47541.0,3931.0,0.0,687.0,37953.0,0.41,0,2,1,0.775,0
28.0,84571.0,6859.0,6.3,446.0,64720.0,0.44,5,1,0,-1.41,1
54.0,75442.0,6474.0,20.4,732.0,26984.0,0.444,0,2,0,1.213,0
41.0,99212.0,8342.0,20.1,713.0,66985.0,0.443,1,2,0,0.085,0
46.0,40824.0,3340.0,9.2,777.0,29895.0,0.319,0,1,0,0.176,0
25.0,63475.0,5318.0,3.4,814.0,15159.0,0.358,0,4,0,-0.214,0
26.0,32256.0,2750.0,4.4,728.0,14135.0,0.258,0,0,0,-1.173,0
43.0,74231.0,6309.0,11.8,622.0,45861.0,0.078,1,0,0,-1.532,1
39.0,54435.0,4452.0,2.9,814.0,5860.0,0.326,0,3,0,-0.778,0
44.0,62414.0,4875.0,1.2,577.0,40835.0,0.284,2,5,0,3.528,1
36.0,51495.0,4325.0,1.8,528.0,10726.0,0.396,0,0,0,1.543,1
41.0,49126.0,4021.0,10.4,795.0,20104.0,0.386,0,1,0,0.165,0
40.0,37212.0,3140.0,12.6,708.0,12332.0,0.194,2,2,0,0.407,0
47.0,78494.0,6666.0,15.2,536.0,47499.0,0.534,5,2,0,1.518,1
47.0,107522.0,9160.0,19.2,575.0,24179.0,0.339,3,3,1,0.235,0
21.0,42813.0,3692.0,0.0,699.0,17115.0,0.172,0,0,1,-1.889,0
21.0,70557.0,6025.0,0.1,599.0,17582.0,0.186,3,2,0,1.287,1
49.0,66808.0,5762.0,22.1,620.0,6086.0,0.082,0,1,0,0.069,0
51.0,55201.0,4727.0,24.3,810.0,37682.0,0.376,0,1,0,0.235,0
27.0,27670.0,2373.0,4.8,813.0,6043.0,0.247,0,5,0,-0.02,0
21.0,30619.0,2549.0,0.7,671.0,6868.0,0.216,2,5,0,-0.207,0
39.0,38702.0,3142.0,18.4,659.0,3292.0,0.236,1,2,0,0.81,0
48.0,21005.0,1837.0,26.7,737.0,8970.0,0.27,1,4,0,0.16,0
58.0,103642.0,8648.0,24.3,633.0,26089.0,0.358,2,2,1,0.239,0
44.0,64897.0,5541.0,7.6,508.0,30769.0,0.136,2,1,0,-0.839,0
34.0,54263.0,4472.0,0.2,467.0,32159.0,0.193,2,1,0,2.337,0
28.0,20527.0,1744.0,5.2,657.0,1733.0,0.347,0,7,0,1.331,0
38.0,24206.0,1919.0,7.8,726.0,4850.0,0.241,0,5,0,1.029,0
35.0,54942.0,4541.0,2.2,662.0,18854.0,0.358,0,3,0,1.613,1
27.0,133494.0,11103.0,1.5,717.0,94757.0,0.25,0,5,0,0.165,1
61.0,40163.0,3378.0,38.0,743.0,5313.0,0.457,1,3,1,1.04,0
58.0,81129.0,6906.0,2.5,758.0,49316.0,0.321,0,3,0,0.867,0
50.0,44317.0,3612.0,24.0,685.0,33911.0,0.423,1,2,1,0.161,0
28.0,56384.0,4761.0,7.1,683.0,6104.0,0.352,0,2,0,-0.053,0
47.0,95006.0,8111.0,18.9,667.0,28479.0,0.358,1,5,0,0.006,0
45.0,47071.0,4107.0,1.5,643.0,29522.0,0.225,4,6,0,0.217,1
43.0,40318.0,3407.0,19.3,560.0,30294.0,0.417,1,3,0,-1.277,0
52.0,104112.0,8596.0,20.7,752.0,24471.0,0.322,0,2,0,0.668,0
45.0,56139.0,4559.0,6.9,637.0,29833.0,0.205,1,3,0,1.212,0
46.0,89871.0,7763.0,16.5,637.0,53803.0,0.089,1,2,1,-0.536,0
45.0,40406.0,3417.0,3.4,624.0,14264.0,0.314,1,2,0,-0.48,0
42.0,103579.0,8628.0,15.4,574.0,57191.0,0.451,3,1,0,-0.651,1
21.0,62207.0,5016.0,0.9,654.0,28730.0,0.209,1,1,1,-0.331,0
39.0,66886.0,5470.0,9.9,701.0,50357.0,0.206,0,2,0,-1.122,1
32.0,58356.0,4924.0,11.3,616.0,26496.0,0.268,0,0,0,-0.424,1
24.0,43810.0,3677.0,1.7,733.0,19165.0,0.41,1,3,1,1.047,0
56.0,54958.0,4402.0,31.3,650.0,30335.0,0.116,0,2,0,-1.051,0
57.0,45068.0,3803.0,28.6,567.0,7401.0,0.235,1,4,0,-0.181,0
53.0,84701.0,6837.0,2.9,758.0,37965.0,0.199,0,1,1,0.755,0
41.0,50197.0,4296.0,19.0,683.0,4418.0,0.356,0,1,0,0.398,0
53.0,28048.0,2347.0,29.9,735.0,14592.0,0.286,0,3,0,0.607,0
38.0,25831.0,2133.0,6.4,725.0,11650.0,0.265,0,2,0,0.555,0
40.0,25287.0,2149.0,16.1,602.0,17184.0,0.282,4,3,0,0.217,1
26.0,72633.0,6096.0,1.3,624.0,47086.0,0.378,1,0,1,-1.114,1
42.0,32758.0,2802.0,0.7,733.0,12265.0,0.412,3,5,1,0.104,0
39.0,62952.0,5254.0,3.9,790.0,34261.0,0.402,0,3,1,-0.61,0
24.0,58486.0,4887.0,1.8,665.0,16229.0,0.358,1,5,0,0.853,0
37.0,53422.0,4426.0,1.0,617.0,18210.0,0.438,2,7,0,-0.632,1
37.0,66995.0,5612.0,2.7,779.0,7270.0,0.207,0,2,0,1.025,0
58.0,59061.0,5089.0,35.9,634.0,7414.0,0.339,2,3,0,0.124,0
48.0,16248.0,1340.0,13.7,690.0,10789.0,0.535,0,3,0,0.507,1
38.0,47546.0,4014.0,14.9,638.0,37036.0,0.116,1,1,0,0.669,0
41.0,66595.0,5452.0,4.3,681.0,27765.0,0.247,0,2,1,1.397,1
38.0,115061.0,9192.0,1.6,595.0,16796.0,0.196,2,1,0,0.922,0
36.0,117477.0,9830.0,12.3,640.0,13657.0,0.329,1,0,0,-0.328,0
26.0,29782.0,2500.0,2.1,617.0,2503.0,0.444,1,6,0,0.754,0
36.0,46991.0,3907.0,7.5,710.0,33321.0,0.354,0,0,0,0.502,0
30.0,27183.0,2197.0,9.7,676.0,10374.0,0.278,4,1,1,0.98,0
24.0,108993.0,9138.0,1.3,722.0,77415.0,0.355,0,3,0,0.194,1
44.0,86758.0,7268.0,11.2,608.0,27946.0,0.271,3,0,1,1.599,0
42.0,64399.0,5271.0,14.2,652.0,31623.0,0.319,2,4,0,0.288,1
21.0,59268.0,4805.0,0.1,704.0,32916.0,0.362,0,4,0,-1.449,0
37.0,102372.0,8488.0,11.9,726.0,8960.0,0.475,0,5,1,0.203,0
49.0,94863.0,8008.0,13.1,565.0,53236.0,0.345,5,0,0,-0.729,1
50.0,92615.0,7782.0,5.2,685.0,60180.0,0.322,1,4,0,-0.299,0
49.0,67548.0,5530.0,12.6,609.0,4496.0,0.504,0,3,0,0.01,0
38.0,47002.0,3928.0,8.5,728.0,4424.0,0.104,0,2,0,0.604,0
29.0,77675.0,6588.0,5.6,793.0,34299.0,0.291,0,2,0,-0.276,0
26.0,79404.0,6462.0,5.7,480.0,61819.0,0.226,2,2,0,1.611,1
42.0,50478.0,4212.0,16.7,622.0,39370.0,0.276,4,3,0,0.184,0
42.0,46959.0,4018.0,8.5,683.0,6207.0,0.36,1,2,0,-0.131,0
52.0,91590.0,7438.0,31.2,675.0,56846.0,0.398,0,0,1,1.1,0
50.0,116301.0,9916.0,23.8,738.0,75013.0,0.248,2,6,1,0.393,0
37.0,39256.0,3377.0,0.5,666.0,27782.0,0.367,1,5,0,-1.325,1
24.0,48853.0,4053.0,0.5,623.0,4037.0,0.21,1,0,0,-1.004,0
34.0,64409.0,5331.0,3.2,590.0,50196.0,0.172,1,3,0,1.828,1
40.0,68464.0,5823.0,1.7,578.0,45616.0,0.307,0,5,0,0.1,0
36.0,43479.0,3610.0,7.7,612.0,21990.0,0.278,4,3,0,0.051,1
32.0,128370.0,10194.0,4.0,622.0,12853.0,0.449,1,3,1,1.363,0
41.0,66505.0,5531.0,20.2,697.0,15304.0,0.513,0,4,0,0.09,0
32.0,69857.0,5876.0,5.9,652.0,21654.0,0.239,2,3,0,-0.254,0
31.0,121368.0,10264.0,2.4,616.0,84113.0,0.119,2,2,0,0.114,0
41.0,44937.0,3679.0,20.8,600.0,27899.0,0.163,2,4,0,-0.249,0
34.0,52854.0,4381.0,7.0,614.0,39934.0,0.216,3,2,0,0.008,0
41.0,31291.0,2659.0,1.5,621.0,11481.0,0.321,0,2,1,0.204,0
41.0,50896.0,4236.0,1.7,608.0,37540.0,0.274,1,5,0,0.524,0
25.0,28143.0,2274.0,3.7,709.0,20313.0,0.174,0,3,1,-0.127,0
33.0,77005.0,6576.0,6.3,759.0,4918.0,0.479,1,2,0,0.048,0
54.0,66442.0,5513.0,21.1,588.0,15245.0,0.366,2,3,0,0.133,0
25.0,48553.0,4134.0,4.4,741.0,31555.0,0.476,2,2,1,2.476,0
21.0,52570.0,4259.0,0.7,709.0,28851.0,0.12,0,3,0,0.541,0
21.0,77478.0,6441.0,0.9,673.0,16826.0,0.427,3,2,0,-2.505,0
38.0,32991.0,2777.0,13.6,774.0,20985.0,0.285,1,1,0,-0.082,0
38.0,60293.0,5016.0,12.4,654.0,17329.0,0.261,1,1,0,-1.206,0
37.0,75348.0,6130.0,2.3,689.0,37795.0,0.302,1,2,0,-0.268,0
51.0,24663.0,1957.0,15.1,676.0,18522.0,0.23,0,1,0,-0.228,0
21.0,74855.0,6428.0,0.4,664.0,17195.0,0.286,1,0,0,-1.533,0
42.0,25894.0,2169.0,12.1,698.0,2370.0,0.395,0,2,0,1.869,0
55.0,52165.0,4449.0,13.8,670.0,28435.0,0.104,0,4,0,0.188,0
26.0,32584.0,2766.0,3.5,694.0,19430.0,0.45,1,1,0,1.074,0
34.0,104731.0,8832.0,5.4,616.0,29789.0,0.339,3,4,0,-0.637,0
30.0,32676.0,2705.0,5.4,618.0,13113.0,0.289,5,1,0,0.002,0
28.0,26174.0,2202.0,3.2,614.0,11145.0,0.394,0,7,0,0.757,1
34.0,58402.0,5006.0,13.0,641.0,38659.0,0.336,1,3,1,-1.186,1
54.0,45657.0,3811.0,12.6,737.0,26016.0,0.252,1,4,0,2.631,0
58.0,27946.0,2417.0,27.9,642.0,7119.0,0.223,1,4,0,1.26,0
34.0,69683.0,5633.0,8.8,710.0,17752.0,0.45,1,3,1,0.246,0
59.0,22447.0,1810.0,15.0,686.0,6593.0,0.152,2,3,0,-0.557,0
38.0,34502.0,2932.0,14.9,637.0,5502.0,0.28,0,4,1,0.249,0
57.0,42457.0,3480.0,34.6,769.0,6399.0,0.159,0,5,0,-2.128,0
37.0,78912.0,6845.0,12.9,718.0,52323.0,0.349,0,3,0,0.409,0
39.0,98523.0,8430.0,18.4,669.0,66383.0,0.29,0,0,0,1.521,0
42.0,90340.0,7767.0,9.6,659.0,22139.0,0.175,1,3,0,-1.41,0
70.0,51334.0,4354.0,40.0,687.0,35308.0,0.213,0,1,0,-0.543,0
47.0,18450.0,1509.0,24.0,565.0,8820.0,0.304,6,2,0,-0.861,0
30.0,65576.0,5283.0,7.8,606.0,38304.0,0.329,2,2,0,1.178,1
49.0,106601.0,9149.0,23.9,704.0,75722.0,0.106,1,1,0,0.548,0
34.0,95826.0,7746.0,10.2,554.0,26952.0,0.229,3,0,0,-0.559,1
33.0,67739.0,5824.0,6.5,611.0,37031.0,0.316,1,2,0,0.006,1
48.0,32203.0,2720.0,15.5,640.0,9062.0,0.421,2,4,0,0.193,0
38.0,43421.0,3613.0,7.7,850.0,31575.0,0.384,1,2,0,-1.143,0
41.0,131309.0,11039.0,14.0,714.0,36069.0,0.255,0,2,0,-1.05,0
38.0,29073.0,2445.0,5.9,740.0,15089.0,0.4,2,2,0,-0.46,0
42.0,32812.0,2723.0,16.1,612.0,6342.0,0.268,0,2,0,-0.863,0
43.0,84056.0,7204.0,11.5,691.0,27514.0,0.02,0,5,0,-0.1,0
21.0,45300.0,3880.0,0.4,537.0,14204.0,0.444,1,2,0,-0.782,0
45.0,32315.0,2701.0,3.7,639.0,19801.0,0.346,1,1,0,0.176,1
27.0,109390.0,9006.0,1.8,696.0,28983.0,0.319,0,3,0,-0.05,0
22.0,67681.0,5787.0,1.4,561.0,20004.0,0.301,1,1,0,0.649,1
37.0,46318.0,3704.0,6.4,691.0,2643.0,0.33,0,2,1,0.294,0
39.0,32843.0,2761.0,0.6,694.0,9422.0,0.301,0,3,1,-1.89,0
30.0,138195.0,11687.0,3.4,620.0,35117.0,0.271,1,4,0,-0.429,0
47.0,54398.0,4458.0,9.9,607.0,24939.0,0.235,1,3,0,0.512,0
23.0,103144.0,8763.0,0.8,610.0,36238.0,0.308,1,3,1,1.252,0
34.0,82226.0,6849.0,3.9,638.0,64576.0,0.212,1,3,1,1.201,0
32.0,43507.0,3586.0,8.2,642.0,19996.0,0.186,5,3,0,1.318,0
37.0,43663.0,3709.0,13.1,702.0,4566.0,0.327,0,5,0,0.14,1
41.0,105443.0,8596.0,20.2,633.0,69288.0,0.398,2,1,0,1.144,0
27.0,106215.0,9005.0,0.8,773.0,9554.0,0.22,0,2,0,1.899,0
46.0,23635.0,1891.0,8.1,776.0,16023.0,0.238,0,2,1,0.863,0
39.0,70438.0,5903.0,1.4,677.0,24942.0,0.13,1,4,0,0.341,0
21.0,52080.0,4344.0,0.6,636.0,5013.0,0.168,1,1,0,0.581,0
21.0,34548.0,2848.0,0.0,623.0,27052.0,0.172,2,2,0,-1.884,0
38.0,61875.0,5196.0,3.7,684.0,26085.0,0.397,1,1,0,-0.43,0
36.0,29965.0,2493.0,9.1,699.0,20709.0,0.126,0,2,0,-2.583,0
37.0,44586.0,3794.0,6.0,649.0,16293.0,0.346,1,1,0,-0.057,0
38.0,38399.0,3236.0,9.6,637.0,15214.0,0.273,1,2,0,-0.848,0
40.0,43923.0,3693.0,13.1,691.0,14133.0,0.361,1,1,0,-1.591,0
48.0,53259.0,4464.0,23.8,677.0,17399.0,0.417,1,1,0,0.465,0
26.0,34825.0,2875.0,2.3,621.0,22465.0,0.297,4,0,0,-0.693,0
25.0,111638.0,9247.0,1.4,669.0,8159.0,0.413,0,2,1,-0.158,0
26.0,68670.0,5751.0,3.2,619.0,28663.0,0.455,4,2,0,0.419,1
41.0,123333.0,10242.0,1.5,608.0,30731.0,0.435,1,2,0,-1.479,0
52.0,51177.0,4360.0,1.3,660.0,23927.0,0.233,1,1,0,0.728,0
33.0,42965.0,3587.0,6.0,623.0,9083.0,0.103,2,1,0,0.059,0
21.0,121343.0,10188.0,0.2,609.0,37806.0,0.288,1,3,0,0.514,0
21.0,42402.0,3434.0,0.0,733.0,19079.0,0.318,0,3,0,-0.77,0
29.0,50760.0,4310.0,6.0,636.0,30778.0,0.105,1,0,1,1.075,0
32.0,76047.0,6264.0,9.7,794.0,57756.0,0.306,1,4,0,0.025,0
34.0,31512.0,2571.0,2.0,705.0,7322.0,0.043,1,3,0,0.183,0
38.0,75748.0,6520.0,10.4,608.0,31222.0,0.455,4,3,1,-0.394,1
35.0,71510.0,6042.0,14.3,748.0,22274.0,0.348,0,0,0,-1.444,0
50.0,97371.0,8273.0,7.9,614.0,49126.0,0.218,2,3,0,0.08,1
31.0,82093.0,6903.0,7.7,802.0,26669.0,0.313,0,0,1,0.613,0
29.0,98724.0,8212.0,1.4,677.0,12116.0,0.325,2,1,0,-0.175,1
43.0,52334.0,4337.0,21.7,709.0,26732.0,0.348,0,1,1,-0.944,0
21.0,37305.0,3157.0,0.0,662.0,2860.0,0.307,0,1,0,-0.411,0
42.0,142142.0,12113.0,6.6,682.0,11696.0,0.394,1,5,0,0.553,0
39.0,27669.0,2303.0,18.7,653.0,19733.0,0.173,0,6,0,0.827,0
36.0,28945.0,2512.0,11.0,601.0,20340.0,0.287,1,4,0,0.947,1
55.0,70926.0,5887.0,7.5,688.0,33480.0,0.479,1,3,0,0.995,0
31.0,114271.0,9257.0,8.8,736.0,7256.0,0.265,0,2,1,-1.053,0
61.0,59897.0,4820.0,36.5,595.0,18408.0,0.324,1,2,0,0.427,0
36.0,86230.0,6943.0,7.6,772.0,26706.0,0.2,0,7,0,0.205,0
24.0,22404.0,1852.0,0.6,702.0,13233.0,0.516,0,3,0,-0.337,1
39.0,43927.0,3644.0,4.9,632.0,28945.0,0.329,3,4,0,-1.792,1
26.0,23666.0,1999.0,5.8,631.0,7471.0,0.174,3,3,0,-0.405,1
30.0,78141.0,6508.0,1.6,791.0,28623.0,0.409,1,0,0,1.763,0
42.0,27415.0,2323.0,7.0,729.0,5990.0,0.193,0,3,0,0.344,0
44.0,30948.0,2581.0,3.5,742.0,18443.0,0.368,0,4,0,-0.192,0
31.0,69314.0,5778.0,1.2,643.0,21617.0,0.403,2,1,0,-0.874,0
49.0,88691.0,7306.0,15.1,706.0,51362.0,0.503,1,1,0,0.649,0
51.0,51203.0,4388.0,12.2,691.0,29707.0,0.322,0,5,1,1.644,0
54.0,71087.0,5743.0,1.6,649.0,11883.0,0.305,1,3,0,0.603,0
44.0,70059.0,5873.0,3.5,669.0,50030.0,0.097,1,1,0,-1.192,1
53.0,49918.0,4145.0,1.2,738.0,33365.0,0.254,3,2,1,-0.958,1
21.0,33606.0,2844.0,0.0,772.0,16375.0,0.229,0,4,0,-1.152,0
35.0,70919.0,5907.0,2.6,644.0,8137.0,0.282,1,3,0,2.115,0
28.0,72474.0,6041.0,6.3,571.0,12715.0,0.248,5,1,0,0.268,0
39.0,82240.0,6817.0,0.3,775.0,9798.0,0.379,1,6,0,0.723,0
32.0,63292.0,5421.0,3.6,778.0,25172.0,0.244,1,2,1,0.373,0
36.0,32509.0,2709.0,9.1,693.0,8099.0,0.348,0,3,0,0.434,0
59.0,75037.0,6499.0,28.8,800.0,50507.0,0.288,0,4,0,-0.739,0
36.0,54966.0,4605.0,10.9,688.0,20720.0,0.238,1,4,0,-0.996,0
43.0,44261.0,3690.0,22.3,608.0,17221.0,0.229,1,2,0,-1.159,0
35.0,48171.0,4003.0,4.3,570.0,35716.0,0.323,2,4,0,-0.016,1
39.0,40315.0,3397.0,0.0,567.0,19485.0,0.437,5,2,1,-0.483,0
38.0,82049.0,6757.0,0.7,661.0,27938.0,0.227,1,1,0,-0.521,0
43.0,29055.0,2428.0,2.2,628.0,22883.0,0.305,2,2,1,0.105,0
51.0,35172.0,2932.0,30.1,635.0,13957.0,0.348,1,1,0,-1.647,0
56.0,47436.0,3979.0,20.6,663.0,22995.0,0.298,1,1,1,-1.224,0
41.0,113695.0,9541.0,17.1,729.0,38259.0,0.124,0,4,1,1.116,0
44.0,88390.0,7425.0,24.1,634.0,48783.0,0.348,0,2,0,1.356,0
25.0,26284.0,2194.0,4.5,612.0,16608.0,0.149,1,3,1,1.552,0
37.0,101032.0,8684.0,6.9,630.0,52686.0,0.151,3,1,0,-0.284,0
48.0,100945.0,8483.0,24.8,737.0,23855.0,0.17,0,5,0,-0.078,0
48.0,32428.0,2843.0,11.9,661.0,24539.0,0.284,1,2,0,1.107,0
40.0,17684.0,1475.0,2.3,681.0,7671.0,0.204,3,2,0,-1.575,1
48.0,53241.0,4522.0,15.2,776.0,35646.0,0.156,1,0,0,-0.213,0
43.0,91142.0,7485.0,21.4,850.0,5160.0,0.338,0,1,1,0.426,0
51.0,112550.0,9642.0,24.5,717.0,49333.0,0.297,0,3,1,-0.273,0
41.0,37168.0,3054.0,8.5,702.0,27939.0,0.376,0,2,1,1.097,0
34.0,120992.0,10175.0,12.0,583.0,68500.0,0.227,5,2,0,0.101,1
42.0,20181.0,1673.0,10.1,691.0,2737.0,0.294,0,3,0,-1.219,0
21.0,46605.0,3919.0,0.7,665.0,27147.0,0.38,0,5,1,-0.398,0
42.0,45585.0,3781.0,7.4,726.0,2793.0,0.169,0,2,0,-0.898,0
21.0,92378.0,7577.0,0.2,633.0,30162.0,0.234,3,1,1,1.049,0
21.0,98649.0,8176.0,0.3,674.0,22445.0,0.399,2,3,0,0.807,0
43.0,84499.0,7259.0,20.1,712.0,20188.0,0.302,0,2,0,0.755,1
43.0,29952.0,2519.0,23.0,804.0,2429.0,0.285,1,4,1,0.75,0
25.0,81086.0,6583.0,1.4,770.0,41585.0,0.296,0,4,0,0.904,0
30.0,69159.0,5889.0,1.7,749.0,41940.0,0.422,1,2,0,2.324,0
53.0,25927.0,2122.0,2.4,712.0,6971.0,0.298,0,4,0,-0.25,0
33.0,21697.0,1835.0,9.6,635.0,10635.0,0.305,1,3,0,0.017,0
63.0,87744.0,7393.0,22.5,722.0,37120.0,0.298,1,1,0,0.015,0
38.0,50718.0,4279.0,10.0,611.0,40314.0,0.138,0,3,0,0.282,1
42.0,30846.0,2666.0,1.0,646.0,20335.0,0.35,2,2,1,0.332,0
56.0,50082.0,4104.0,2.9,786.0,38038.0,0.218,0,2,1,1.556,0
39.0,64790.0,5465.0,17.8,707.0,43296.0,0.174,0,3,1,1.54,0
27.0,52987.0,4527.0,4.0,678.0,28785.0,0.125,0,4,0,0.25,0
37.0,27356.0,2250.0,3.7,687.0,2828.0,0.146,0,4,0,0.896,0
38.0,128488.0,10548.0,3.7,655.0,89096.0,0.073,3,1,0,-1.481,1
23.0,86421.0,7160.0,0.7,509.0,53647.0,0.197,5,2,0,0.614,1
35.0,47295.0,3967.0,1.0,572.0,12373.0,0.257,3,1,1,1.924,0
30.0,48161.0,3900.0,0.5,703.0,12138.0,0.406,0,3,1,-3.092,1
48.0,64657.0,5448.0,20.3,606.0,28655.0,0.306,3,1,0,0.851,1
38.0,33082.0,2679.0,4.8,655.0,8676.0,0.325,0,3,0,0.992,0
35.0,63595.0,5437.0,5.7,577.0,49475.0,0.428,3,1,0,-0.083,1
37.0,30220.0,2544.0,9.0,614.0,5898.0,0.02,0,2,1,0.783,0
40.0,53282.0,4610.0,6.5,663.0,8793.0,0.339,0,0,0,-0.345,0
45.0,32508.0,2745.0,11.9,731.0,2687.0,0.331,0,3,0,1.834,0
27.0,33255.0,2754.0,6.1,742.0,15445.0,0.382,1,4,0,1.06,0
27.0,115343.0,9458.0,1.6,609.0,69811.0,0.12,4,2,0,0.428,1
50.0,56486.0,4730.0,23.9,693.0,27664.0,0.243,1,2,0,-1.267,0
33.0,60380.0,5029.0,3.6,562.0,12451.0,0.207,6,4,0,-0.636,1
22.0,22247.0,1898.0,0.5,664.0,16520.0,0.171,0,1,0,-2.155,0
43.0,42043.0,3438.0,1.7,728.0,14062.0,0.531,0,3,0,0.027,0
43.0,67686.0,5868.0,15.8,663.0,10532.0,0.243,2,1,0,0.383,0
21.0,60021.0,5129.0,0.5,752.0,11602.0,0.393,1,4,0,-0.218,0
41.0,20864.0,1732.0,15.8,726.0,7900.0,0.371,2,2,1,-0.245,0
46.0,60373.0,5212.0,3.5,679.0,27668.0,0.156,0,3,0,-0.342,0
42.0,64863.0,5321.0,13.3,649.0,32502.0,0.247,1,2,0,-0.807,0
45.0,98006.0,8201.0,0.3,623.0,10284.0,0.306,0,2,0,-0.221,0
23.0,40955.0,3326.0,0.6,558.0,28694.0,0.34,3,1,0,0.318,1
42.0,20053.0,1733.0,13.2,576.0,6063.0,0.333,0,3,0,-1.651,1
35.0,35121.0,2830.0,0.8,730.0,8589.0,0.475,1,1,0,1.571,1
33.0,33571.0,2717.0,4.8,768.0,18990.0,0.391,0,2,0,-0.341,0
48.0,76620.0,6304.0,15.5,592.0,39089.0,0.366,1,6,0,-0.624,1
54.0,16197.0,1385.0,24.9,677.0,12870.0,0.397,1,4,0,0.934,1
58.0,44951.0,3817.0,26.6,563.0,16082.0,0.435,0,1,0,1.196,0
52.0,104474.0,8727.0,4.8,594.0,19582.0,0.238,2,3,1,1.835,0
37.0,55179.0,4692.0,1.3,679.0,43016.0,0.142,0,3,0,1.43,0
42.0,82325.0,6845.0,8.2,628.0,33878.0,0.239,2,3,1,-1.276,0
46.0,26273.0,2208.0,6.4,529.0,14349.0,0.163,2,2,0,0.456,1
39.0,26747.0,2303.0,5.9,783.0,2186.0,0.202,0,1,1,1.001,0
39.0,105014.0,8708.0,6.7,660.0,31705.0,0.31,1,2,1,0.887,0
47.0,57563.0,4723.0,10.7,588.0,45499.0,0.245,1,6,0,-1.439,1
37.0,57616.0,4847.0,9.0,673.0,44554.0,0.365,0,3,0,-0.708,0
30.0,33254.0,2812.0,0.1,654.0,26208.0,0.33,2,2,0,-0.63,0
33.0,57552.0,4807.0,4.0,692.0,38442.0,0.336,1,2,0,0.838,0
45.0,32840.0,2792.0,6.6,640.0,13970.0,0.174,2,1,0,-0.428,0
38.0,93824.0,7787.0,4.3,684.0,44943.0,0.212,0,2,0,0.628,0
42.0,187702.0,15682.0,17.1,735.0,19923.0,0.109,0,1,0,-0.123,0
45.0,68382.0,5741.0,6.4,571.0,44103.0,0.357,4,1,0,0.851,1
34.0,41331.0,3464.0,2.1,613.0,25286.0,0.492,3,2,0,0.32,0
46.0,17587.0,1513.0,22.4,730.0,10222.0,0.318,0,2,1,0.44,0
42.0,25773.0,2164.0,8.5,626.0,8684.0,0.327,0,0,1,-1.785,0
24.0,110722.0,9171.0,0.8,655.0,27613.0,0.247,2,2,0,-0.791,0
54.0,34612.0,2915.0,25.4,640.0,22755.0,0.278,1,0,0,0.799,0
32.0,46547.0,3957.0,8.2,636.0,36349.0,0.427,2,3,0,-0.199,1
21.0,73864.0,6251.0,0.9,626.0,27153.0,0.309,4,1,0,-0.97,1
27.0,107164.0,9059.0,5.7,575.0,9820.0,0.364,1,1,0,-1.362,0
27.0,50276.0,4064.0,4.7,694.0,36477.0,0.43,0,2,0,-1.67,1
39.0,45843.0,3630.0,3.0,736.0,25997.0,0.41,1,2,0,0.522,0
35.0,56801.0,4854.0,7.2,651.0,31443.0,0.303,0,1,0,2.077,0
34.0,41467.0,3486.0,1.7,727.0,31440.0,0.311,1,2,0,-1.65,0
45.0,42483.0,3539.0,13.6,632.0,23488.0,0.261,2,4,0,0.479,0
42.0,66200.0,5593.0,19.9,631.0,33969.0,0.35,1,3,0,-0.234,1
41.0,59783.0,5174.0,0.1,689.0,34828.0,0.259,1,2,0,-0.077,0
43.0,143532.0,12299.0,19.7,700.0,59273.0,0.335,1,1,0,0.29,0
45.0,67008.0,5691.0,13.4,659.0,17773.0,0.404,1,3,0,-1.459,0
21.0,92328.0,7558.0,0.2,707.0,22052.0,0.131,1,5,0,0.147,0
34.0,33962.0,2787.0,12.0,576.0,20197.0,0.114,1,1,0,1.83,1
21.0,69662.0,5528.0,0.5,639.0,16159.0,0.296,5,1,0,0.352,0
38.0,39725.0,3352.0,8.2,732.0,29729.0,0.367,0,2,0,0.2,0
38.0,65712.0,5597.0,9.0,732.0,23147.0,0.329,0,5,0,0.216,0
50.0,74976.0,6397.0,4.3,721.0,39376.0,0.179,2,5,0,-0.092,0
51.0,56248.0,4751.0,3.5,733.0,4618.0,0.39,1,1,1,0.872,0
40.0,162492.0,13499.0,13.4,641.0,62836.0,0.491,1,3,0,1.262,0
32.0,104577.0,8616.0,11.0,546.0,36568.0,0.213,4,3,0,-0.2,0
43.0,93419.0,7656.0,16.2,650.0,57545.0,0.227,1,2,0,-1.364,0
32.0,77576.0,6444.0,10.3,710.0,7103.0,0.303,0,5,0,1.051,0
38.0,121613.0,9936.0,15.2,724.0,42779.0,0.287,0,2,0,-0.039,0
49.0,28809.0,2485.0,0.9,624.0,19982.0,0.42,2,4,0,-0.149,0
32.0,101897.0,8270.0,9.1,597.0,56183.0,0.328,4,4,0,1.029,1
47.0,35208.0,2922.0,20.7,610.0,22289.0,0.271,1,3,0,-0.124,1
45.0,42665.0,3418.0,8.9,626.0,26557.0,0.241,3,3,0,1.198,0
27.0,70807.0,5936.0,3.1,529.0,38693.0,0.147,5,3,0,1.365,1
49.0,95802.0,7983.0,21.4,634.0,32905.0,0.437,3,5,1,1.194,0
46.0,32728.0,2708.0,25.3,676.0,11440.0,0.363,0,1,0,0.524,0
39.0,43671.0,3571.0,18.9,663.0,3860.0,0.291,3,3,0,0.098,0
30.0,57468.0,4789.0,4.6,639.0,11278.0,0.311,0,4,1,-0.326,0
29.0,50576.0,4169.0,6.7,615.0,23698.0,0.289,2,2,0,-0.948,0
32.0,80773.0,6713.0,5.6,623.0,58263.0,0.123,2,1,0,1.384,0
44.0,258140.0,22354.0,20.8,632.0,131437.0,0.158,3,2,0,0.14,0
27.0,66422.0,5554.0,4.9,712.0,22602.0,0.28,3,2,1,-0.464,0
43.0,39508.0,3327.0,21.4,671.0,26626.0,0.278,1,1,1,0.655,0
24.0,30689.0,2534.0,4.3,850.0,11864.0,0.299,0,1,0,1.525,0
36.0,47511.0,3897.0,5.2,639.0,11636.0,0.47,1,8,0,0.234,0
39.0,36025.0,3001.0,18.8,700.0,3965.0,0.271,0,1,1,1.092,0
65.0,67879.0,5940.0,31.1,654.0,45575.0,0.224,1,1,0,1.208,1
23.0,67407.0,5585.0,0.7,637.0,34511.0,0.305,5,3,0,0.173,0
54.0,44652.0,3748.0,0.1,769.0,21684.0,0.16,1,4,0,-0.209,0
40.0,134365.0,11012.0,13.4,737.0,79343.0,0.316,1,2,0,1.008,0
43.0,39503.0,3111.0,5.0,540.0,19901.0,0.228,4,1,0,0.351,1
39.0,52122.0,4275.0,4.5,591.0,16309.0,0.323,2,2,1,0.325,0
43.0,73329.0,6402.0,12.6,657.0,37631.0,0.282,1,3,0,-0.012,0
36.0,82167.0,6929.0,0.5,624.0,12739.0,0.286,0,3,1,0.308,0
54.0,97733.0,8412.0,14.2,561.0,26596.0,0.363,1,3,1,-0.412,1
33.0,66697.0,5519.0,10.4,673.0,30213.0,0.373,2,1,0,-0.418,0
50.0,88256.0,7008.0,0.8,529.0,8990.0,0.503,4,4,0,2.238,1
31.0,40774.0,3322.0,6.8,672.0,27169.0,0.369,1,1,1,-0.017,0
37.0,83135.0,6983.0,2.7,712.0,6940.0,0.276,1,0,0,0.796,1
26.0,82637.0,6919.0,5.4,724.0,27210.0,0.237,0,2,0,-0.271,0
43.0,108650.0,9052.0,9.0,654.0,42460.0,0.335,0,2,0,1.408,0
54.0,25959.0,2140.0,27.5,780.0,14551.0,0.446,1,0,0,0.409,0
37.0,36565.0,3104.0,12.4,689.0,6075.0,0.386,2,1,1,-0.102,0
36.0,79658.0,6572.0,13.9,726.0,53055.0,0.229,0,4,1,-1.831,0
26.0,16680.0,1399.0,3.0,610.0,6165.0,0.345,5,3,0,-0.56,0
35.0,68630.0,5742.0,7.5,770.0,16359.0,0.322,2,2,0,0.838,0
21.0,88610.0,7330.0,0.0,660.0,10966.0,0.405,1,0,0,-2.146,0
28.0,42435.0,3474.0,4.2,772.0,31571.0,0.33,1,1,0,-0.837,0
40.0,45320.0,3744.0,10.7,760.0,15977.0,0.326,0,0,0,-3.161,0
53.0,33919.0,2932.0,19.7,688.0,11397.0,0.182,1,2,0,-2.223,1
69.0,43495.0,3705.0,6.4,692.0,8054.0,0.379,2,4,0,0.288,1
32.0,44066.0,3747.0,6.2,651.0,18937.0,0.161,1,2,0,-1.256,0
54.0,40450.0,3318.0,15.3,610.0,11727.0,0.309,2,2,1,0.329,0
41.0,39464.0,3194.0,12.3,708.0,6884.0,0.245,0,3,0,1.118,0
36.0,48685.0,4146.0,10.8,703.0,29925.0,0.239,1,3,1,-0.27,1
43.0,48421.0,4108.0,8.2,551.0,35042.0,0.358,3,3,0,-0.015,1
39.0,127829.0,10682.0,9.4,659.0,40166.0,0.3,0,2,0,-0.624,0
39.0,46060.0,3810.0,7.6,725.0,12200.0,0.061,1,1,0,0.292,0
34.0,64213.0,5194.0,10.3,768.0,21193.0,0.28,2,2,0,0.011,0
23.0,42425.0,3597.0,2.1,712.0,31548.0,0.261,0,3,1,-1.239,0
21.0,42183.0,3599.0,0.3,554.0,20573.0,0.426,0,4,0,-0.458,0
45.0,25543.0,2100.0,6.5,589.0,4456.0,0.176,2,4,1,1.337,1
35.0,27119.0,2225.0,10.1,641.0,14220.0,0.492,0,0,0,1.341,0
31.0,31950.0,2729.0,8.9,762.0,11213.0,0.386,2,2,0,0.137,0
38.0,59740.0,4914.0,0.2,618.0,3767.0,0.272,1,3,0,-2.73,0
47.0,89265.0,7703.0,11.4,740.0,69399.0,0.258,0,8,1,0.901,0
40.0,24614.0,2047.0,6.1,619.0,3352.0,0.236,2,1,1,-1.313,0
31.0,42959.0,3552.0,8.3,701.0,15471.0,0.332,2,2,1,-0.565,0
51.0,29732.0,2480.0,4.5,596.0,16151.0,0.221,2,5,0,0.052,1
55.0,48833.0,4038.0,27.5,660.0,23905.0,0.288,2,2,0,1.52,0
43.0,89249.0,7605.0,15.5,589.0,4745.0,0.191,1,2,0,-0.248,0
49.0,44981.0,3815.0,24.2,773.0,22756.0,0.371,0,2,0,0.634,0
52.0,53836.0,4584.0,31.4,627.0,32057.0,0.317,0,0,1,-1.707,0
50.0,105867.0,8855.0,14.5,559.0,72730.0,0.253,1,0,0,0.246,1
45.0,67585.0,5581.0,17.3,555.0,12703.0,0.276,3,5,0,1.022,0
45.0,39068.0,3255.0,17.5,663.0,3030.0,0.231,1,0,0,-0.39,0
44.0,59077.0,4881.0,20.0,638.0,44797.0,0.331,0,4,0,-0.145,0
26.0,37899.0,3251.0,3.1,707.0,21236.0,0.174,0,2,0,1.466,1
46.0,66457.0,5649.0,2.8,645.0,25999.0,0.39,1,5,0,-0.357,1
23.0,69355.0,5769.0,3.0,743.0,41182.0,0.317,1,3,0,0.443,0
29.0,29729.0,2431.0,0.5,633.0,4989.0,0.255,2,2,0,-0.797,0
52.0,59510.0,5112.0,31.1,747.0,45751.0,0.359,1,5,0,-0.066,0
47.0,52166.0,4359.0,7.0,597.0,28205.0,0.339,3,6,0,-1.054,1
54.0,70277.0,5841.0,16.9,563.0,49736.0,0.195,1,0,0,-1.552,0
35.0,79953.0,6869.0,14.3,610.0,37381.0,0.431,2,0,0,-0.476,1
25.0,68182.0,5624.0,3.6,583.0,44360.0,0.05,4,3,0,1.188,0
35.0,47985.0,3973.0,9.0,578.0,14192.0,0.409,1,3,1,0.265,0
39.0,83708.0,6943.0,6.2,692.0,12540.0,0.284,0,3,0,0.766,0
39.0,37131.0,3013.0,5.5,644.0,11710.0,0.399,2,0,0,-1.121,0
50.0,30359.0,2546.0,1.0,670.0,21940.0,0.444,0,3,1,2.122,0
34.0,15000.0,1231.0,8.2,701.0,8604.0,0.257,1,3,0,0.963,0
42.0,53291.0,4390.0,9.4,547.0,20900.0,0.262,0,2,0,-0.981,0
27.0,38002.0,3122.0,1.6,701.0,8604.0,0.331,2,6,0,-0.463,0
43.0,65780.0,5417.0,8.8,580.0,32794.0,0.187,4,0,0,-1.533,0
38.0,22653.0,1856.0,17.0,628.0,11206.0,0.267,2,4,0,-1.648,0
30.0,41104.0,3442.0,8.3,532.0,18422.0,0.258,5,0,0,0.397,1
35.0,67962.0,5646.0,6.6,709.0,41005.0,0.181,1,2,0,-2.253,0
36.0,34602.0,2886.0,15.7,550.0,8031.0,0.253,2,2,0,0.126,0
35.0,66122.0,5770.0,6.9,579.0,28647.0,0.375,1,2,0,-0.735,1
57.0,42806.0,3556.0,13.1,588.0,12041.0,0.368,4,8,1,0.54,1
37.0,54194.0,4571.0,6.6,654.0,11066.0,0.282,0,6,0,0.114,0
35.0,71891.0,6077.0,13.4,656.0,21538.0,0.306,0,4,0,-1.426,0
21.0,84444.0,7028.0,0.3,717.0,55075.0,0.27,0,4,0,-0.257,0
28.0,57337.0,4804.0,1.8,654.0,7764.0,0.124,0,0,0,0.13,0
35.0,38131.0,3179.0,14.5,735.0,9785.0,0.198,0,0,0,0.068,0
30.0,44756.0,3745.0,7.7,690.0,20130.0,0.396,0,3,0,-0.102,0
53.0,73256.0,6033.0,25.4,606.0,25693.0,0.42,2,4,0,1.226,0
36.0,34736.0,2866.0,12.0,619.0,23299.0,0.214,0,2,0,1.095,0
52.0,50765.0,4232.0,22.0,777.0,32207.0,0.412,0,3,1,-1.134,1
39.0,46233.0,3701.0,1.7,747.0,25818.0,0.18,1,2,0,-1.409,0
38.0,52500.0,4506.0,13.9,725.0,13748.0,0.248,0,2,0,-1.305,0
37.0,34923.0,3036.0,4.2,729.0,2302.0,0.288,0,4,0,-0.216,0
38.0,23902.0,1999.0,2.4,694.0,6822.0,0.273,0,1,0,0.2,1
57.0,69524.0,5871.0,36.3,702.0,34812.0,0.231,0,3,0,1.799,0
21.0,84876.0,7226.0,0.0,663.0,10702.0,0.313,3,3,0,-0.909,0
21.0,24554.0,1992.0,0.0,779.0,16394.0,0.378,1,1,0,-0.009,1
32.0,64933.0,5512.0,3.7,629.0,51293.0,0.155,1,4,0,-0.246,1
38.0,89547.0,7399.0,15.3,684.0,54012.0,0.313,0,4,1,0.456,0
46.0,71916.0,6268.0,25.0,553.0,25959.0,0.396,4,3,0,-0.072,0
43.0,45597.0,3785.0,2.8,561.0,29543.0,0.259,1,4,0,-0.866,1
34.0,35973.0,3052.0,5.4,790.0,9153.0,0.245,0,2,0,0.133,0
49.0,57041.0,4736.0,21.4,714.0,43670.0,0.215,1,4,0,1.711,0
49.0,61488.0,5349.0,18.9,655.0,19981.0,0.5,0,0,0,-0.069,0
40.0,57423.0,4736.0,4.7,668.0,32583.0,0.449,1,0,0,1.66,0
49.0,50718.0,4325.0,9.4,570.0,3255.0,0.271,0,0,0,-0.112,0
41.0,33789.0,2851.0,12.5,636.0,17673.0,0.418,2,2,1,1.185,1
32.0,66523.0,5588.0,0.4,558.0,18096.0,0.247,3,6,1,-0.584,1
46.0,67980.0,5691.0,19.5,649.0,8606.0,0.284,0,5,0,0.484,0
39.0,60202.0,4950.0,5.3,710.0,22585.0,0.194,0,0,0,1.134,0
38.0,57817.0,4569.0,14.9,699.0,7481.0,0.116,0,5,1,0.836,0
54.0,117096.0,9968.0,23.4,783.0,22107.0,0.242,1,2,0,1.779,0
21.0,41528.0,3427.0,0.6,681.0,29956.0,0.257,2,2,0,2.806,0
22.0,97903.0,8349.0,1.8,487.0,9554.0,0.343,2,2,1,-1.495,0
25.0,39529.0,3317.0,0.4,797.0,20505.0,0.365,1,2,0,-1.155,0
34.0,90592.0,7731.0,3.6,603.0,8626.0,0.288,1,1,1,-1.443,0
35.0,95808.0,8112.0,7.9,675.0,56387.0,0.201,0,0,1,1.929,0
21.0,48205.0,3819.0,1.1,668.0,37765.0,0.234,1,2,0,-0.61,0
27.0,116137.0,9797.0,6.1,680.0,43220.0,0.459,1,4,1,-0.348,0
29.0,67925.0,5621.0,3.3,665.0,52717.0,0.363,0,4,1,0.522,0
65.0,37061.0,3160.0,35.7,682.0,19684.0,0.442,1,3,0,-0.043,0
58.0,46477.0,3919.0,8.3,572.0,23081.0,0.478,3,5,0,0.357,1
33.0,91567.0,7723.0,1.1,842.0,16333.0,0.234,0,2,0,-0.599,0
34.0,83322.0,6906.0,3.5,707.0,63680.0,0.382,1,3,0,1.443,1
25.0,34165.0,2795.0,4.8,666.0,23785.0,0.21,1,0,1,-1.099,0
21.0,51659.0,4268.0,0.5,789.0,7688.0,0.403,1,2,1,-0.105,0
37.0,60275.0,4842.0,8.0,589.0,4308.0,0.383,1,2,0,0.265,0
27.0,43768.0,3604.0,5.2,723.0,13975.0,0.089,1,3,0,0.659,0
37.0,158911.0,12855.0,0.2,621.0,26947.0,0.34,0,1,1,0.384,0
21.0,61098.0,4945.0,0.1,688.0,18459.0,0.214,0,4,0,-0.314,1
30.0,53491.0,4468.0,1.0,690.0,41127.0,0.266,1,4,0,-0.708,0
40.0,93993.0,7916.0,2.4,498.0,65459.0,0.234,1,0,0,1.743,1
42.0,46665.0,3886.0,10.0,565.0,17737.0,0.391,1,6,0,-1.307,1
43.0,86546.0,7140.0,6.3,774.0,22231.0,0.232,0,2,0,0.835,0
23.0,25968.0,2123.0,2.7,644.0,12552.0,0.172,3,2,0,-1.241,1
47.0,44844.0,3713.0,23.0,812.0,33773.0,0.219,0,2,1,0.459,0
29.0,88183.0,7228.0,8.5,756.0,56701.0,0.279,2,2,0,0.95,0
45.0,111489.0,9279.0,4.9,647.0,78133.0,0.341,2,3,0,-1.349,1
38.0,38836.0,3138.0,9.0,643.0,24111.0,0.42,3,1,1,0.671,1
23.0,36852.0,3114.0,0.1,775.0,15763.0,0.351,0,0,0,-0.646,1
35.0,71000.0,5850.0,3.5,809.0,11085.0,0.358,0,1,0,-2.321,0
42.0,41553.0,3489.0,13.5,647.0,27589.0,0.374,0,1,0,0.8,1
45.0,48739.0,4134.0,10.5,773.0,26232.0,0.382,0,7,0,-1.063,0
36.0,81591.0,6844.0,11.4,738.0,51362.0,0.403,0,1,0,-0.683,0
55.0,43055.0,3645.0,29.2,759.0,25855.0,0.551,0,2,0,-1.481,0
49.0,22712.0,1814.0,1.7,668.0,5328.0,0.38,1,2,0,-0.719,0
35.0,30626.0,2527.0,14.2,620.0,8093.0,0.329,2,3,0,1.405,0
46.0,55247.0,4705.0,1.1,587.0,38247.0,0.253,2,2,0,1.774,0
59.0,23779.0,2002.0,38.6,588.0,8452.0,0.331,0,4,1,-0.849,0
60.0,48116.0,4158.0,25.2,806.0,8819.0,0.415,1,1,0,-0.193,0
24.0,29397.0,2533.0,0.2,661.0,15640.0,0.178,1,0,0,0.255,0
28.0,115043.0,9644.0,3.1,581.0,31492.0,0.426,4,6,0,-1.068,0
54.0,145714.0,12082.0,8.9,735.0,77521.0,0.257,1,0,1,0.623,0
26.0,34163.0,2792.0,5.1,629.0,16827.0,0.277,0,5,1,1.412,0
23.0,61736.0,5096.0,0.8,615.0,33792.0,0.352,1,2,0,-1.236,1
33.0,35700.0,2951.0,10.5,810.0,28384.0,0.247,1,1,0,1.351,0
43.0,47853.0,3940.0,7.1,570.0,12345.0,0.346,0,6,0,-1.214,0
37.0,123828.0,10129.0,16.7,685.0,96800.0,0.185,0,2,1,-0.304,0
31.0,44582.0,3745.0,2.9,620.0,27756.0,0.388,1,3,0,2.494,1
31.0,48357.0,4167.0,7.2,611.0,33441.0,0.32,1,1,1,1.859,0
30.0,35988.0,3055.0,8.1,562.0,23460.0,0.3,2,3,0,-1.372,1
28.0,92122.0,7627.0,1.8,665.0,6193.0,0.327,2,1,0,0.832,0
63.0,15000.0,1275.0,3.3,600.0,6417.0,0.298,4,1,0,-1.336,1
41.0,45064.0,3781.0,11.7,707.0,5828.0,0.344,0,5,0,0.512,0
48.0,53876.0,4486.0,18.8,666.0,29907.0,0.279,0,1,0,-0.406,0
33.0,40848.0,3397.0,10.3,643.0,3870.0,0.271,2,4,0,0.609,0
36.0,81120.0,6733.0,4.4,601.0,6076.0,0.123,0,1,0,0.324,0
30.0,94467.0,7975.0,8.9,765.0,68965.0,0.436,0,0,0,0.241,0
21.0,29134.0,2435.0,0.9,712.0,21495.0,0.184,0,5,0,-0.199,0
23.0,141091.0,11586.0,2.2,613.0,73061.0,0.462,2,4,0,2.241,1
21.0,28988.0,2378.0,0.0,565.0,11448.0,0.276,4,2,0,-0.491,0
21.0,98221.0,8235.0,0.1,528.0,65942.0,0.422,6,3,0,-0.664,1
25.0,58836.0,4945.0,4.8,742.0,45490.0,0.404,1,4,0,1.567,0
53.0,43845.0,3631.0,23.9,736.0,3978.0,0.396,2,1,0,-1.043,0
38.0,45747.0,3726.0,11.0,739.0,5839.0,0.305,0,2,0,1.014,0
52.0,54177.0,4628.0,29.0,666.0,39485.0,0.181,1,5,0,-0.316,0
43.0,60408.0,5139.0,0.9,717.0,7524.0,0.282,0,1,0,-0.855,0
47.0,36353.0,2909.0,20.2,742.0,21289.0,0.269,0,0,1,1.14,0
28.0,49504.0,4236.0,5.3,658.0,23026.0,0.29,0,5,0,0.305,0
44.0,38882.0,3227.0,20.2,645.0,17156.0,0.177,2,3,0,0.07,0
46.0,31835.0,2663.0,20.2,602.0,3923.0,0.271,1,0,0,0.187,0
32.0,38074.0,3245.0,5.7,693.0,22713.0,0.02,0,2,0,0.69,0
44.0,32781.0,2822.0,1.7,700.0,16440.0,0.27,0,2,0,-1.45,0
44.0,45525.0,3870.0,22.0,643.0,33990.0,0.313,2,5,0,1.089,0
32.0,66816.0,5595.0,9.1,644.0,27444.0,0.222,1,1,1,-1.722,1
26.0,58070.0,4706.0,2.0,646.0,42642.0,0.273,1,1,1,-1.094,0
25.0,133725.0,10692.0,4.9,718.0,25130.0,0.316,0,3,0,0.751,0
39.0,20341.0,1725.0,5.9,567.0,4128.0,0.401,4,1,0,1.025,1
42.0,67934.0,5813.0,8.0,587.0,51748.0,0.405,2,7,0,-0.537,1
29.0,55159.0,4522.0,9.0,589.0,6869.0,0.331,0,3,0,0.845,0
38.0,79391.0,6580.0,12.2,656.0,18054.0,0.297,2,2,0,-0.331,0
44.0,75925.0,6257.0,21.3,693.0,11845.0,0.336,1,5,0,-1.643,0
45.0,51064.0,4206.0,22.0,596.0,29735.0,0.48,0,2,0,-0.637,0
55.0,59443.0,5060.0,18.8,733.0,37757.0,0.35,0,5,0,-1.395,0
52.0,39350.0,3294.0,8.6,767.0,28572.0,0.326,1,1,0,-0.01,0
27.0,72493.0,6013.0,5.9,692.0,11606.0,0.407,2,1,0,0.273,0
57.0,23614.0,2072.0,18.3,748.0,6879.0,0.305,0,0,1,0.426,0
32.0,78015.0,6315.0,6.9,599.0,22460.0,0.215,2,4,0,-1.341,0
49.0,54429.0,4585.0,16.0,606.0,42461.0,0.346,2,4,0,0.432,1
39.0,44175.0,3604.0,0.2,696.0,21521.0,0.317,2,1,0,0.561,0
33.0,49536.0,4115.0,0.6,658.0,15015.0,0.278,0,6,0,1.336,0
21.0,51198.0,4279.0,0.6,598.0,14031.0,0.354,2,2,0,-0.566,1
36.0,98605.0,8356.0,12.8,766.0,28523.0,0.119,0,2,0,-1.071,0
21.0,235664.0,19536.0,0.5,681.0,137660.0,0.246,1,1,1,-0.808,0
49.0,95228.0,7877.0,5.5,712.0,43992.0,0.212,0,2,0,0.19,0
55.0,42646.0,3534.0,14.1,620.0,22078.0,0.223,2,1,0,-0.036,0
29.0,73020.0,5954.0,7.1,781.0,29418.0,0.285,1,5,0,-0.184,0
41.0,74465.0,6284.0,2.3,650.0,5190.0,0.209,0,3,0,-0.575,0
30.0,36271.0,3040.0,5.6,734.0,20505.0,0.468,0,0,0,0.596,1
31.0,31186.0,2621.0,7.8,623.0,18496.0,0.345,3,0,1,0.536,1
47.0,53456.0,4448.0,11.0,677.0,9899.0,0.221,1,4,0,-0.278,0
38.0,79107.0,6567.0,10.6,704.0,42483.0,0.126,3,3,0,2.331,0
57.0,26629.0,2271.0,32.8,816.0,18858.0,0.242,0,3,0,-1.338,0
33.0,39763.0,3381.0,2.7,631.0,19964.0,0.267,2,0,0,-0.534,1
49.0,71167.0,6098.0,3.9,676.0,39242.0,0.237,0,3,1,-1.016,0
39.0,56042.0,4705.0,1.2,702.0,32254.0,0.554,0,2,0,-0.769,0
47.0,104028.0,8903.0,19.4,571.0,30506.0,0.135,2,1,0,-0.251,0
33.0,29143.0,2408.0,11.8,514.0,4830.0,0.305,2,3,0,0.315,0
37.0,158508.0,13156.0,12.1,596.0,64115.0,0.287,2,4,0,0.023,0
37.0,27529.0,2349.0,16.3,736.0,6162.0,0.275,1,5,0,2.806,0
29.0,22070.0,1870.0,6.2,783.0,12475.0,0.106,2,0,0,-1.63,0
45.0,53561.0,4437.0,7.3,599.0,31397.0,0.296,1,2,0,-0.362,0
45.0,33011.0,2693.0,6.4,578.0,1853.0,0.318,3,4,0,0.632,1
45.0,54049.0,4486.0,16.4,776.0,41383.0,0.371,1,2,0,-2.805,1
55.0,53205.0,4373.0,23.6,632.0,39571.0,0.348,1,6,0,0.721,0
54.0,50362.0,4342.0,17.8,643.0,7502.0,0.422,0,3,0,1.4,0
34.0,37647.0,3185.0,7.3,766.0,15373.0,0.095,0,1,1,-0.339,0
42.0,66822.0,5483.0,9.2,755.0,13817.0,0.277,2,4,0,-0.693,0
31.0,47681.0,3890.0,3.9,727.0,36854.0,0.55,1,3,0,-0.505,1
38.0,90376.0,7414.0,11.6,546.0,42886.0,0.406,1,5,0,0.333,0
31.0,50712.0,4179.0,8.5,576.0,29166.0,0.155,3,2,0,0.142,1
56.0,35632.0,2959.0,29.1,753.0,27915.0,0.309,1,5,0,0.598,0
42.0,25735.0,2192.0,6.8,686.0,14277.0,0.195,0,5,0,-0.843,0
36.0,50901.0,4160.0,13.4,612.0,35788.0,0.257,0,4,0,0.91,1
51.0,31068.0,2708.0,9.4,641.0,7159.0,0.5,0,3,0,-0.127,0
21.0,29960.0,2450.0,0.3,738.0,6652.0,0.396,1,6,0,2.539,0
21.0,69734.0,5647.0,0.8,767.0,26562.0,0.148,0,2,0,-1.009,0
47.0,24714.0,2129.0,25.9,673.0,17575.0,0.223,0,1,0,1.411,1
39.0,103837.0,8882.0,17.4,621.0,8238.0,0.3,2,4,0,-0.715,0
41.0,59099.0,4907.0,2.3,642.0,22519.0,0.274,1,0,0,-1.266,1
23.0,53926.0,4528.0,1.0,755.0,36059.0,0.331,1,5,0,-0.022,0
38.0,34525.0,2900.0,13.5,759.0,6321.0,0.223,1,5,0,-1.182,0
60.0,77579.0,6483.0,32.3,690.0,39705.0,0.263,0,1,1,0.357,0
47.0,54928.0,4459.0,13.6,630.0,5629.0,0.221,1,2,0,0.987,1
40.0,40390.0,3199.0,0.3,736.0,2334.0,0.263,0,0,0,-0.481,0
33.0,60175.0,4930.0,6.6,777.0,17401.0,0.37,0,2,0,-0.833,0
34.0,25792.0,2227.0,0.4,558.0,16874.0,0.33,2,3,0,0.976,1
21.0,26349.0,2277.0,0.3,644.0,2134.0,0.23,3,1,0,-1.026,0
41.0,33223.0,2754.0,13.7,748.0,10751.0,0.413,0,3,0,-1.556,0
47.0,64368.0,5261.0,3.7,667.0,38394.0,0.406,0,3,0,0.892,0
21.0,54919.0,4602.0,0.7,626.0,17950.0,0.3,2,4,0,0.188,0
31.0,88179.0,7413.0,6.7,676.0,36075.0,0.274,2,3,1,-0.05,0
25.0,36355.0,3066.0,2.3,687.0,15460.0,0.476,1,4,0,-0.933,0
27.0,71231.0,5636.0,2.7,582.0,52068.0,0.461,1,0,1,0.659,1
39.0,52253.0,4629.0,17.0,675.0,36938.0,0.149,3,0,0,0.755,0
21.0,35980.0,3066.0,0.6,686.0,3516.0,0.419,0,3,0,-1.955,0
45.0,65413.0,5430.0,22.0,637.0,37230.0,0.472,0,5,1,2.897,0
46.0,53390.0,4385.0,10.8,611.0,24409.0,0.366,1,3,0,-1.393,0
35.0,41439.0,3521.0,9.1,627.0,13090.0,0.253,1,7,0,-0.668,0
21.0,56049.0,4717.0,1.0,593.0,23508.0,0.265,2,1,0,-0.479,0
27.0,51886.0,4332.0,0.9,720.0,36831.0,0.471,1,4,0,-2.01,0
52.0,51325.0,4316.0,8.3,595.0,32324.0,0.384,1,4,0,-0.973,0
21.0,45680.0,3798.0,0.9,674.0,21746.0,0.355,0,0,0,-0.611,0
34.0,30573.0,2568.0,6.0,637.0,5555.0,0.533,0,1,0,-0.386,0
25.0,56882.0,4809.0,1.4,611.0,29237.0,0.199,2,1,1,-0.804,1
47.0,38325.0,3216.0,26.8,769.0,16231.0,0.291,0,3,0,1.15,0
31.0,34750.0,2913.0,1.1,651.0,13384.0,0.319,1,6,1,0.319,1
42.0,49354.0,4227.0,13.7,620.0,37404.0,0.279,4,0,0,0.924,0
44.0,76527.0,6174.0,19.1,616.0,60799.0,0.116,1,2,0,-0.335,0
58.0,59791.0,4903.0,30.1,699.0,45652.0,0.4,0,1,1,0.672,0
36.0,43307.0,3611.0,7.0,721.0,26164.0,0.225,0,3,0,0.194,0
42.0,42531.0,3492.0,1.0,749.0,21229.0,0.223,1,1,0,0.756,1
22.0,73219.0,6053.0,1.4,649.0,21202.0,0.264,1,3,0,-1.052,0
51.0,18705.0,1599.0,25.0,657.0,14223.0,0.277,2,2,0,1.18,0
30.0,78740.0,6542.0,2.3,670.0,30844.0,0.288,1,3,0,0.185,0
32.0,23666.0,1900.0,4.0,674.0,4762.0,0.396,0,3,0,0.035,1
38.0,29090.0,2404.0,9.1,611.0,3871.0,0.417,2,2,1,1.385,0
21.0,43637.0,3641.0,0.1,762.0,29535.0,0.274,1,1,0,-0.284,0
41.0,146041.0,12180.0,16.8,670.0,43246.0,0.24,2,2,0,-0.365,0
49.0,117000.0,9858.0,26.4,711.0,73086.0,0.287,0,3,0,1.32,1
41.0,75585.0,6358.0,6.5,693.0,39345.0,0.211,1,6,1,-0.391,0
21.0,64572.0,5366.0,0.9,689.0,16959.0,0.297,0,2,0,-0.204,0
37.0,23791.0,1935.0,13.3,596.0,16368.0,0.205,3,3,1,-1.512,0
46.0,59020.0,4875.0,19.0,669.0,40349.0,0.513,2,2,0,-0.919,0
21.0,42956.0,3535.0,1.0,820.0,7683.0,0.313,0,4,1,1.007,0
26.0,38085.0,3156.0,2.0,772.0,5382.0,0.246,0,3,0,0.244,0
48.0,58968.0,4982.0,25.3,684.0,29507.0,0.371,0,2,0,-1.089,1
41.0,44493.0,3738.0,2.1,635.0,10013.0,0.177,0,1,0,-0.592,0
43.0,81330.0,6889.0,10.8,510.0,24329.0,0.229,3,2,0,-0.938,1
58.0,23015.0,1903.0,21.2,636.0,17320.0,0.342,0,2,0,0.358,0
43.0,56888.0,4884.0,2.8,656.0,10335.0,0.314,4,5,0,0.463,0
45.0,37030.0,3127.0,18.6,647.0,14918.0,0.405,0,2,0,-0.609,1
68.0,45741.0,3820.0,22.7,654.0,12404.0,0.027,1,1,0,-1.061,0
36.0,63081.0,5320.0,7.1,707.0,19615.0,0.382,1,3,0,-1.677,0
29.0,33266.0,2735.0,5.4,593.0,10897.0,0.246,1,2,0,1.445,0
43.0,59219.0,4727.0,3.1,681.0,14508.0,0.183,0,1,1,-0.279,0
43.0,49988.0,4115.0,4.6,655.0,31123.0,0.128,0,2,0,0.553,0
32.0,40857.0,3456.0,2.2,599.0,26921.0,0.244,2,3,0,-1.063,1
27.0,44504.0,3715.0,6.3,780.0,20233.0,0.459,0,2,0,-0.367,0
63.0,51305.0,4264.0,33.6,729.0,37169.0,0.397,0,3,0,-1.158,1
42.0,38932.0,3189.0,11.4,611.0,5937.0,0.463,1,2,0,0.638,1
30.0,55176.0,4418.0,6.6,699.0,23723.0,0.289,1,3,0,0.77,0
48.0,48529.0,4159.0,18.2,572.0,32578.0,0.311,4,3,0,0.804,1
37.0,41773.0,3467.0,4.4,616.0,21542.0,0.142,3,1,0,-0.805,0
35.0,112479.0,9293.0,1.3,754.0,88718.0,0.142,1,1,0,0.101,0
44.0,66300.0,5451.0,13.4,691.0,32938.0,0.285,1,4,1,-1.22,0
24.0,46299.0,3955.0,1.0,679.0,35651.0,0.162,0,0,0,0.123,1
42.0,58731.0,4981.0,19.1,739.0,7284.0,0.214,2,5,0,0.771,0
59.0,34649.0,2832.0,9.2,707.0,2840.0,0.304,0,2,0,-0.394,0
43.0,45186.0,3853.0,13.2,648.0,14341.0,0.427,0,5,1,-0.156,0
34.0,47622.0,3957.0,5.8,728.0,32431.0,0.301,0,2,0,-0.959,1
32.0,31383.0,2583.0,9.2,546.0,2758.0,0.164,2,1,1,-0.836,0
33.0,65473.0,5424.0,12.8,620.0,15663.0,0.118,2,3,1,-0.821,0
35.0,43808.0,3593.0,6.3,656.0,34554.0,0.312,1,3,0,-0.72,0
34.0,46870.0,3803.0,0.6,699.0,24875.0,0.237,0,4,0,0.958,0
48.0,42581.0,3604.0,18.6,647.0,14683.0,0.312,1,1,1,-0.719,0
21.0,208288.0,17281.0,0.1,535.0,22578.0,0.28,4,3,0,-0.024,1
47.0,40819.0,3444.0,2.9,527.0,25162.0,0.293,1,2,0,0.811,1
34.0,21681.0,1817.0,9.1,660.0,16130.0,0.42,1,1,0,0.304,0
42.0,26772.0,2255.0,2.3,628.0,16228.0,0.405,2,0,0,2.578,0
26.0,77403.0,6186.0,0.7,597.0,10628.0,0.337,1,4,0,0.677,0
53.0,100357.0,8218.0,14.3,592.0,45050.0,0.21,2,0,0,-0.32,1
52.0,40469.0,3411.0,14.3,677.0,14248.0,0.245,0,3,1,-1.431,0
49.0,97794.0,7942.0,26.1,764.0,71197.0,0.376,0,0,0,1.186,0
21.0,76788.0,6447.0,0.4,670.0,47741.0,0.43,0,2,1,-0.455,0
47.0,50505.0,4092.0,10.9,758.0,32903.0,0.173,1,4,0,-0.794,0
42.0,48917.0,4078.0,15.9,642.0,17625.0,0.453,1,3,1,-0.934,0
21.0,59664.0,5132.0,0.8,691.0,4096.0,0.222,0,1,0,-1.128,0
38.0,81629.0,6908.0,6.2,758.0,50573.0,0.367,1,3,0,-0.235,0
42.0,65767.0,5278.0,13.9,656.0,34527.0,0.58,0,2,0,-0.525,1
44.0,40559.0,3437.0,15.1,669.0,6332.0,0.141,2,5,1,0.189,0
40.0,50853.0,4392.0,6.0,637.0,31406.0,0.351,1,4,0,2.209,0
41.0,134142.0,11804.0,2.5,703.0,21728.0,0.269,0,1,0,0.061,0
54.0,61583.0,5181.0,23.3,735.0,37243.0,0.345,0,5,0,1.743,0
51.0,81331.0,6593.0,8.4,689.0,47596.0,0.238,1,5,0,-0.325,0
21.0,70125.0,5895.0,0.3,644.0,3902.0,0.052,1,0,0,-0.23,0
35.0,62199.0,5349.0,8.3,559.0,39253.0,0.225,4,3,0,-2.317,1
36.0,57757.0,4795.0,2.6,658.0,20547.0,0.335,1,0,0,1.215,0
21.0,82365.0,7007.0,0.2,647.0,35412.0,0.435,2,1,0,-0.867,1
39.0,75999.0,6227.0,8.5,681.0,58787.0,0.341,1,1,0,0.774,0
52.0,61935.0,5200.0,27.9,682.0,45825.0,0.447,1,3,0,-2.474,0
26.0,40251.0,3187.0,4.7,772.0,13565.0,0.251,1,3,0,-0.694,0
42.0,65420.0,5348.0,6.9,615.0,38086.0,0.243,2,5,0,0.117,0
28.0,53366.0,4447.0,2.4,551.0,23204.0,0.334,6,3,0,-0.221,1
31.0,47876.0,3961.0,10.5,585.0,31917.0,0.262,1,2,0,-0.85,0
54.0,183604.0,14902.0,22.4,627.0,53198.0,0.412,2,1,0,0.188,0
32.0,27516.0,2270.0,8.2,740.0,11094.0,0.159,0,0,0,0.736,0
43.0,84662.0,7102.0,1.3,570.0,11371.0,0.386,2,3,0,-1.459,0
21.0,37305.0,3103.0,0.1,579.0,27793.0,0.421,1,3,0,0.485,1
58.0,58345.0,4868.0,11.3,695.0,42331.0,0.337,0,3,0,1.067,0
45.0,174722.0,14773.0,20.7,730.0,44912.0,0.391,1,4,0,0.97,0
36.0,35668.0,2952.0,14.6,559.0,17379.0,0.235,3,3,0,0.015,1
44.0,39710.0,3399.0,4.6,538.0,13254.0,0.217,3,3,0,-0.311,1
22.0,54568.0,4457.0,1.8,606.0,9105.0,0.335,2,2,0,0.629,0
51.0,37565.0,3251.0,27.1,720.0,3147.0,0.228,0,2,1,-0.177,0
34.0,81872.0,6975.0,12.7,676.0,54619.0,0.33,2,1,0,1.24,1
36.0,43241.0,3578.0,7.2,611.0,11539.0,0.33,1,5,0,2.315,0
33.0,73821.0,6116.0,3.3,713.0,32229.0,0.293,0,3,0,-1.18,0
32.0,30241.0,2531.0,11.1,674.0,21986.0,0.328,2,4,1,0.339,0
46.0,24392.0,2057.0,7.1,656.0,1583.0,0.363,1,1,1,-0.093,0
41.0,49615.0,4225.0,5.3,550.0,22850.0,0.29,1,2,0,-2.011,1
45.0,27153.0,2202.0,5.2,609.0,20816.0,0.252,5,0,0,0.392,1
38.0,108914.0,9156.0,9.5,802.0,71552.0,0.382,0,5,0,-0.142,0
44.0,27631.0,2205.0,2.5,638.0,5926.0,0.327,1,2,0,0.826,0
33.0,34480.0,2863.0,7.6,597.0,6919.0,0.345,1,1,0,0.895,1
63.0,66252.0,5682.0,40.0,653.0,41200.0,0.358,0,2,0,0.17,0
21.0,42244.0,3421.0,0.5,669.0,4638.0,0.315,0,4,0,0.933,0
52.0,27773.0,2240.0,30.8,737.0,13873.0,0.266,0,2,0,-1.25,0
53.0,137733.0,11528.0,29.9,718.0,31069.0,0.238,0,0,0,-0.066,0
29.0,35044.0,3001.0,6.8,616.0,23810.0,0.291,4,3,0,1.168,1
63.0,50351.0,4223.0,25.9,762.0,16846.0,0.348,0,3,0,0.839,0
49.0,50059.0,4013.0,25.5,730.0,18083.0,0.353,0,3,0,-0.172,0
49.0,75715.0,6097.0,15.9,637.0,48897.0,0.314,2,1,0,0.429,0
38.0,67721.0,5654.0,3.8,653.0,7860.0,0.335,2,0,0,-0.809,0
36.0,37912.0,3085.0,14.4,709.0,18983.0,0.19,0,4,0,1.541,0
36.0,47499.0,3969.0,7.9,739.0,36668.0,0.254,0,5,0,0.938,0
42.0,49661.0,4155.0,20.2,564.0,26707.0,0.367,2,3,1,0.124,1
53.0,77043.0,6357.0,13.1,671.0,8578.0,0.217,2,1,1,0.385,0
40.0,32511.0,2808.0,6.7,661.0,23779.0,0.314,1,2,0,0.473,1
28.0,136385.0,11500.0,6.1,623.0,20009.0,0.305,2,2,0,0.619,0
47.0,39084.0,3336.0,17.2,628.0,12766.0,0.289,1,3,0,-0.275,0
48.0,54784.0,4649.0,12.4,740.0,10204.0,0.368,1,6,0,0.679,0
45.0,32633.0,2711.0,22.1,708.0,19299.0,0.323,0,1,0,1.973,0
46.0,30666.0,2546.0,13.5,814.0,7626.0,0.18,0,2,1,0.879,0
35.0,37108.0,3074.0,0.2,620.0,9122.0,0.352,0,1,0,-0.333,1
28.0,35538.0,3002.0,5.4,672.0,12800.0,0.249,0,5,0,-0.34,0
28.0,45646.0,3754.0,0.5,682.0,12077.0,0.164,1,1,0,0.229,1
21.0,35403.0,3052.0,0.5,723.0,22602.0,0.374,0,1,1,1.515,0
41.0,75214.0,6174.0,4.0,757.0,33471.0,0.181,0,4,0,0.452,0
37.0,38667.0,3236.0,4.1,669.0,18055.0,0.265,0,3,0,-1.79,0
33.0,36786.0,3051.0,12.9,590.0,6298.0,0.329,1,4,0,-1.007,0
21.0,46085.0,3806.0,0.1,610.0,33878.0,0.293,1,3,0,-1.002,1
24.0,85980.0,7476.0,3.2,672.0,26797.0,0.238,0,0,0,0.64,0
50.0,60584.0,5004.0,19.3,748.0,20177.0,0.201,1,1,0,-1.256,0
31.0,52587.0,4356.0,2.1,560.0,12189.0,0.224,3,3,0,1.077,0
42.0,28860.0,2373.0,20.5,588.0,22226.0,0.192,2,1,1,1.697,0
23.0,32888.0,2743.0,0.5,713.0,16618.0,0.287,0,2,1,0.874,0
54.0,30940.0,2573.0,17.4,578.0,2961.0,0.245,1,0,0,-2.042,0
36.0,99029.0,8068.0,13.0,588.0,19257.0,0.162,1,1,0,-0.843,0
41.0,69832.0,5770.0,16.2,748.0,28654.0,0.271,0,2,0,-0.26,0
64.0,37323.0,3148.0,13.9,651.0,7125.0,0.236,1,2,0,-0.538,0
55.0,42664.0,3628.0,29.1,654.0,21493.0,0.327,2,3,0,-0.92,0
35.0,37938.0,3163.0,14.1,763.0,10658.0,0.336,0,4,1,-0.801,0
31.0,36918.0,3080.0,5.4,588.0,11526.0,0.434,3,1,0,0.091,1
34.0,67658.0,5597.0,9.4,576.0,43301.0,0.365,3,1,0,-0.52,1
44.0,48325.0,3987.0,8.6,778.0,21421.0,0.191,0,1,0,-0.315,0
37.0,140311.0,11478.0,6.0,679.0,18910.0,0.083,0,5,0,0.714,1
34.0,96544.0,7795.0,6.4,711.0,31755.0,0.148,0,3,0,-2.273,0
54.0,99147.0,8146.0,6.7,642.0,71609.0,0.25,1,1,0,-1.613,1
37.0,74399.0,6312.0,11.5,658.0,50935.0,0.139,4,1,0,-0.488,0
63.0,45474.0,3757.0,7.2,614.0,28188.0,0.238,3,3,0,-0.411,1
39.0,71976.0,5957.0,0.1,682.0,49134.0,0.303,1,4,0,-0.614,1
58.0,47010.0,3889.0,16.5,726.0,5577.0,0.244,1,2,0,0.013,0
42.0,114544.0,9783.0,1.7,675.0,16223.0,0.328,0,3,0,-0.375,0
49.0,65974.0,5396.0,16.1,742.0,4221.0,0.239,1,4,0,1.516,0
30.0,61892.0,5186.0,5.2,709.0,8898.0,0.224,1,1,0,-1.031,0
29.0,58237.0,4846.0,1.2,587.0,38882.0,0.471,3,2,0,0.097,1
43.0,120356.0,10043.0,5.7,653.0,9442.0,0.297,1,0,1,-0.264,0
49.0,28851.0,2416.0,0.7,629.0,11508.0,0.311,1,3,0,-0.061,0
38.0,125784.0,10494.0,11.0,718.0,29602.0,0.384,0,2,0,-0.327,0
24.0,50580.0,4282.0,1.1,693.0,34110.0,0.388,0,2,1,0.879,0
23.0,29212.0,2433.0,2.2,670.0,19050.0,0.263,1,3,0,0.372,1
22.0,39206.0,3381.0,1.4,732.0,24484.0,0.405,1,1,0,-1.128,0
21.0,26166.0,2182.0,0.4,530.0,8731.0,0.255,2,2,0,1.223,0
39.0,73809.0,5941.0,0.4,618.0,54928.0,0.402,0,3,0,0.503,1
50.0,34470.0,2909.0,9.7,629.0,24884.0,0.177,1,1,1,-0.354,1
38.0,59337.0,4984.0,5.8,681.0,31930.0,0.269,1,4,0,0.772,0
21.0,91627.0,7641.0,0.3,699.0,46679.0,0.322,1,4,1,-0.632,0
36.0,40647.0,3370.0,15.2,667.0,12304.0,0.336,1,0,0,0.186,0
36.0,48749.0,3891.0,2.7,569.0,29343.0,0.216,0,4,1,-1.117,0
61.0,30594.0,2450.0,11.1,694.0,23064.0,0.135,1,4,0,0.774,0
22.0,46181.0,3975.0,1.6,670.0,13261.0,0.346,1,1,0,0.372,0
34.0,175150.0,14425.0,12.7,564.0,46318.0,0.279,5,1,0,-0.003,0
57.0,78054.0,6630.0,17.2,648.0,19333.0,0.261,0,4,0,0.531,1
43.0,48823.0,3938.0,12.4,692.0,38442.0,0.465,1,2,0,-1.546,1
44.0,41766.0,3408.0,1.3,776.0,19013.0,0.271,0,0,0,0.814,0
39.0,53955.0,4557.0,15.6,592.0,41852.0,0.248,2,3,1,-0.768,0
42.0,58315.0,4850.0,12.9,722.0,29918.0,0.12,0,3,0,1.7,0
47.0,45547.0,3836.0,12.7,591.0,12302.0,0.192,5,2,0,-0.048,0
29.0,69816.0,5816.0,2.8,572.0,34196.0,0.388,3,5,1,-1.283,1
48.0,35812.0,2972.0,12.3,581.0,5966.0,0.227,2,2,0,2.25,0
23.0,35732.0,2937.0,2.1,703.0,13795.0,0.363,1,4,0,0.684,0
42.0,64970.0,5285.0,1.7,670.0,24829.0,0.171,1,4,0,-1.036,1
40.0,32507.0,2785.0,10.1,643.0,15681.0,0.213,1,1,0,0.262,0
31.0,76355.0,6562.0,0.4,692.0,25994.0,0.211,0,0,0,1.014,1
38.0,54648.0,4459.0,13.7,670.0,21387.0,0.348,2,5,0,-3.093,0
31.0,24162.0,1969.0,2.4,669.0,17085.0,0.279,3,2,0,0.17,0
26.0,57778.0,4781.0,5.6,642.0,10706.0,0.189,1,2,0,0.008,0
34.0,25765.0,2162.0,6.7,591.0,19117.0,0.371,0,2,0,0.045,1
26.0,75139.0,6239.0,2.7,780.0,34106.0,0.349,2,3,0,-1.592,0
42.0,49176.0,4139.0,7.8,762.0,25653.0,0.334,0,4,0,-0.265,0
25.0,126510.0,10532.0,2.8,773.0,16218.0,0.33,0,2,0,-1.514,1
46.0,89070.0,7405.0,8.7,627.0,14157.0,0.215,2,3,0,0.359,0
25.0,34125.0,2981.0,1.8,613.0,20455.0,0.426,2,0,0,-0.573,1
32.0,22154.0,1827.0,2.3,632.0,16072.0,0.29,1,4,0,0.181,1
31.0,39155.0,3370.0,3.8,737.0,17195.0,0.327,0,1,0,-0.001,0
53.0,31746.0,2722.0,26.4,673.0,5576.0,0.338,1,0,0,0.204,0
42.0,125075.0,10528.0,5.3,625.0,81010.0,0.206,1,4,0,-0.487,1
36.0,54745.0,4386.0,12.9,692.0,40410.0,0.49,0,3,0,-0.002,1
43.0,83711.0,6980.0,20.2,619.0,46262.0,0.297,1,5,0,0.172,0
21.0,48379.0,3990.0,0.7,565.0,9054.0,0.303,0,4,1,1.363,0
38.0,50728.0,4229.0,0.5,669.0,18229.0,0.259,0,3,0,0.278,0
60.0,54198.0,4421.0,22.4,635.0,40913.0,0.415,0,1,1,0.713,0
39.0,90493.0,7655.0,16.2,667.0,17527.0,0.419,1,4,0,0.732,0
39.0,63280.0,5377.0,6.9,475.0,11268.0,0.316,2,1,0,-0.023,1
44.0,34176.0,2915.0,6.8,601.0,19697.0,0.153,1,2,0,0.621,0
48.0,114144.0,9439.0,9.0,661.0,52202.0,0.284,3,5,0,0.462,0
21.0,48210.0,3932.0,0.4,554.0,9813.0,0.294,3,2,1,-1.701,0
21.0,44806.0,3760.0,0.1,556.0,22958.0,0.255,2,2,0,0.615,0
40.0,15395.0,1328.0,4.8,665.0,11585.0,0.202,1,5,0,1.047,1
30.0,73172.0,6106.0,6.6,712.0,50591.0,0.145,1,4,0,0.429,0
52.0,57558.0,4840.0,15.3,605.0,3160.0,0.447,1,0,0,-1.017,0
35.0,57530.0,4772.0,3.6,643.0,40707.0,0.374,0,3,0,-0.843,1
21.0,45882.0,3785.0,0.9,644.0,23866.0,0.303,0,0,0,-0.795,0
24.0,42457.0,3585.0,1.2,551.0,10629.0,0.235,0,1,0,0.32,0
21.0,46573.0,3873.0,0.1,743.0,5592.0,0.336,3,3,0,0.817,0
35.0,67745.0,5691.0,3.1,649.0,52733.0,0.32,3,4,0,-2.052,1
36.0,73328.0,6173.0,4.7,650.0,5263.0,0.26,0,2,1,-0.422,0
33.0,49569.0,4159.0,7.0,690.0,9342.0,0.339,0,2,0,-0.02,0
50.0,84298.0,7103.0,2.0,552.0,46653.0,0.351,1,2,0,0.199,1
51.0,53080.0,4348.0,26.7,738.0,32828.0,0.369,0,5,0,-0.859,0
36.0,43835.0,3586.0,14.1,741.0,10959.0,0.211,1,3,0,-0.044,0
21.0,60137.0,5007.0,0.3,670.0,36251.0,0.343,0,2,0,0.111,1
45.0,29833.0,2485.0,19.2,702.0,18612.0,0.418,1,5,0,-0.111,0
44.0,61072.0,5036.0,14.5,644.0,39822.0,0.33,0,4,0,0.285,1
41.0,27477.0,2301.0,18.1,729.0,16911.0,0.521,2,1,0,-0.164,0
49.0,34635.0,2939.0,8.0,606.0,2580.0,0.282,1,1,0,0.247,1
25.0,22174.0,1892.0,3.2,659.0,15948.0,0.128,3,7,0,-0.751,1
60.0,50832.0,4356.0,2.9,663.0,23997.0,0.215,0,4,0,-0.054,0
27.0,113485.0,9208.0,0.1,657.0,42362.0,0.233,2,1,0,-0.501,0
46.0,52177.0,4247.0,23.0,746.0,3565.0,0.356,1,5,0,0.077,0
21.0,73475.0,6087.0,0.3,813.0,36231.0,0.383,1,4,0,-0.012,0
28.0,158519.0,13231.0,3.5,654.0,27276.0,0.314,0,5,1,-0.545,0
55.0,65967.0,5471.0,8.0,697.0,30395.0,0.329,1,2,1,-0.364,0
35.0,38978.0,3212.0,13.3,610.0,7480.0,0.492,1,1,0,-0.276,0
47.0,41468.0,3435.0,10.5,737.0,23468.0,0.217,1,4,0,-0.311,0
41.0,55016.0,4629.0,3.7,626.0,6417.0,0.293,2,6,1,-1.978,0
37.0,41369.0,3356.0,10.2,850.0,20696.0,0.255,0,2,0,1.268,0
53.0,42785.0,3733.0,6.8,546.0,22798.0,0.183,0,2,0,-0.278,0
35.0,85687.0,7144.0,4.0,812.0,29685.0,0.098,1,2,0,0.553,0
21.0,87278.0,7426.0,0.7,730.0,64400.0,0.43,1,5,0,-1.729,1
29.0,26212.0,2159.0,8.8,586.0,11662.0,0.224,2,5,0,0.161,0
44.0,38060.0,3208.0,18.2,831.0,23326.0,0.275,1,3,0,-0.205,0
42.0,44636.0,3727.0,2.8,596.0,17113.0,0.343,1,6,0,-1.61,1
21.0,72019.0,6104.0,0.3,638.0,46364.0,0.181,2,2,0,1.543,0
30.0,91993.0,7636.0,8.0,573.0,66516.0,0.217,3,3,0,1.341,1
32.0,185530.0,15941.0,3.2,651.0,66743.0,0.298,3,0,0,0.399,0
34.0,44602.0,3606.0,10.3,661.0,34590.0,0.256,0,3,0,0.829,1
23.0,45616.0,3873.0,1.4,719.0,7520.0,0.172,0,5,0,0.423,0
31.0,71678.0,5987.0,9.8,836.0,49073.0,0.361,1,0,0,-0.402,0
30.0,40461.0,3303.0,3.6,626.0,17980.0,0.254,1,5,1,-1.761,0
46.0,51620.0,4470.0,24.8,480.0,7940.0,0.314,2,2,0,-1.067,0
47.0,45630.0,3943.0,11.0,711.0,23682.0,0.306,2,1,0,-0.555,0
36.0,16905.0,1350.0,11.9,627.0,2510.0,0.397,0,0,0,2.059,0
34.0,58136.0,4862.0,2.7,789.0,41603.0,0.335,2,0,0,-0.914,1
40.0,50667.0,4282.0,10.4,663.0,33541.0,0.214,0,6,0,-0.339,1
29.0,97455.0,8193.0,2.8,608.0,52697.0,0.416,1,2,0,0.061,1
25.0,55136.0,4734.0,0.1,589.0,12391.0,0.253,4,3,0,0.475,0
28.0,31271.0,2674.0,3.3,705.0,24145.0,0.219,0,3,0,-0.215,0
31.0,48969.0,4102.0,1.9,642.0,33782.0,0.204,0,2,1,-0.42,1
25.0,21463.0,1870.0,5.0,765.0,12586.0,0.066,1,3,0,2.478,0
40.0,31894.0,2708.0,16.0,653.0,10335.0,0.239,1,3,1,-0.504,0
46.0,73208.0,6058.0,19.2,769.0,30244.0,0.34,1,0,0,2.401,0
21.0,49207.0,4055.0,0.5,564.0,14937.0,0.164,2,1,0,-0.407,0
38.0,83301.0,7114.0,4.7,541.0,57231.0,0.471,5,8,0,0.078,1
36.0,22697.0,1861.0,5.1,721.0,6393.0,0.076,0,4,0,0.794,0
42.0,49315.0,4076.0,4.4,630.0,11280.0,0.222,2,7,1,-0.371,0
38.0,44405.0,3683.0,9.9,646.0,9359.0,0.151,1,5,0,-1.341,0
22.0,84560.0,7097.0,1.6,590.0,29670.0,0.392,2,1,0,0.267,0
24.0,74446.0,6180.0,0.8,584.0,38506.0,0.365,1,5,0,-1.268,0
38.0,73431.0,5958.0,0.1,705.0,49473.0,0.273,0,3,1,-2.369,0
49.0,110054.0,9384.0,3.7,661.0,81828.0,0.158,3,3,0,0.428,0
21.0,46604.0,3852.0,0.5,586.0,5130.0,0.18,0,4,0,-1.1,1
42.0,100295.0,8696.0,0.4,716.0,8564.0,0.325,0,3,0,0.88,0
51.0,34379.0,2882.0,12.5,749.0,11072.0,0.232,2,0,0,0.241,0
36.0,33816.0,2889.0,1.8,653.0,22237.0,0.244,0,3,1,0.716,0
44.0,77175.0,6512.0,2.6,732.0,56380.0,0.293,0,5,0,1.327,0
30.0,27944.0,2390.0,7.3,594.0,4928.0,0.259,4,3,0,0.713,1
37.0,71170.0,5999.0,16.7,709.0,18812.0,0.125,1,4,0,1.065,0
21.0,57566.0,4820.0,0.2,671.0,41820.0,0.167,0,3,0,-0.648,0
21.0,89092.0,7587.0,0.2,605.0,42930.0,0.169,0,2,0,1.108,0
48.0,53548.0,4684.0,8.4,808.0,19051.0,0.227,1,2,0,0.538,0
27.0,56405.0,4675.0,5.6,679.0,13123.0,0.309,0,0,0,0.484,1
33.0,69166.0,5855.0,6.6,622.0,9315.0,0.305,3,3,1,1.026,0
23.0,40819.0,3401.0,1.6,662.0,5361.0,0.419,1,1,0,1.073,0
22.0,40026.0,3369.0,1.4,600.0,22237.0,0.159,3,4,1,0.312,0
36.0,68090.0,5679.0,15.1,587.0,40194.0,0.331,1,3,0,-1.848,1
30.0,54280.0,4328.0,0.3,629.0,17601.0,0.221,0,4,0,1.376,0
42.0,45789.0,3800.0,3.5,635.0,23101.0,0.498,1,3,0,-0.498,1
43.0,52989.0,4504.0,8.8,608.0,8851.0,0.289,1,5,0,0.339,1
42.0,112718.0,9249.0,10.5,753.0,7407.0,0.244,0,2,0,0.677,0
41.0,45059.0,3824.0,2.3,608.0,5627.0,0.327,1,2,0,-2.105,1
55.0,44475.0,3720.0,31.6,611.0,5755.0,0.32,3,2,0,-0.337,1
26.0,25508.0,2118.0,4.2,579.0,20115.0,0.262,2,7,1,0.175,1
37.0,53962.0,4578.0,16.2,578.0,12250.0,0.359,1,2,0,3.009,1
50.0,73916.0,6244.0,28.7,746.0,11131.0,0.451,0,1,0,0.91,0
52.0,80128.0,6733.0,16.4,686.0,51806.0,0.392,0,4,0,-0.908,0
22.0,57745.0,4910.0,2.0,709.0,18767.0,0.285,0,2,0,1.2,0
35.0,84560.0,7075.0,10.7,737.0,17309.0,0.478,0,1,0,1.475,0
53.0,76431.0,6160.0,11.9,643.0,16454.0,0.348,1,4,1,-0.239,0
44.0,90755.0,7506.0,15.5,771.0,14002.0,0.19,0,6,0,0.063,0
40.0,85650.0,6880.0,19.2,626.0,9415.0,0.305,1,2,1,0.522,0
36.0,111478.0,9412.0,11.9,589.0,62439.0,0.278,1,2,0,0.528,1
34.0,50956.0,4322.0,9.8,691.0,19363.0,0.246,3,2,0,-0.028,0
41.0,30270.0,2570.0,4.7,672.0,4883.0,0.331,2,1,0,-1.073,0
35.0,74144.0,6239.0,12.7,676.0,47773.0,0.112,0,3,0,-1.652,0
38.0,78146.0,6638.0,6.8,734.0,5028.0,0.46,0,1,1,-0.957,0
39.0,111478.0,8997.0,11.8,673.0,41579.0,0.361,2,1,0,-0.546,1
31.0,97897.0,8141.0,7.1,685.0,14242.0,0.116,2,3,0,-0.137,0
44.0,131999.0,10689.0,12.3,761.0,9349.0,0.36,0,1,0,0.712,0
70.0,72695.0,6014.0,8.3,683.0,33657.0,0.344,0,0,0,-0.862,0
21.0,60965.0,5245.0,0.7,695.0,10155.0,0.447,2,3,0,-0.895,1
42.0,29491.0,2511.0,5.3,563.0,2990.0,0.472,2,1,0,0.489,1
30.0,63179.0,5335.0,2.6,850.0,25845.0,0.489,0,3,1,-0.787,0
44.0,42893.0,3561.0,3.1,550.0,29284.0,0.272,2,5,1,-0.662,1
39.0,60492.0,4941.0,11.5,628.0,25057.0,0.354,0,5,0,-0.133,0
46.0,56366.0,4715.0,3.1,622.0,6186.0,0.252,5,4,0,-0.229,0
51.0,68007.0,5793.0,10.7,813.0,18924.0,0.398,0,4,0,-1.142,0
40.0,52643.0,4423.0,17.9,627.0,20245.0,0.084,0,3,0,0.704,0
50.0,83771.0,6760.0,13.8,698.0,21853.0,0.172,0,1,0,1.119,0
21.0,16150.0,1349.0,0.9,621.0,4896.0,0.257,1,3,0,-0.445,0
55.0,59909.0,4801.0,17.5,596.0,25469.0,0.294,2,8,0,2.193,1
42.0,94486.0,8000.0,4.0,702.0,71512.0,0.316,1,5,0,-0.729,1
50.0,127594.0,10485.0,22.7,621.0,83400.0,0.427,1,6,0,0.012,0
25.0,76456.0,6215.0,1.6,675.0,15542.0,0.235,1,4,1,-1.3,0
29.0,117393.0,9943.0,8.6,708.0,75008.0,0.171,1,6,0,-0.479,0
40.0,59344.0,5001.0,5.1,796.0,20528.0,0.261,1,1,0,1.835,0
38.0,55071.0,4611.0,14.6,579.0,36445.0,0.239,0,6,0,0.348,0
41.0,69796.0,6071.0,10.4,655.0,35793.0,0.355,2,2,0,0.05,0
50.0,54921.0,4635.0,25.2,665.0,30714.0,0.453,1,2,0,-0.834,0
21.0,38678.0,3182.0,0.2,660.0,12438.0,0.444,3,6,0,-1.399,0
49.0,43618.0,3673.0,18.2,849.0,25512.0,0.409,0,2,0,1.237,0
38.0,33344.0,2763.0,2.0,649.0,15814.0,0.243,2,1,0,0.398,0
36.0,69763.0,5961.0,12.7,490.0,35853.0,0.284,3,2,1,-0.822,1
22.0,55283.0,4633.0,0.4,646.0,25446.0,0.342,0,1,0,-0.902,0
44.0,46768.0,3927.0,10.1,657.0,4295.0,0.223,1,2,0,0.548,0
21.0,42620.0,3449.0,0.7,643.0,17290.0,0.232,2,2,0,1.01,0
45.0,69035.0,5760.0,12.0,616.0,6106.0,0.337,2,3,0,-1.448,0
22.0,78143.0,6505.0,1.2,568.0,13782.0,0.164,2,3,0,-0.05,1
39.0,33069.0,2699.0,12.8,818.0,13449.0,0.409,0,2,0,0.237,0
37.0,30811.0,2556.0,2.2,683.0,10927.0,0.26,0,2,0,0.108,1
51.0,84509.0,7104.0,23.9,658.0,7264.0,0.354,1,0,0,-0.131,0
36.0,29622.0,2468.0,6.8,812.0,4530.0,0.321,0,5,0,-1.456,0
30.0,70365.0,5698.0,6.2,602.0,28074.0,0.425,2,4,1,0.07,0
32.0,113857.0,9436.0,2.7,704.0,88324.0,0.087,0,3,0,0.785,0
52.0,113976.0,9409.0,13.5,579.0,47277.0,0.426,2,3,0,-1.416,1
44.0,76660.0,6413.0,19.5,722.0,48251.0,0.424,0,0,0,0.165,0
34.0,75664.0,6316.0,12.7,587.0,28926.0,0.328,3,1,0,0.423,1
35.0,151516.0,12522.0,14.5,700.0,29363.0,0.352,0,3,0,-1.113,1
21.0,19237.0,1589.0,0.7,797.0,1267.0,0.36,1,1,0,-0.618,0
42.0,44629.0,3724.0,1.8,667.0,14800.0,0.21,2,2,1,-0.862,0
21.0,80572.0,6844.0,0.4,507.0,59593.0,0.305,5,2,0,0.038,1
46.0,47255.0,3960.0,5.1,665.0,13875.0,0.389,2,0,0,-1.103,0
39.0,96085.0,8235.0,13.5,700.0,31362.0,0.121,1,1,1,-1.694,0
64.0,54035.0,4605.0,7.1,727.0,30775.0,0.347,0,0,0,0.435,0
26.0,58359.0,5009.0,5.8,766.0,35172.0,0.309,0,1,0,1.053,0
37.0,48605.0,4161.0,3.3,768.0,24608.0,0.363,1,4,0,-0.306,0
58.0,43476.0,3736.0,2.0,652.0,13202.0,0.173,1,5,0,-1.96,0
51.0,42997.0,3500.0,26.2,627.0,32632.0,0.226,1,3,1,-1.175,0
30.0,62138.0,5245.0,2.1,583.0,19535.0,0.16,2,4,0,-0.513,0
40.0,38814.0,3313.0,0.5,622.0,10441.0,0.159,1,2,0,0.18,0
38.0,84460.0,7235.0,9.9,698.0,57633.0,0.383,3,3,0,-0.784,0
41.0,73795.0,6055.0,20.5,576.0,55450.0,0.241,0,1,0,0.224,0
30.0,90204.0,7616.0,2.8,596.0,69224.0,0.234,0,2,0,-0.88,1
37.0,33093.0,2762.0,7.0,703.0,14889.0,0.409,0,3,0,1.159,1
21.0,25599.0,2212.0,0.2,615.0,17974.0,0.266,2,3,0,-1.534,1
39.0,54897.0,4448.0,10.9,691.0,10309.0,0.396,0,4,0,-0.237,0
43.0,202713.0,16633.0,7.4,607.0,145295.0,0.195,1,1,0,-0.597,1
35.0,97235.0,7809.0,9.2,685.0,60154.0,0.265,1,3,1,0.161,0
21.0,42855.0,3582.0,0.5,606.0,14973.0,0.209,3,3,0,-1.361,0
49.0,66577.0,5799.0,26.8,540.0,15572.0,0.355,2,5,0,0.112,1
42.0,76306.0,6353.0,14.7,734.0,47289.0,0.279,1,6,0,-0.558,0
30.0,29712.0,2481.0,6.8,615.0,11081.0,0.373,1,0,0,0.192,0
35.0,101867.0,8582.0,7.3,646.0,79860.0,0.315,2,1,0,-0.585,0
21.0,51009.0,4241.0,0.5,612.0,35244.0,0.105,0,0,0,1.11,0
27.0,52801.0,4432.0,2.1,699.0,33942.0,0.274,0,0,1,-0.03,1
32.0,55592.0,4669.0,6.1,686.0,16697.0,0.146,0,3,1,-0.358,1
52.0,92054.0,7541.0,6.0,701.0,53736.0,0.335,0,5,0,-0.317,0
31.0,39154.0,3257.0,1.5,622.0,24156.0,0.356,0,2,0,-0.287,0
45.0,25513.0,2158.0,9.3,661.0,9110.0,0.366,1,5,0,0.617,0
32.0,63603.0,5399.0,1.6,690.0,7692.0,0.288,1,1,0,0.047,0
41.0,21926.0,1875.0,4.8,771.0,13188.0,0.137,1,4,0,-0.286,1
36.0,48031.0,4029.0,8.8,686.0,13009.0,0.321,0,3,1,0.725,0
48.0,93825.0,7874.0,21.8,601.0,14033.0,0.341,2,4,0,2.084,1
32.0,71373.0,6037.0,2.7,680.0,5853.0,0.282,0,1,1,-0.68,0
21.0,87917.0,7239.0,0.8,649.0,25975.0,0.309,2,5,1,0.231,0
23.0,72711.0,5982.0,0.0,520.0,31444.0,0.111,1,2,1,-0.809,0
32.0,162712.0,13526.0,12.1,537.0,12821.0,0.307,4,3,1,0.51,0
24.0,42209.0,3428.0,2.2,656.0,19946.0,0.289,2,4,0,1.293,0
43.0,65792.0,5527.0,10.7,667.0,47471.0,0.179,1,2,0,-1.387,0
33.0,45159.0,3842.0,8.4,644.0,22509.0,0.353,1,6,0,0.328,0
64.0,84597.0,6950.0,21.0,732.0,37514.0,0.251,2,1,0,-1.672,0
21.0,53497.0,4497.0,0.4,595.0,11994.0,0.323,3,5,1,-0.587,1
40.0,119201.0,9808.0,7.5,567.0,45229.0,0.349,1,2,1,-0.096,0
26.0,43314.0,3536.0,5.5,605.0,21675.0,0.333,2,5,0,0.605,1
33.0,103600.0,8988.0,10.8,623.0,72399.0,0.166,2,2,1,-1.079,0
40.0,71826.0,5866.0,9.8,661.0,51095.0,0.262,1,2,1,-1.228,0
21.0,54202.0,4401.0,0.8,605.0,21082.0,0.513,1,4,1,-0.75,0
41.0,70206.0,5876.0,3.1,512.0,13181.0,0.44,1,8,0,0.167,0
59.0,61862.0,5183.0,20.6,490.0,35913.0,0.383,3,3,0,-1.485,0
33.0,64555.0,5451.0,5.9,672.0,49251.0,0.327,1,0,0,2.399,0
41.0,50111.0,4343.0,6.8,584.0,38507.0,0.201,4,1,0,-0.712,0
49.0,40110.0,3291.0,26.9,533.0,31957.0,0.284,2,1,0,-0.89,1
36.0,47302.0,3896.0,13.5,710.0,11313.0,0.258,0,5,0,-1.337,0
32.0,25788.0,2218.0,10.5,773.0,17476.0,0.292,1,3,1,0.499,0
21.0,80335.0,6820.0,0.6,654.0,7132.0,0.155,2,2,0,-0.548,0
45.0,31548.0,2671.0,9.4,684.0,1933.0,0.395,1,6,1,0.552,0
37.0,49869.0,4107.0,12.7,686.0,27693.0,0.031,0,3,0,0.337,0
27.0,73623.0,6273.0,0.7,498.0,10301.0,0.386,0,2,0,1.889,0
39.0,80243.0,6794.0,16.5,730.0,27385.0,0.388,0,3,1,-1.194,0
32.0,24748.0,2070.0,0.3,747.0,1469.0,0.533,1,3,0,-0.066,1
32.0,52773.0,4346.0,10.0,794.0,6074.0,0.275,1,2,0,-0.259,1
45.0,67641.0,5649.0,17.4,638.0,13967.0,0.248,1,2,0,-2.067,0
23.0,56303.0,4847.0,0.3,581.0,26229.0,0.312,4,4,0,0.44,1
50.0,100702.0,8208.0,4.3,757.0,30105.0,0.356,0,3,1,-0.308,0
23.0,37997.0,3116.0,1.2,696.0,17969.0,0.291,4,1,1,0.723,0
31.0,21873.0,1800.0,3.2,723.0,11740.0,0.182,1,1,0,0.155,0
59.0,79200.0,6546.0,34.0,632.0,4160.0,0.356,3,3,1,-0.08,0
50.0,43192.0,3598.0,5.9,682.0,29620.0,0.3,2,0,0,1.311,0
39.0,24928.0,2117.0,8.0,590.0,2326.0,0.199,1,2,0,-0.744,0
28.0,51213.0,4307.0,2.0,661.0,36095.0,0.138,2,4,0,0.806,0
32.0,95687.0,7984.0,1.5,636.0,74832.0,0.547,1,4,0,0.338,1
39.0,31152.0,2610.0,4.9,826.0,22667.0,0.383,1,2,0,1.612,1
38.0,157359.0,13277.0,15.8,706.0,71855.0,0.356,0,1,0,-0.244,1
37.0,37724.0,3038.0,12.2,515.0,23662.0,0.289,1,5,1,2.243,1
38.0,57196.0,4869.0,16.1,668.0,10267.0,0.369,0,3,0,-0.461,0
36.0,31776.0,2604.0,6.3,689.0,23922.0,0.195,2,3,0,0.424,0
22.0,56040.0,4629.0,0.5,627.0,3782.0,0.32,3,1,0,-0.618,0
32.0,51787.0,4345.0,0.3,583.0,24009.0,0.324,4,2,0,0.829,1
48.0,28136.0,2341.0,13.9,713.0,11139.0,0.197,0,1,0,-0.541,0
23.0,196165.0,16506.0,0.1,593.0,127050.0,0.29,1,3,0,2.657,1
36.0,44011.0,3678.0,0.1,700.0,26793.0,0.259,0,4,0,0.187,0
29.0,44028.0,3648.0,5.4,590.0,13104.0,0.224,4,1,1,-0.091,0
39.0,85064.0,7305.0,3.2,624.0,14686.0,0.246,3,2,0,-0.933,1
34.0,124431.0,10516.0,7.7,731.0,80345.0,0.129,0,4,0,-2.015,1
54.0,91307.0,7655.0,19.6,704.0,71503.0,0.406,1,3,1,0.323,0
44.0,32034.0,2706.0,17.1,671.0,3953.0,0.456,1,4,1,-1.081,0
24.0,60557.0,4975.0,1.4,659.0,36314.0,0.207,2,4,0,0.721,0
45.0,23587.0,2051.0,17.9,675.0,10302.0,0.411,0,2,0,-2.688,0
29.0,82525.0,6727.0,3.5,606.0,23436.0,0.297,3,3,0,-1.082,0
32.0,26351.0,2201.0,1.1,554.0,1603.0,0.299,3,2,0,0.071,1
41.0,38317.0,3175.0,6.6,703.0,22724.0,0.17,1,3,0,1.392,0
33.0,54921.0,4547.0,0.1,767.0,8184.0,0.244,0,3,0,-0.086,0
48.0,67194.0,5549.0,12.9,709.0,46237.0,0.353,1,0,0,0.164,1
29.0,48907.0,4013.0,7.0,681.0,12151.0,0.202,0,0,0,-1.132,0
31.0,108953.0,9295.0,8.8,580.0,53851.0,0.226,1,4,0,-0.02,1
31.0,76157.0,6193.0,2.5,723.0,20043.0,0.249,0,5,1,-0.425,0
32.0,73513.0,6247.0,1.2,694.0,42394.0,0.02,1,1,0,1.632,0
50.0,31630.0,2670.0,5.6,716.0,4361.0,0.333,1,2,0,-2.053,0
45.0,118161.0,9772.0,24.5,745.0,36307.0,0.364,0,5,0,0.723,0
57.0,38319.0,3227.0,11.5,777.0,16543.0,0.336,0,4,0,-0.72,0
63.0,120208.0,9986.0,18.4,591.0,58793.0,0.394,0,4,0,-0.207,1
27.0,136636.0,11136.0,0.5,570.0,66225.0,0.256,2,0,1,-0.208,1
39.0,69271.0,5647.0,14.8,678.0,7588.0,0.481,3,3,0,-0.513,0
25.0,87509.0,7388.0,2.3,597.0,6592.0,0.216,0,2,0,-1.096,1
29.0,15000.0,1265.0,0.8,584.0,3418.0,0.278,1,1,0,-1.559,0
31.0,50379.0,4219.0,5.2,748.0,3944.0,0.268,2,6,0,2.478,1
26.0,90315.0,7467.0,4.5,592.0,19459.0,0.319,1,2,0,-0.157,0
26.0,83376.0,6922.0,3.0,661.0,7874.0,0.276,1,2,0,-1.038,0
36.0,31768.0,2630.0,15.9,554.0,14153.0,0.29,3,4,0,0.705,1
25.0,48190.0,3876.0,4.0,666.0,6188.0,0.232,1,1,0,0.862,0
47.0,17566.0,1466.0,14.0,750.0,6349.0,0.256,0,2,0,0.024,0
28.0,66233.0,5577.0,7.4,749.0,41539.0,0.077,0,2,0,-1.026,1
69.0,23567.0,1967.0,39.7,753.0,14830.0,0.38,1,2,0,0.935,0
33.0,91473.0,7893.0,4.8,657.0,43142.0,0.198,4,1,0,-0.836,0
39.0,93650.0,7647.0,14.5,745.0,6844.0,0.251,0,2,0,-0.918,0
24.0,44428.0,3653.0,1.9,691.0,20105.0,0.194,3,1,0,-1.088,0
57.0,69540.0,5810.0,19.8,639.0,16655.0,0.357,1,2,0,-1.104,0
50.0,49881.0,4177.0,15.8,695.0,23759.0,0.246,0,3,0,0.722,0
41.0,61325.0,4916.0,17.1,731.0,44848.0,0.056,0,6,0,-0.543,0
23.0,32821.0,2768.0,2.9,569.0,16383.0,0.328,2,2,0,2.425,0
40.0,72781.0,6095.0,6.5,589.0,54982.0,0.225,7,2,0,0.252,1
26.0,26280.0,2097.0,3.6,652.0,5426.0,0.298,2,2,0,0.134,0
54.0,24140.0,2007.0,21.4,585.0,6065.0,0.383,0,3,0,0.244,0
47.0,52064.0,4268.0,23.9,585.0,8411.0,0.201,1,1,0,-0.585,0
39.0,50013.0,4130.0,8.5,635.0,5439.0,0.295,2,2,1,0.842,0
21.0,62170.0,5042.0,0.2,730.0,3598.0,0.223,0,4,0,-0.858,0
27.0,41061.0,3450.0,1.5,729.0,30629.0,0.399,2,2,0,-0.486,0
46.0,128496.0,11085.0,1.3,683.0,49959.0,0.308,1,3,1,0.872,0
51.0,59122.0,4953.0,3.2,674.0,44587.0,0.298,0,0,0,1.359,0
50.0,61077.0,4870.0,9.1,811.0,42632.0,0.176,0,1,0,2.074,0
21.0,60105.0,5037.0,0.1,622.0,36540.0,0.375,0,1,0,-0.444,0
41.0,86370.0,7169.0,18.6,686.0,63774.0,0.388,0,0,0,0.545,0
49.0,71275.0,5809.0,10.6,624.0,17677.0,0.223,1,2,0,-1.816,0
21.0,67104.0,5632.0,0.4,570.0,46455.0,0.315,3,5,0,1.575,1
38.0,76595.0,6495.0,13.6,750.0,42892.0,0.359,0,7,1,-0.167,0
41.0,24198.0,1990.0,6.3,642.0,12091.0,0.522,1,4,0,0.707,1
35.0,24612.0,1984.0,10.5,714.0,12651.0,0.339,1,1,0,0.641,0
21.0,53149.0,4251.0,0.8,643.0,38779.0,0.3,0,6,0,0.473,1
34.0,50319.0,4137.0,5.2,750.0,37572.0,0.284,0,5,0,-0.632,0
34.0,71396.0,5931.0,6.9,594.0,13046.0,0.29,3,1,1,-0.737,0
36.0,55498.0,4577.0,5.3,744.0,6137.0,0.377,0,2,0,0.914,0
32.0,71462.0,5874.0,5.0,725.0,18186.0,0.212,0,3,0,-0.512,0
33.0,31400.0,2646.0,7.6,538.0,20650.0,0.393,3,3,0,-0.699,1
38.0,54735.0,4603.0,6.1,627.0,6721.0,0.146,0,0,0,-0.108,0
43.0,30080.0,2517.0,10.6,737.0,16433.0,0.367,3,1,1,-0.135,1
35.0,65459.0,5544.0,7.3,778.0,22872.0,0.394,1,1,0,-0.422,0
33.0,23620.0,1943.0,0.3,710.0,17343.0,0.381,1,3,0,-0.144,1
39.0,64333.0,5244.0,3.1,634.0,42782.0,0.327,3,3,0,0.274,1
21.0,28397.0,2342.0,0.5,592.0,12235.0,0.339,2,2,1,-1.009,0
43.0,46282.0,3811.0,0.1,700.0,15528.0,0.26,0,3,1,-1.165,0
38.0,82274.0,6575.0,12.7,637.0,55614.0,0.188,1,1,1,0.569,1
38.0,60926.0,5022.0,16.7,641.0,14211.0,0.325,3,4,1,0.408,0
49.0,26227.0,2234.0,21.6,655.0,11999.0,0.307,1,2,0,-0.341,1
21.0,40640.0,3441.0,0.3,722.0,30429.0,0.392,0,2,0,-0.559,0
21.0,27986.0,2357.0,0.4,787.0,14071.0,0.286,0,1,1,0.797,0
41.0,25654.0,2143.0,13.7,739.0,19178.0,0.316,0,2,0,-1.177,0
38.0,57991.0,4973.0,12.2,667.0,22124.0,0.329,0,0,0,-1.135,0
40.0,70772.0,5773.0,19.4,607.0,36941.0,0.357,1,3,0,-0.767,1
33.0,67061.0,5481.0,6.4,710.0,50651.0,0.395,1,2,0,-2.447,1
45.0,72133.0,6146.0,6.3,780.0,43493.0,0.205,1,4,0,1.984,0
48.0,54706.0,4561.0,10.2,735.0,39891.0,0.37,0,1,0,-1.304,1
43.0,48633.0,3998.0,21.5,685.0,32780.0,0.282,1,2,1,1.021,0
35.0,33935.0,2859.0,9.6,631.0,3677.0,0.364,2,4,0,0.287,0
21.0,45119.0,3727.0,0.9,685.0,11002.0,0.448,1,6,1,0.378,0
46.0,30348.0,2487.0,19.2,750.0,18394.0,0.089,1,7,1,1.662,0
51.0,37600.0,3079.0,30.4,691.0,26979.0,0.421,1,3,1,0.455,0
45.0,57246.0,4801.0,12.6,659.0,37309.0,0.288,0,3,0,-0.054,0
28.0,52160.0,4365.0,7.9,616.0,14859.0,0.214,2,4,0,1.487,1
45.0,218429.0,18755.0,22.5,850.0,112662.0,0.256,1,1,0,-2.149,0
47.0,30016.0,2487.0,23.2,609.0,16390.0,0.197,0,1,0,1.278,0
55.0,51989.0,4306.0,33.0,608.0,19651.0,0.351,2,0,0,0.097,1
28.0,28981.0,2485.0,4.4,674.0,14223.0,0.197,2,6,0,-0.082,0
36.0,46193.0,3925.0,11.5,652.0,36469.0,0.42,1,5,0,-0.245,1
46.0,47047.0,3932.0,14.6,739.0,21572.0,0.369,0,3,0,0.356,0
39.0,80441.0,6494.0,14.5,741.0,15748.0,0.323,1,0,0,-0.496,0
26.0,44924.0,3683.0,4.4,577.0,19231.0,0.096,1,1,0,-0.961,1
43.0,50463.0,4117.0,17.1,616.0,9175.0,0.168,0,5,1,0.076,0
44.0,45317.0,3779.0,10.4,604.0,25657.0,0.292,0,3,0,0.708,0
39.0,29279.0,2415.0,15.1,722.0,21269.0,0.297,0,2,0,-0.124,1
40.0,41013.0,3527.0,17.9,699.0,22840.0,0.394,2,2,0,0.483,0
35.0,46315.0,3738.0,9.6,639.0,32801.0,0.02,1,3,0,0.72,0
54.0,56858.0,4628.0,15.6,683.0,33874.0,0.224,1,0,0,0.664,0
28.0,70729.0,5923.0,6.9,585.0,26742.0,0.384,2,5,0,0.571,1
32.0,49490.0,4167.0,9.0,613.0,22451.0,0.266,0,4,0,0.621,0
38.0,49100.0,3880.0,8.5,573.0,22066.0,0.253,2,4,0,0.29,0
48.0,25355.0,2040.0,16.0,678.0,8731.0,0.139,1,4,0,-2.13,0
22.0,70120.0,5813.0,1.0,670.0,8393.0,0.406,0,2,0,-0.719,0
24.0,40213.0,3442.0,2.5,592.0,23177.0,0.252,2,7,1,-0.271,0
21.0,76979.0,6657.0,0.3,690.0,6572.0,0.409,1,2,1,0.823,0
38.0,99458.0,8219.0,5.4,737.0,20193.0,0.447,0,3,0,-0.483,0
26.0,50540.0,4197.0,5.1,590.0,19731.0,0.432,1,4,1,0.979,0
34.0,34704.0,2844.0,12.9,644.0,27427.0,0.297,2,5,0,1.433,0
45.0,54588.0,4607.0,10.2,701.0,15293.0,0.252,1,7,0,2.197,0
31.0,64344.0,5526.0,10.0,665.0,41568.0,0.245,1,3,0,0.633,0
41.0,47720.0,4077.0,9.7,569.0,17399.0,0.497,3,1,0,-0.665,1
35.0,42671.0,3554.0,2.5,630.0,9224.0,0.279,3,4,0,0.391,1
45.0,70875.0,5807.0,18.6,636.0,4957.0,0.405,0,5,0,0.831,1
43.0,68803.0,5735.0,1.1,649.0,8004.0,0.348,1,2,0,-1.5,0
30.0,47064.0,4030.0,1.2,652.0,17063.0,0.259,0,4,1,1.195,0
36.0,26128.0,2160.0,15.2,777.0,9148.0,0.275,0,0,0,-0.506,0
49.0,67539.0,5424.0,15.3,653.0,35105.0,0.418,0,1,0,0.203,0
42.0,38941.0,3222.0,5.9,543.0,3764.0,0.303,2,2,0,-1.028,1
23.0,60569.0,5019.0,1.3,667.0,15927.0,0.255,2,2,0,1.068,0
45.0,58871.0,4727.0,14.6,790.0,3978.0,0.219,0,1,0,-1.855,0
26.0,23507.0,1968.0,3.9,650.0,16548.0,0.332,1,0,0,-0.061,0
54.0,57044.0,4802.0,11.7,635.0,19860.0,0.248,1,4,0,-0.499,0
49.0,69330.0,5992.0,11.3,644.0,33848.0,0.359,1,2,0,0.786,1
41.0,73263.0,5943.0,11.6,707.0,42706.0,0.554,1,1,0,-0.425,0
40.0,57983.0,4903.0,12.4,645.0,14552.0,0.352,1,0,0,1.246,1
36.0,22592.0,1919.0,14.5,561.0,3416.0,0.48,1,3,0,-0.289,0
45.0,97712.0,8227.0,10.0,618.0,47410.0,0.229,1,1,0,0.608,0
34.0,66174.0,5403.0,12.2,662.0,48143.0,0.368,0,2,0,0.7,1
41.0,32003.0,2610.0,20.5,708.0,23024.0,0.426,0,2,0,0.387,1
48.0,38584.0,3222.0,9.4,624.0,10849.0,0.438,3,1,0,0.541,0
32.0,61031.0,5095.0,0.3,639.0,15235.0,0.428,3,3,0,-1.588,0
31.0,74682.0,6154.0,6.8,667.0,23537.0,0.302,2,3,0,-0.574,0
25.0,44157.0,3775.0,4.4,608.0,10330.0,0.389,0,3,0,-0.498,0
26.0,79744.0,6592.0,0.3,654.0,61673.0,0.198,1,2,1,0.663,1
21.0,24547.0,1968.0,0.2,693.0,1866.0,0.461,0,8,0,1.177,0
46.0,34406.0,2854.0,17.6,586.0,6657.0,0.205,3,2,0,0.279,0
58.0,21723.0,1828.0,30.7,697.0,1547.0,0.425,0,2,0,-0.303,0
54.0,36727.0,3081.0,2.9,585.0,25359.0,0.404,4,2,0,0.024,1
21.0,108415.0,9095.0,0.4,585.0,43760.0,0.404,0,2,0,0.304,1
46.0,138843.0,11916.0,6.2,617.0,30690.0,0.507,2,5,0,-0.084,0
54.0,61124.0,4980.0,32.5,772.0,21182.0,0.405,0,3,0,-0.663,0
33.0,41266.0,3410.0,8.9,544.0,5347.0,0.167,0,1,1,-1.157,0
39.0,49779.0,4276.0,9.1,632.0,6509.0,0.359,2,2,1,-1.009,0
21.0,68056.0,5448.0,0.9,659.0,51734.0,0.111,1,2,1,-1.149,0
41.0,27221.0,2266.0,11.3,747.0,15572.0,0.291,0,2,0,0.17,0
26.0,42509.0,3629.0,5.7,799.0,22488.0,0.258,0,2,0,-0.636,0
40.0,104903.0,8954.0,4.8,633.0,42440.0,0.364,1,1,0,0.632,0
21.0,34356.0,2901.0,0.0,698.0,14339.0,0.218,0,1,1,-2.222,0
44.0,39263.0,3317.0,10.3,659.0,24697.0,0.221,2,0,0,-0.808,1
49.0,55328.0,4515.0,6.0,656.0,4940.0,0.35,1,0,0,-0.177,0
29.0,62474.0,5349.0,7.8,683.0,34397.0,0.417,1,2,0,0.17,1
25.0,41516.0,3377.0,2.9,550.0,19217.0,0.3,3,1,0,0.078,1
21.0,56938.0,4637.0,0.3,657.0,15944.0,0.532,0,4,0,0.977,0
35.0,72306.0,6072.0,11.7,697.0,15311.0,0.266,0,2,0,1.485,0
32.0,132952.0,10970.0,6.1,603.0,92577.0,0.368,2,5,0,0.458,1
21.0,51963.0,4348.0,0.5,692.0,38903.0,0.334,0,0,0,0.124,1
43.0,53987.0,4538.0,4.2,541.0,6579.0,0.266,1,4,0,0.537,0
33.0,109365.0,9438.0,13.0,673.0,19398.0,0.431,1,0,0,-0.102,0
26.0,42957.0,3611.0,4.1,756.0,23641.0,0.211,0,0,0,1.199,0
32.0,30307.0,2494.0,10.2,650.0,19109.0,0.092,2,1,0,-0.043,1
50.0,61556.0,5199.0,22.6,603.0,25761.0,0.287,2,2,0,-0.191,0
45.0,89265.0,7315.0,12.4,566.0,66518.0,0.274,1,1,0,0.496,0
37.0,64703.0,5490.0,0.2,687.0,45601.0,0.406,0,4,0,-0.667,1
45.0,52651.0,4393.0,16.5,733.0,7618.0,0.175,0,2,1,1.537,0
25.0,28662.0,2408.0,0.5,656.0,4495.0,0.352,4,2,0,-1.506,0
38.0,53574.0,4306.0,17.6,636.0,6130.0,0.34,0,3,0,-1.033,1
40.0,95799.0,7624.0,4.9,527.0,67688.0,0.332,3,4,0,1.097,1
33.0,31563.0,2551.0,4.7,671.0,14778.0,0.404,0,2,0,1.631,0
43.0,49264.0,4249.0,12.6,618.0,37246.0,0.298,1,3,0,1.99,0
29.0,46199.0,3762.0,4.7,618.0,27578.0,0.305,3,3,0,-0.537,0
44.0,40180.0,3397.0,15.5,781.0,24068.0,0.345,1,1,0,-0.083,0
44.0,61491.0,5059.0,18.9,543.0,8846.0,0.29,2,3,0,0.323,1
21.0,67143.0,5568.0,0.8,544.0,8872.0,0.165,2,5,0,0.452,1
51.0,66827.0,5564.0,28.2,690.0,50001.0,0.259,1,3,0,1.074,0
21.0,35437.0,3050.0,0.5,633.0,14598.0,0.274,1,5,0,0.452,0
31.0,26223.0,2211.0,6.0,627.0,20859.0,0.244,3,3,0,2.595,1
49.0,61893.0,5197.0,25.6,692.0,18090.0,0.268,0,2,0,1.127,0
35.0,43802.0,3745.0,4.1,680.0,22604.0,0.318,1,1,0,1.218,0
22.0,125785.0,10349.0,0.5,592.0,60327.0,0.273,3,5,0,-0.867,1
26.0,128427.0,10931.0,0.1,619.0,12979.0,0.385,0,3,1,0.919,0
49.0,134713.0,11428.0,21.6,674.0,59158.0,0.387,1,3,0,1.162,1
21.0,36028.0,3056.0,0.7,672.0,26779.0,0.062,2,2,1,0.957,0
50.0,71062.0,5903.0,8.4,698.0,27743.0,0.157,0,1,0,-1.675,0
37.0,81391.0,6723.0,2.3,620.0,32920.0,0.06,0,4,0,-0.741,1
25.0,77369.0,6335.0,0.2,684.0,44537.0,0.273,3,1,0,-0.729,0
32.0,46892.0,3845.0,5.7,729.0,29802.0,0.266,0,4,0,-0.144,0
27.0,97803.0,8001.0,1.3,664.0,65623.0,0.315,2,2,0,-0.27,0
48.0,55012.0,4618.0,21.8,664.0,21398.0,0.384,0,1,0,3.13,0
46.0,58264.0,4833.0,24.8,656.0,22316.0,0.296,1,5,0,-0.458,0
21.0,27531.0,2314.0,0.8,617.0,11150.0,0.24,1,5,1,0.085,1
34.0,73514.0,6186.0,11.5,600.0,57101.0,0.3,2,2,0,0.67,0
29.0,48918.0,3990.0,8.4,643.0,36536.0,0.251,4,1,1,0.151,0
52.0,67795.0,5526.0,23.9,703.0,35054.0,0.152,0,2,0,1.977,0
23.0,61138.0,5072.0,1.8,599.0,16094.0,0.396,1,3,0,0.561,0
56.0,59666.0,4895.0,28.9,669.0,43276.0,0.342,1,1,0,-0.208,1
38.0,53880.0,4411.0,9.9,652.0,9601.0,0.445,2,4,0,-0.244,0
25.0,78359.0,6751.0,2.3,786.0,10192.0,0.176,0,2,0,1.014,0
31.0,50291.0,4062.0,0.3,711.0,18151.0,0.139,0,1,0,1.378,0
29.0,28574.0,2478.0,5.9,712.0,16115.0,0.206,0,3,0,0.651,0
24.0,71049.0,5955.0,3.6,726.0,6355.0,0.34,0,2,0,-0.456,0
39.0,38217.0,3248.0,13.2,628.0,10879.0,0.386,3,3,0,-0.518,1
24.0,30308.0,2570.0,1.8,757.0,19340.0,0.329,2,3,0,0.672,0
21.0,34720.0,2929.0,0.6,671.0,18902.0,0.314,0,2,0,1.682,0
34.0,62479.0,5380.0,11.2,662.0,7082.0,0.385,2,1,0,0.841,1
21.0,52662.0,4294.0,0.8,575.0,10604.0,0.254,3,4,0,-0.276,1
30.0,21065.0,1750.0,4.8,634.0,12510.0,0.406,1,4,0,-0.105,0
28.0,46279.0,3791.0,2.9,538.0,6363.0,0.499,2,2,0,-1.945,1
28.0,93083.0,7494.0,3.3,644.0,5332.0,0.194,1,5,0,1.203,0
60.0,44892.0,3691.0,36.3,638.0,35667.0,0.275,1,0,0,-1.104,0
39.0,51053.0,4414.0,3.2,634.0,26060.0,0.161,1,5,0,1.189,1
41.0,87942.0,7303.0,17.9,572.0,32689.0,0.203,5,3,1,0.171,1
21.0,78673.0,6816.0,0.2,709.0,39164.0,0.339,0,2,0,2.138,0
31.0,87106.0,7562.0,10.6,707.0,48138.0,0.131,0,4,0,1.123,0
40.0,15795.0,1395.0,9.1,783.0,6660.0,0.222,0,0,0,0.427,0
27.0,119991.0,10380.0,4.9,779.0,65221.0,0.405,0,1,0,0.083,0
48.0,73238.0,6391.0,20.4,681.0,42583.0,0.322,0,3,0,-0.559,0
25.0,166500.0,13965.0,3.7,733.0,30735.0,0.377,0,3,0,0.136,0
35.0,38679.0,3238.0,11.7,684.0,14225.0,0.171,0,1,0,-0.056,0
32.0,24873.0,2085.0,0.5,630.0,6926.0,0.307,0,4,0,-1.417,0
40.0,55179.0,4598.0,5.4,643.0,35757.0,0.489,2,2,0,1.342,1
31.0,48590.0,4061.0,2.5,706.0,30487.0,0.234,1,1,0,-0.221,0
35.0,73809.0,6243.0,10.5,850.0,48563.0,0.251,1,4,1,-0.247,0
35.0,89215.0,7365.0,10.5,747.0,33733.0,0.358,1,3,0,-1.749,0
30.0,52881.0,4285.0,2.9,679.0,25462.0,0.21,1,2,0,-0.368,0
43.0,49354.0,4143.0,18.5,703.0,28586.0,0.372,0,7,0,0.789,0
41.0,69586.0,5718.0,6.4,696.0,20290.0,0.12,1,3,0,-0.717,0
37.0,49008.0,4036.0,5.8,657.0,38386.0,0.057,1,2,0,-0.949,0
33.0,47198.0,3922.0,5.3,716.0,15762.0,0.331,0,1,0,-0.214,0
47.0,87711.0,7255.0,19.9,659.0,39712.0,0.202,3,4,1,0.157,0
35.0,96954.0,8259.0,0.2,589.0,64968.0,0.243,0,2,0,1.049,1
35.0,89579.0,7440.0,13.3,700.0,54671.0,0.388,1,4,0,1.297,0
39.0,50990.0,4348.0,13.3,710.0,21731.0,0.362,0,1,0,-0.044,0
57.0,20998.0,1757.0,21.5,661.0,7480.0,0.177,1,3,1,-1.282,0
23.0,51452.0,4280.0,0.8,682.0,27156.0,0.352,2,1,1,-0.546,0
46.0,39105.0,3269.0,20.8,738.0,14734.0,0.27,0,1,1,1.031,0
21.0,51881.0,4212.0,0.9,657.0,25630.0,0.342,1,2,0,-1.104,0
40.0,40664.0,3412.0,10.2,634.0,26431.0,0.298,2,1,0,0.67,1
55.0,54489.0,4618.0,10.3,616.0,7701.0,0.15,2,1,0,2.36,0
43.0,34455.0,2928.0,8.9,647.0,19743.0,0.229,1,0,1,0.965,1
40.0,30908.0,2506.0,8.3,772.0,2793.0,0.059,0,2,0,0.377,0
32.0,95349.0,7704.0,3.6,648.0,57258.0,0.319,1,1,0,1.364,1
38.0,35552.0,2931.0,13.1,692.0,7354.0,0.34,0,3,0,0.439,1
35.0,55008.0,4711.0,5.2,640.0,23105.0,0.23,0,3,0,-0.368,1
29.0,84510.0,7074.0,7.7,635.0,21148.0,0.288,1,2,0,0.221,1
35.0,82994.0,6809.0,6.9,602.0,24187.0,0.203,5,3,0,-1.062,0
40.0,78651.0,6364.0,12.7,673.0,41020.0,0.426,1,2,0,-1.279,0
30.0,63031.0,5181.0,9.1,628.0,23534.0,0.171,2,1,0,-0.126,0
29.0,76183.0,6253.0,4.1,751.0,31667.0,0.269,1,4,0,-0.698,0
23.0,102026.0,8661.0,0.5,653.0,81539.0,0.17,2,3,1,-0.712,0
42.0,66593.0,5662.0,12.3,663.0,9404.0,0.323,1,0,0,-1.052,0
44.0,24061.0,1963.0,11.9,653.0,8137.0,0.404,0,4,0,-0.271,0
41.0,43358.0,3668.0,16.1,694.0,19410.0,0.092,0,0,0,-0.713,0
49.0,75241.0,6352.0,24.6,777.0,49680.0,0.365,1,2,1,0.032,0
39.0,41477.0,3375.0,13.5,594.0,10858.0,0.463,5,4,0,-0.665,0
42.0,114021.0,9486.0,21.7,690.0,39381.0,0.313,0,1,1,-0.699,0
41.0,53458.0,4485.0,5.7,553.0,35600.0,0.233,3,2,0,-0.203,1
37.0,57151.0,4778.0,4.1,748.0,25591.0,0.296,0,1,0,-1.648,0
32.0,91238.0,7343.0,3.5,654.0,63141.0,0.245,5,4,0,-0.882,1
62.0,50656.0,4232.0,28.4,570.0,4977.0,0.496,1,3,0,1.236,0
33.0,59541.0,5025.0,3.0,572.0,15797.0,0.383,4,3,0,0.681,1
31.0,82429.0,7086.0,0.9,717.0,38603.0,0.39,0,1,0,0.013,0
43.0,28355.0,2331.0,22.3,555.0,4012.0,0.516,2,1,1,-1.51,0
41.0,48373.0,3987.0,6.5,683.0,19898.0,0.434,0,1,0,-1.045,0
23.0,79874.0,6628.0,0.6,630.0,5050.0,0.288,4,1,1,-0.254,0
50.0,56648.0,4748.0,10.9,652.0,24273.0,0.303,0,2,0,0.389,0
37.0,106446.0,8888.0,2.7,614.0,78795.0,0.536,0,2,1,-0.625,1
26.0,27063.0,2283.0,0.2,593.0,20601.0,0.226,2,3,0,0.562,1
51.0,25709.0,2094.0,9.5,631.0,7438.0,0.283,2,4,0,-0.161,0
45.0,77765.0,6532.0,8.4,704.0,4090.0,0.199,0,3,0,0.869,0
24.0,81203.0,6666.0,3.3,641.0,59612.0,0.118,2,3,0,0.423,1
58.0,50419.0,4190.0,16.4,698.0,23969.0,0.212,0,1,1,0.884,0
45.0,65859.0,5676.0,18.6,652.0,31972.0,0.214,0,2,0,0.011,0
38.0,76913.0,6230.0,13.2,709.0,50863.0,0.237,0,3,0,-0.524,1
55.0,38134.0,3160.0,28.0,703.0,13157.0,0.361,1,4,0,0.851,0
40.0,40015.0,3250.0,18.1,631.0,14609.0,0.299,2,3,0,0.159,0
38.0,59902.0,5007.0,8.8,598.0,41249.0,0.401,2,6,0,0.19,1
31.0,82614.0,7029.0,1.1,727.0,34586.0,0.315,1,4,0,0.474,0
44.0,32546.0,2721.0,0.9,604.0,19588.0,0.318,1,1,0,1.162,1
43.0,50313.0,4183.0,4.3,697.0,36667.0,0.271,0,2,1,0.423,0
38.0,49275.0,4215.0,15.1,670.0,17010.0,0.495,2,3,0,1.057,1
29.0,66381.0,5568.0,5.3,630.0,47575.0,0.258,1,2,1,-2.31,0
39.0,54785.0,4640.0,2.7,691.0,16192.0,0.392,0,1,0,0.513,0
37.0,43021.0,3636.0,2.3,757.0,32144.0,0.182,0,0,0,1.422,0
23.0,96466.0,7576.0,3.0,705.0,26917.0,0.276,0,5,0,1.061,0
22.0,43149.0,3590.0,0.9,670.0,9737.0,0.501,0,2,0,-0.987,0
44.0,48226.0,3932.0,4.2,776.0,28483.0,0.369,0,3,0,-0.656,0
21.0,26874.0,2202.0,0.9,543.0,19927.0,0.16,1,2,1,1.739,0
40.0,39893.0,3422.0,14.6,589.0,24977.0,0.197,0,0,0,2.411,0
33.0,69378.0,5738.0,6.1,631.0,41980.0,0.46,1,4,1,0.492,1
52.0,63536.0,5495.0,15.1,767.0,49543.0,0.309,1,1,0,3.537,0
33.0,72032.0,5834.0,8.5,730.0,33717.0,0.272,0,2,0,-0.201,0
45.0,70476.0,5746.0,8.5,544.0,50441.0,0.222,3,3,0,1.258,1
34.0,140725.0,11906.0,13.6,636.0,10951.0,0.268,3,1,1,-0.886,0
39.0,39283.0,3251.0,15.1,575.0,5858.0,0.441,2,0,0,0.493,0
46.0,26538.0,2225.0,16.7,666.0,6731.0,0.23,1,0,0,-1.219,0
33.0,34281.0,2850.0,8.9,728.0,26039.0,0.24,0,2,0,0.644,0
49.0,40072.0,3330.0,28.8,743.0,7922.0,0.36,2,2,0,-0.602,0
27.0,35477.0,2938.0,0.1,679.0,11967.0,0.196,0,1,1,-0.938,0
41.0,57368.0,4798.0,0.5,630.0,4397.0,0.207,1,1,0,1.504,0
48.0,96643.0,8157.0,22.1,664.0,10499.0,0.301,2,5,0,0.584,0
45.0,109967.0,9460.0,5.3,710.0,53552.0,0.303,0,4,0,-0.781,0
59.0,69011.0,5728.0,26.8,838.0,8509.0,0.219,2,2,0,-0.654,0
30.0,144157.0,11919.0,4.8,579.0,104428.0,0.347,2,4,0,-1.515,1
23.0,46851.0,3863.0,0.9,772.0,33468.0,0.322,1,2,0,-0.63,0
27.0,26382.0,2263.0,1.6,678.0,13631.0,0.103,0,1,1,-0.676,0
45.0,88346.0,7464.0,19.6,727.0,30675.0,0.378,0,1,0,0.4,0
43.0,24046.0,1928.0,4.0,675.0,17214.0,0.243,1,3,0,0.204,1
39.0,39157.0,3136.0,3.0,760.0,16284.0,0.381,0,1,0,-0.95,0
26.0,69504.0,5696.0,2.5,684.0,13412.0,0.508,1,6,0,-0.994,0
46.0,52524.0,4397.0,3.2,616.0,16243.0,0.293,2,1,0,1.807,0
25.0,50471.0,4203.0,2.9,693.0,16270.0,0.236,2,3,0,0.877,0
51.0,32329.0,2722.0,30.5,754.0,15675.0,0.438,1,1,0,0.931,0
69.0,54733.0,4545.0,37.0,679.0,19206.0,0.216,2,3,0,-0.033,1
42.0,86399.0,7401.0,13.3,521.0,57344.0,0.489,2,6,1,-1.174,1
44.0,55496.0,4696.0,9.6,657.0,28852.0,0.254,4,3,0,0.384,1
33.0,37854.0,3159.0,12.4,673.0,9051.0,0.237,1,1,0,-0.612,0
21.0,31373.0,2674.0,0.9,657.0,11029.0,0.537,2,2,1,2.723,0
31.0,38207.0,3079.0,9.3,630.0,22635.0,0.336,1,6,1,-0.762,1
26.0,65620.0,5459.0,1.4,753.0,15203.0,0.462,1,1,0,1.413,0
22.0,64197.0,5364.0,0.3,494.0,7622.0,0.297,2,4,0,-0.271,0
57.0,38363.0,3235.0,6.6,670.0,22380.0,0.29,0,3,0,-0.003,0
41.0,20338.0,1637.0,5.4,670.0,7220.0,0.02,2,3,0,1.442,0
42.0,66443.0,5508.0,1.8,808.0,9515.0,0.401,0,1,0,-1.099,0
35.0,36722.0,3085.0,13.0,665.0,15041.0,0.339,0,2,1,1.254,0
36.0,74994.0,6309.0,3.0,693.0,35265.0,0.289,1,3,0,-0.459,0
49.0,39138.0,3339.0,6.5,672.0,2713.0,0.359,0,3,0,0.676,0
38.0,35261.0,2983.0,15.7,674.0,22685.0,0.304,2,1,0,0.967,1
44.0,58925.0,4904.0,22.8,795.0,24668.0,0.206,1,2,0,0.799,0
36.0,158904.0,13421.0,3.5,584.0,10990.0,0.336,0,2,0,-1.233,1
34.0,77046.0,6395.0,4.2,615.0,53650.0,0.281,2,5,0,-0.471,1
23.0,58477.0,4887.0,2.0,714.0,28592.0,0.374,2,3,0,0.168,1
21.0,64639.0,5472.0,1.0,678.0,49930.0,0.272,1,1,0,-0.99,1
35.0,25011.0,2082.0,9.8,645.0,6526.0,0.253,1,4,0,0.392,0
39.0,33191.0,2786.0,8.2,659.0,11931.0,0.246,0,2,0,1.053,0
24.0,17768.0,1509.0,2.6,725.0,9723.0,0.212,1,1,1,-0.496,0
38.0,119794.0,10125.0,13.7,701.0,88107.0,0.248,0,1,0,0.919,1
39.0,109361.0,9338.0,2.1,611.0,70360.0,0.343,2,4,1,0.007,1
21.0,65635.0,5724.0,0.4,677.0,34935.0,0.225,1,1,0,0.269,0
28.0,58448.0,4939.0,6.8,660.0,37795.0,0.182,1,1,0,0.682,0
42.0,27361.0,2259.0,15.9,701.0,3314.0,0.379,1,4,0,1.191,0
42.0,49832.0,4195.0,3.4,639.0,29557.0,0.286,0,3,0,-0.984,0
25.0,123212.0,10364.0,4.0,577.0,59631.0,0.377,1,2,0,0.933,0
40.0,58351.0,4922.0,13.2,714.0,14920.0,0.278,1,2,0,0.897,0
49.0,42659.0,3661.0,7.7,702.0,9765.0,0.243,0,1,0,0.166,0
47.0,24933.0,2008.0,9.1,764.0,6637.0,0.126,0,1,1,-1.036,0
37.0,102357.0,8788.0,5.3,571.0,14551.0,0.187,1,4,0,0.529,0
33.0,53292.0,4605.0,12.8,661.0,13586.0,0.213,2,3,0,0.44,0
31.0,24948.0,2103.0,2.0,645.0,2581.0,0.328,0,4,0,-0.191,0
43.0,36285.0,3060.0,19.2,642.0,20122.0,0.289,1,0,0,0.776,0
40.0,30952.0,2567.0,10.7,557.0,13440.0,0.197,1,2,0,-0.664,1
45.0,51834.0,4320.0,21.9,596.0,7555.0,0.022,0,5,0,0.645,0
39.0,60379.0,5102.0,19.1,688.0,34591.0,0.346,1,1,0,0.063,1
47.0,43855.0,3701.0,26.0,638.0,8048.0,0.388,0,0,0,0.799,0
39.0,78023.0,6596.0,16.3,610.0,32861.0,0.396,2,3,1,-1.31,1
47.0,56985.0,4808.0,11.0,766.0,42174.0,0.204,0,0,0,-2.76,0
48.0,88710.0,7525.0,7.5,830.0,55061.0,0.403,0,4,0,-1.291,0
29.0,46833.0,3964.0,2.9,658.0,22860.0,0.357,1,4,0,0.073,1
21.0,216530.0,17675.0,0.7,555.0,105816.0,0.356,3,2,0,2.012,1
55.0,42662.0,3614.0,12.0,694.0,4187.0,0.239,0,1,0,0.368,0
41.0,36629.0,3166.0,9.1,519.0,13562.0,0.287,4,1,1,1.483,1
21.0,34657.0,2887.0,0.1,566.0,9716.0,0.483,1,2,0,0.792,1
30.0,50019.0,4293.0,7.8,693.0,20307.0,0.468,0,2,0,-2.031,0
46.0,25369.0,2075.0,3.0,565.0,19371.0,0.295,2,4,1,0.107,1
35.0,62796.0,5230.0,5.0,642.0,40182.0,0.319,0,4,1,-0.63,0
32.0,23335.0,1920.0,7.3,560.0,11842.0,0.081,6,3,0,-0.898,1
53.0,59151.0,5065.0,17.7,673.0,34220.0,0.42,1,5,0,0.053,0
26.0,29942.0,2577.0,5.8,742.0,17904.0,0.375,0,3,0,0.385,0
29.0,46328.0,3853.0,6.1,620.0,18174.0,0.335,2,4,0,-1.741,1
40.0,72195.0,6157.0,16.0,667.0,50520.0,0.24,0,2,0,-0.847,1
42.0,155112.0,13353.0,6.8,606.0,79569.0,0.307,1,1,0,-0.587,1
43.0,33860.0,2820.0,3.1,609.0,20435.0,0.447,1,1,0,-0.137,0
48.0,51403.0,4295.0,20.8,612.0,2996.0,0.336,2,0,0,0.74,0
40.0,39712.0,3358.0,3.1,717.0,18007.0,0.563,1,2,0,-0.712,1
43.0,37184.0,3046.0,19.5,571.0,12016.0,0.381,6,3,0,0.48,1
35.0,39869.0,3330.0,14.3,644.0,3650.0,0.208,0,2,1,2.04,0
39.0,79692.0,6926.0,5.3,691.0,42603.0,0.259,0,4,0,0.031,0
39.0,44155.0,3643.0,14.6,731.0,32965.0,0.229,0,2,0,0.358,0
40.0,151339.0,12827.0,8.9,695.0,90738.0,0.386,0,4,0,-0.239,0
46.0,66322.0,5585.0,7.9,659.0,7290.0,0.415,1,3,1,-0.744,0
44.0,34912.0,2900.0,10.4,625.0,3230.0,0.472,1,2,1,-0.53,0
38.0,46633.0,3903.0,12.0,731.0,14399.0,0.267,1,3,0,0.763,0
29.0,38340.0,3307.0,9.0,604.0,8777.0,0.347,1,1,0,-1.102,0
39.0,78836.0,6642.0,5.6,603.0,5572.0,0.428,1,5,0,-0.671,0
38.0,26308.0,2223.0,12.5,761.0,2106.0,0.455,0,3,1,-0.609,0
40.0,30081.0,2587.0,6.7,689.0,9291.0,0.177,0,3,0,0.469,0
62.0,42146.0,3492.0,10.6,693.0,6328.0,0.362,1,6,0,-0.315,0
32.0,74788.0,6102.0,7.7,706.0,14658.0,0.181,0,2,0,-0.359,0
43.0,95795.0,8265.0,17.2,662.0,67261.0,0.24,2,3,0,-0.327,0
50.0,102368.0,8554.0,21.3,570.0,81409.0,0.169,2,3,0,0.21,0
39.0,69808.0,5921.0,18.0,687.0,45615.0,0.238,1,0,0,1.3,0
64.0,52986.0,4348.0,4.7,661.0,11899.0,0.155,1,0,0,1.4,0
34.0,78643.0,6604.0,7.5,604.0,14304.0,0.182,1,1,0,-1.176,0
42.0,32862.0,2678.0,6.3,587.0,15900.0,0.21,4,4,0,0.112,1
29.0,23980.0,2001.0,7.5,661.0,15298.0,0.33,3,4,0,0.804,0
34.0,66942.0,5506.0,0.9,565.0,36355.0,0.303,4,2,0,1.861,0
41.0,34980.0,2864.0,3.6,652.0,22835.0,0.136,0,1,0,-1.119,0
47.0,53407.0,4424.0,21.1,652.0,22177.0,0.574,0,3,0,0.188,1
42.0,58042.0,4615.0,7.6,655.0,45901.0,0.251,1,3,0,0.958,0
52.0,61497.0,5006.0,21.7,699.0,39367.0,0.167,0,1,1,-0.577,0
37.0,83876.0,7099.0,16.9,712.0,7398.0,0.358,2,3,0,-0.52,0
34.0,79979.0,6711.0,6.6,613.0,25837.0,0.3,1,3,0,-0.45,0
68.0,60044.0,4896.0,25.4,734.0,28204.0,0.219,0,3,0,0.369,0
42.0,45079.0,3798.0,21.8,656.0,9834.0,0.339,2,2,1,-0.28,0
30.0,57733.0,4727.0,7.5,786.0,20352.0,0.233,0,3,1,0.471,0
30.0,42058.0,3555.0,2.0,620.0,21963.0,0.27,1,3,0,-0.603,0
28.0,50347.0,4186.0,6.1,550.0,23367.0,0.447,1,5,0,1.208,1
48.0,178665.0,14792.0,14.6,726.0,124366.0,0.312,1,3,0,0.484,0
34.0,59699.0,4966.0,11.0,695.0,14739.0,0.361,0,4,1,-1.78,0
39.0,67353.0,5900.0,11.6,750.0,49899.0,0.248,1,0,0,0.623,1
37.0,40040.0,3286.0,3.9,684.0,11676.0,0.315,1,3,1,-1.508,0
46.0,87040.0,7286.0,21.2,834.0,64435.0,0.223,0,3,1,-0.567,0
29.0,77436.0,6554.0,0.0,647.0,18292.0,0.218,3,3,0,-0.077,0
26.0,77683.0,6349.0,5.5,736.0,33455.0,0.259,0,6,0,-0.503,0
40.0,60584.0,4888.0,16.8,632.0,45388.0,0.231,1,3,0,0.7,1
45.0,87595.0,7212.0,23.9,706.0,22610.0,0.404,1,3,1,2.018,1
42.0,97475.0,8246.0,0.8,708.0,66923.0,0.358,2,2,0,-2.061,0
29.0,62473.0,5170.0,4.0,720.0,26609.0,0.071,0,4,0,-0.578,0
45.0,52235.0,4333.0,4.3,716.0,19058.0,0.472,4,3,0,0.185,0
30.0,82260.0,6980.0,3.7,435.0,45060.0,0.364,4,0,0,-0.153,1
32.0,36616.0,3002.0,4.4,657.0,7283.0,0.414,0,6,0,-1.913,1
28.0,39815.0,3312.0,4.6,622.0,21664.0,0.283,2,4,0,1.239,0
52.0,53697.0,4339.0,14.1,641.0,9798.0,0.151,2,2,0,0.145,1
45.0,25121.0,2107.0,24.1,652.0,14650.0,0.168,1,2,0,0.762,0
45.0,79818.0,6682.0,6.8,732.0,40547.0,0.471,0,1,1,0.563,0
52.0,35660.0,3019.0,13.3,681.0,5524.0,0.137,3,0,0,-0.289,0
69.0,44485.0,3622.0,34.3,642.0,5584.0,0.155,0,2,0,-1.284,0
21.0,49967.0,4148.0,0.3,557.0,25259.0,0.257,4,2,1,0.089,0
30.0,55981.0,4546.0,7.1,771.0,7900.0,0.162,1,3,0,-1.347,0
31.0,47120.0,3907.0,8.0,619.0,24447.0,0.353,2,0,0,1.069,0
29.0,53358.0,4578.0,6.2,654.0,42647.0,0.361,1,0,0,1.181,0
26.0,53544.0,4433.0,4.1,812.0,7616.0,0.341,0,2,0,0.413,0
35.0,44978.0,3646.0,12.0,623.0,18232.0,0.239,0,1,0,-0.177,0
25.0,38838.0,3192.0,4.6,643.0,28868.0,0.329,0,6,0,1.055,0
42.0,89478.0,7216.0,1.2,677.0,67362.0,0.478,1,4,1,1.253,1
39.0,21335.0,1732.0,9.2,552.0,1545.0,0.157,2,2,0,0.604,0
43.0,50137.0,4234.0,18.9,549.0,32890.0,0.412,1,2,1,1.316,0
44.0,44537.0,3604.0,0.0,626.0,10195.0,0.381,1,1,0,1.354,0
45.0,66406.0,5568.0,13.4,635.0,40503.0,0.289,1,3,0,1.537,0
34.0,28586.0,2383.0,9.2,674.0,9040.0,0.317,1,6,0,1.314,0
61.0,43923.0,3621.0,7.9,596.0,9604.0,0.336,0,0,0,-2.619,0
41.0,52524.0,4397.0,8.2,695.0,21169.0,0.202,0,4,0,0.487,0
21.0,89020.0,7279.0,0.8,509.0,16196.0,0.137,3,3,0,0.147,1
27.0,63868.0,5412.0,0.5,655.0,23513.0,0.391,1,6,0,0.82,0
21.0,32290.0,2653.0,0.1,685.0,11176.0,0.176,0,3,0,-1.503,0
38.0,44167.0,3652.0,14.9,690.0,34103.0,0.191,1,5,0,-1.17,0
37.0,81946.0,6760.0,13.5,655.0,37416.0,0.248,1,3,0,1.836,0
33.0,32040.0,2707.0,7.6,618.0,18353.0,0.328,2,3,0,0.654,0
60.0,53088.0,4472.0,16.7,655.0,9620.0,0.25,0,2,0,0.326,0
44.0,54775.0,4325.0,2.5,748.0,43709.0,0.228,0,1,0,-0.54,0
46.0,46235.0,3872.0,21.1,629.0,19569.0,0.395,2,2,0,-1.013,0
28.0,185012.0,14880.0,1.9,729.0,19690.0,0.267,0,3,1,-0.713,0
27.0,45677.0,3780.0,6.4,743.0,23157.0,0.22,1,4,1,-0.706,0
38.0,67338.0,5599.0,14.3,546.0,19434.0,0.339,4,2,0,0.693,0
40.0,38959.0,3224.0,1.6,652.0,10536.0,0.306,0,2,0,0.322,0
21.0,69743.0,5870.0,0.6,592.0,20070.0,0.303,1,2,0,-0.884,1
36.0,81385.0,6880.0,14.7,562.0,31562.0,0.344,2,4,0,0.929,1
38.0,42214.0,3463.0,16.0,723.0,11201.0,0.286,0,1,0,-2.812,0
36.0,53663.0,4399.0,9.6,698.0,34023.0,0.384,0,5,0,-2.81,1
29.0,36762.0,3061.0,1.6,679.0,6772.0,0.157,0,2,0,0.769,0
32.0,32863.0,2654.0,8.2,588.0,5142.0,0.424,1,1,0,1.72,0
36.0,87697.0,7238.0,10.7,680.0,11256.0,0.209,0,1,0,-2.776,1
39.0,42864.0,3668.0,11.2,574.0,15335.0,0.136,3,0,0,-0.491,0
45.0,18564.0,1500.0,6.6,669.0,2500.0,0.221,0,3,0,1.792,0
50.0,121722.0,10075.0,26.9,627.0,8374.0,0.265,1,0,1,-1.602,0
35.0,38336.0,3157.0,7.4,737.0,10382.0,0.227,1,5,0,0.944,1
33.0,49228.0,4267.0,3.9,637.0,38645.0,0.203,2,3,1,-0.336,0
43.0,115093.0,9488.0,5.8,679.0,6697.0,0.401,0,2,0,0.977,0
45.0,51601.0,4259.0,6.9,680.0,5052.0,0.213,2,2,0,1.218,0
33.0,51102.0,4171.0,6.1,658.0,24905.0,0.074,1,5,0,0.375,0
47.0,31647.0,2638.0,6.2,670.0,13400.0,0.265,3,3,0,-0.861,0
49.0,26355.0,2208.0,14.9,689.0,3380.0,0.505,1,2,1,-0.984,0
52.0,51032.0,4177.0,6.2,600.0,36797.0,0.194,3,0,0,-0.497,1
58.0,64754.0,5503.0,10.2,693.0,35992.0,0.21,0,0,0,-1.677,0
28.0,63106.0,5287.0,1.0,721.0,26569.0,0.26,0,6,0,0.746,0
38.0,44290.0,3754.0,6.5,691.0,20276.0,0.454,0,5,0,-1.913,0
38.0,55504.0,4595.0,7.4,639.0,35918.0,0.264,1,4,0,1.491,0
37.0,24061.0,2015.0,6.8,676.0,2973.0,0.198,1,4,1,-0.801,0
31.0,67654.0,5614.0,7.9,638.0,50732.0,0.336,1,3,0,-0.255,1
22.0,59143.0,5072.0,0.8,652.0,7953.0,0.329,1,3,0,-0.593,0
39.0,133684.0,11166.0,13.2,583.0,52660.0,0.349,1,0,1,1.695,0
30.0,55185.0,4600.0,0.3,757.0,13006.0,0.194,1,4,0,0.53,0
39.0,35986.0,2971.0,8.3,800.0,19753.0,0.244,0,2,0,1.056,0
29.0,53759.0,4434.0,0.8,611.0,36549.0,0.413,3,3,0,-0.528,1
26.0,47457.0,3974.0,2.7,716.0,24322.0,0.341,0,3,1,0.716,0
41.0,66883.0,5665.0,12.7,768.0,14579.0,0.381,0,3,0,0.768,0
40.0,55670.0,4576.0,15.7,601.0,35324.0,0.295,2,3,0,0.064,0
44.0,31198.0,2606.0,13.4,516.0,23617.0,0.406,1,1,0,0.233,1
62.0,26344.0,2203.0,16.0,774.0,4498.0,0.329,1,3,0,0.304,0
41.0,61908.0,5196.0,5.6,662.0,14866.0,0.248,0,2,0,0.257,0
43.0,102487.0,8249.0,22.3,635.0,45832.0,0.375,0,2,0,0.804,0
26.0,56999.0,4662.0,1.2,664.0,34475.0,0.212,3,3,1,-0.861,0
24.0,79306.0,6428.0,0.2,634.0,11518.0,0.454,1,2,0,-2.969,0
55.0,86756.0,7234.0,4.5,850.0,7633.0,0.401,1,0,0,-0.7,0
28.0,62016.0,5075.0,7.8,627.0,29471.0,0.271,3,3,0,-0.662,1
27.0,38123.0,3145.0,5.9,686.0,24701.0,0.282,0,3,0,0.246,0
38.0,60053.0,4885.0,5.6,753.0,16408.0,0.313,1,1,0,0.088,0
37.0,94681.0,7826.0,0.1,750.0,46132.0,0.283,0,4,0,-0.593,0
28.0,69810.0,5687.0,6.2,740.0,45558.0,0.432,0,5,0,-1.894,0
35.0,77018.0,6515.0,4.4,632.0,5516.0,0.246,1,2,0,-0.626,0
52.0,44665.0,3758.0,0.7,650.0,13494.0,0.15,3,4,0,0.338,0
29.0,50213.0,4197.0,4.2,510.0,13929.0,0.274,2,4,1,1.228,1
23.0,52139.0,4319.0,1.1,655.0,30881.0,0.375,5,1,0,-0.716,0
48.0,53744.0,4296.0,10.3,667.0,29541.0,0.401,0,0,0,-0.1,0
43.0,93029.0,7681.0,15.3,720.0,62339.0,0.311,0,2,0,-0.294,0
31.0,19127.0,1570.0,8.1,790.0,8827.0,0.237,0,1,0,-1.089,0
21.0,55761.0,4670.0,0.6,710.0,12319.0,0.296,0,5,0,0.819,0
30.0,53067.0,4477.0,0.1,735.0,19891.0,0.234,0,2,1,0.37,0
37.0,29671.0,2489.0,0.4,659.0,10297.0,0.069,1,3,0,2.587,0
51.0,74413.0,6358.0,27.2,763.0,40987.0,0.215,0,3,0,-1.179,0
27.0,39698.0,3271.0,1.2,661.0,30387.0,0.351,0,1,1,-0.164,0
37.0,46837.0,3855.0,6.8,743.0,18420.0,0.273,1,3,0,0.063,0
45.0,126379.0,10750.0,2.6,718.0,66871.0,0.269,1,2,1,-0.819,0
21.0,86645.0,7244.0,0.2,688.0,15880.0,0.411,1,2,0,1.157,0
49.0,71226.0,5906.0,14.3,559.0,34245.0,0.204,3,0,0,-0.383,0
25.0,65280.0,5641.0,1.2,737.0,38927.0,0.213,0,3,0,-0.698,0
42.0,51072.0,4305.0,14.3,694.0,31808.0,0.333,0,3,0,0.879,0
41.0,135240.0,11227.0,7.6,713.0,105517.0,0.229,1,3,0,-1.003,0
50.0,78910.0,6486.0,23.6,694.0,62392.0,0.228,0,2,0,0.258,0
44.0,39253.0,3358.0,14.5,701.0,17138.0,0.455,0,3,0,-0.879,1
21.0,29291.0,2451.0,0.3,751.0,20371.0,0.193,1,3,0,-0.35,0
29.0,70981.0,5918.0,7.6,631.0,42790.0,0.227,0,3,0,-0.016,0
40.0,53634.0,4530.0,18.2,702.0,23784.0,0.344,0,5,1,0.597,0
36.0,28914.0,2452.0,1.9,607.0,2098.0,0.295,0,3,0,0.011,0
43.0,66699.0,5619.0,15.6,708.0,52210.0,0.163,0,0,0,-0.561,0
47.0,48729.0,4133.0,16.8,686.0,37712.0,0.478,2,1,0,0.382,0
45.0,69835.0,5872.0,16.5,624.0,30630.0,0.221,0,4,0,-0.907,0
36.0,67095.0,5653.0,0.5,667.0,20687.0,0.275,0,0,0,1.07,0
21.0,41830.0,3435.0,0.0,620.0,5598.0,0.344,0,4,0,2.852,0
33.0,73121.0,6314.0,3.8,635.0,6680.0,0.516,2,5,1,0.071,1
43.0,43960.0,3573.0,1.8,686.0,28686.0,0.259,0,4,0,0.526,0
26.0,45265.0,3795.0,2.2,680.0,16163.0,0.208,0,3,0,-1.215,0
45.0,43285.0,3511.0,21.8,536.0,20436.0,0.35,1,0,0,-0.074,0
48.0,91494.0,7610.0,9.9,691.0,25262.0,0.509,1,2,0,0.673,0
39.0,48476.0,3994.0,7.6,643.0,24747.0,0.314,0,5,0,0.406,1
21.0,101996.0,8523.0,0.3,631.0,63143.0,0.271,2,5,0,-0.709,0
24.0,122720.0,10297.0,1.7,582.0,88317.0,0.339,3,1,0,-0.514,1
59.0,39445.0,3224.0,30.9,672.0,16648.0,0.092,1,2,0,-0.289,0
32.0,15000.0,1249.0,10.0,628.0,4127.0,0.238,2,4,1,-0.289,0
21.0,88002.0,7538.0,0.4,749.0,9469.0,0.117,1,0,0,-0.799,0
52.0,47155.0,3826.0,12.5,544.0,32561.0,0.264,2,3,0,1.153,1
38.0,37246.0,3051.0,3.5,594.0,25706.0,0.249,0,5,1,0.902,0
50.0,42200.0,3577.0,29.4,602.0,13294.0,0.036,1,3,0,-1.259,0
41.0,45635.0,3809.0,6.5,681.0,9375.0,0.318,0,3,0,2.046,0
43.0,98600.0,8241.0,7.9,746.0,54727.0,0.362,1,2,0,0.819,0
42.0,59104.0,5026.0,9.5,700.0,36496.0,0.281,0,0,0,-0.553,0
46.0,97999.0,8037.0,2.1,584.0,57953.0,0.147,2,1,0,-0.227,1
63.0,68699.0,5665.0,14.1,637.0,7108.0,0.427,3,2,0,-0.153,0
49.0,47855.0,3937.0,26.7,617.0,37718.0,0.49,0,3,0,-1.168,1
21.0,46140.0,3818.0,0.1,696.0,21150.0,0.34,1,4,0,-1.749,0
43.0,70814.0,6059.0,5.5,631.0,35850.0,0.265,1,2,0,-0.615,1
51.0,79561.0,6405.0,6.7,564.0,6683.0,0.266,4,2,0,0.93,0
51.0,86133.0,7006.0,7.3,705.0,5069.0,0.343,1,1,1,-1.635,0
33.0,48893.0,3963.0,12.7,755.0,7077.0,0.309,1,4,1,-0.158,0
51.0,59512.0,5098.0,21.8,658.0,20427.0,0.344,0,4,0,-0.364,0
48.0,71532.0,5888.0,25.9,681.0,54263.0,0.345,1,3,0,-0.515,0
66.0,46273.0,3831.0,39.7,574.0,27579.0,0.226,3,3,1,-0.357,0
30.0,33003.0,2661.0,6.1,519.0,26384.0,0.218,1,3,0,0.7,1
32.0,38264.0,3172.0,7.0,534.0,21424.0,0.272,2,1,0,-0.889,1
35.0,49347.0,4183.0,7.4,661.0,6159.0,0.347,2,4,0,-0.423,1
33.0,74093.0,6206.0,8.7,643.0,42298.0,0.144,0,4,0,0.461,0
28.0,96919.0,8059.0,5.8,701.0,51464.0,0.277,1,2,1,-0.881,0
21.0,29878.0,2412.0,0.6,646.0,21355.0,0.296,2,6,0,0.73,0
33.0,42036.0,3480.0,5.9,732.0,19260.0,0.251,1,2,0,1.265,0
42.0,46819.0,3913.0,14.9,729.0,10964.0,0.44,1,2,0,-0.572,0
33.0,78646.0,6424.0,2.0,638.0,47151.0,0.423,1,3,1,1.142,0
59.0,43366.0,3661.0,21.7,601.0,26673.0,0.342,2,2,0,-0.779,0
38.0,45329.0,3844.0,9.4,531.0,19748.0,0.477,1,2,0,-1.573,1
52.0,29135.0,2402.0,17.2,769.0,3529.0,0.388,0,1,1,1.661,0
41.0,68365.0,5780.0,10.7,599.0,24634.0,0.313,1,4,0,0.032,0
47.0,51147.0,4253.0,20.3,565.0,34777.0,0.252,2,1,0,0.202,1
41.0,40977.0,3493.0,16.0,677.0,11380.0,0.26,0,4,0,-0.603,0
53.0,48938.0,4244.0,10.9,561.0,29301.0,0.338,1,2,0,-0.958,0
39.0,91330.0,7444.0,6.5,672.0,21931.0,0.263,2,5,0,-0.02,0
43.0,34993.0,2961.0,0.4,637.0,10376.0,0.148,0,0,1,2.117,0
42.0,37660.0,3220.0,2.5,726.0,11403.0,0.262,0,6,1,-0.401,0
35.0,96626.0,7896.0,3.9,721.0,14653.0,0.403,1,3,1,1.059,0
42.0,56908.0,4688.0,17.2,746.0,17833.0,0.043,0,3,1,2.101,0
63.0,74345.0,6123.0,34.0,691.0,44065.0,0.44,0,1,1,-0.145,0
35.0,65899.0,5477.0,3.7,602.0,23129.0,0.357,0,3,0,0.078,0
43.0,54132.0,4479.0,19.7,597.0,14876.0,0.277,3,3,0,-0.306,0
52.0,47021.0,3903.0,12.0,629.0,27062.0,0.329,0,0,0,-0.565,0
51.0,79961.0,6775.0,24.4,812.0,34912.0,0.396,0,4,0,-0.54,0
38.0,92794.0,7440.0,8.5,647.0,34974.0,0.303,0,1,0,-2.394,0
21.0,89588.0,7320.0,0.7,672.0,57974.0,0.395,2,2,0,-0.461,0
44.0,32261.0,2724.0,8.4,771.0,10855.0,0.385,0,1,0,-0.756,0
21.0,98943.0,8336.0,0.1,678.0,45342.0,0.318,1,1,0,0.072,0
54.0,46818.0,3819.0,8.7,612.0,3457.0,0.189,0,1,0,2.456,0
40.0,39157.0,3300.0,13.8,718.0,11926.0,0.29,1,2,0,0.453,0
49.0,50965.0,4360.0,26.6,643.0,11604.0,0.096,0,5,0,0.278,0
28.0,79945.0,6656.0,5.1,683.0,57106.0,0.345,1,2,0,-0.425,1
21.0,70143.0,5727.0,0.8,696.0,4615.0,0.258,1,2,1,0.613,0
41.0,49029.0,4157.0,0.3,626.0,28193.0,0.238,2,2,0,0.017,1
38.0,80181.0,6912.0,13.4,680.0,49483.0,0.366,0,3,0,-0.836,1
33.0,58573.0,4795.0,10.5,777.0,17535.0,0.173,0,1,0,0.443,0
39.0,42500.0,3544.0,7.8,620.0,10320.0,0.311,2,4,0,-0.956,0
68.0,39994.0,3405.0,23.9,764.0,6944.0,0.266,0,4,1,-0.358,0
47.0,66151.0,5525.0,1.4,619.0,17056.0,0.282,1,3,0,-0.182,0
50.0,52995.0,4262.0,5.2,789.0,38976.0,0.328,1,1,0,-0.273,0
47.0,29617.0,2490.0,1.5,601.0,2444.0,0.482,3,0,0,1.614,1
54.0,80524.0,6579.0,25.1,645.0,31609.0,0.34,1,0,0,0.982,0
36.0,44310.0,3599.0,12.7,772.0,11002.0,0.436,1,1,1,-1.167,0
21.0,112594.0,9059.0,0.1,769.0,64393.0,0.44,1,2,0,-0.947,0
36.0,29253.0,2496.0,14.7,725.0,8788.0,0.377,0,2,0,0.242,0
47.0,50704.0,4155.0,22.6,596.0,15692.0,0.116,0,4,0,1.44,0
27.0,40139.0,3367.0,4.2,668.0,3762.0,0.276,1,1,0,-0.34,0
36.0,35460.0,2989.0,15.7,668.0,25987.0,0.191,0,2,0,-1.333,0
30.0,44180.0,3694.0,9.2,605.0,19492.0,0.586,3,1,0,0.245,1
55.0,122008.0,10228.0,7.7,713.0,12413.0,0.2,0,3,0,-0.321,0
46.0,58665.0,4926.0,25.0,618.0,36008.0,0.15,0,4,0,2.022,0
45.0,38516.0,3219.0,11.1,575.0,24458.0,0.023,1,1,0,-0.823,0
45.0,24154.0,1982.0,3.8,548.0,9561.0,0.196,2,1,0,-1.006,0
38.0,25349.0,2076.0,3.5,782.0,19882.0,0.312,3,2,0,-0.45,1
40.0,43204.0,3593.0,13.8,631.0,9483.0,0.409,0,2,0,-0.99,0
25.0,41354.0,3437.0,4.9,628.0,28252.0,0.193,2,4,1,0.369,0
21.0,49725.0,4179.0,0.4,588.0,34053.0,0.417,4,3,1,-0.256,1
40.0,19784.0,1685.0,11.3,761.0,8723.0,0.294,0,2,0,1.007,0
42.0,52777.0,4428.0,6.5,567.0,24018.0,0.251,1,3,0,2.569,1
51.0,87340.0,7160.0,26.5,589.0,11722.0,0.317,1,3,0,-0.289,0
55.0,114161.0,9098.0,4.1,640.0,17114.0,0.442,1,3,1,-1.343,0
55.0,23449.0,1924.0,20.5,669.0,8608.0,0.305,1,1,0,-0.479,0
27.0,38348.0,3110.0,4.1,708.0,28323.0,0.189,0,3,0,-0.757,0
34.0,37447.0,3075.0,0.0,613.0,7897.0,0.342,1,0,0,0.683,0
43.0,58727.0,4918.0,21.9,779.0,23858.0,0.341,0,5,0,0.563,0
66.0,31767.0,2652.0,40.0,633.0,3119.0,0.281,3,5,0,0.571,0
54.0,117255.0,10134.0,16.0,597.0,32178.0,0.402,2,6,0,-0.103,0
50.0,56088.0,4719.0,22.0,594.0,18453.0,0.071,0,7,0,-0.319,1
34.0,52035.0,4502.0,11.7,612.0,40179.0,0.336,0,0,1,0.948,0
28.0,112624.0,9520.0,1.0,579.0,21937.0,0.378,0,1,0,1.108,0
47.0,54604.0,4649.0,2.3,714.0,6855.0,0.155,0,3,0,1.84,0
26.0,65856.0,5449.0,4.1,592.0,5948.0,0.152,2,3,0,1.081,0
35.0,39231.0,3199.0,8.6,655.0,17322.0,0.4,1,3,0,0.22,0
37.0,29684.0,2451.0,11.4,594.0,13049.0,0.417,3,2,1,-0.883,0
56.0,41791.0,3482.0,20.3,588.0,8228.0,0.436,3,1,0,1.004,1
34.0,147153.0,12109.0,10.2,743.0,34675.0,0.231,0,1,0,0.017,0
21.0,73127.0,5972.0,0.2,772.0,21144.0,0.32,1,1,0,0.288,0
44.0,62232.0,5229.0,5.1,751.0,3553.0,0.333,2,3,0,0.022,0
30.0,35444.0,2894.0,2.4,558.0,23492.0,0.129,0,1,0,-2.124,0
38.0,82880.0,6695.0,7.7,571.0,52180.0,0.316,2,1,0,0.895,1
37.0,29856.0,2432.0,12.9,805.0,8664.0,0.314,0,1,0,-0.674,0
35.0,27171.0,2254.0,12.5,648.0,13062.0,0.375,1,1,0,0.325,0
47.0,42770.0,3494.0,10.7,569.0,12666.0,0.243,1,3,0,0.44,0
21.0,132536.0,10994.0,0.7,736.0,9290.0,0.425,0,0,1,-0.398,0
32.0,129203.0,10896.0,3.6,667.0,63612.0,0.308,1,4,0,0.913,1
46.0,44893.0,3784.0,12.1,706.0,26541.0,0.471,0,3,1,1.995,0
31.0,40607.0,3339.0,10.6,509.0,12198.0,0.375,3,4,1,-0.224,1
21.0,26290.0,2134.0,0.3,637.0,6074.0,0.328,1,3,0,-0.362,0
45.0,56966.0,4692.0,20.0,736.0,14137.0,0.182,1,2,0,-0.022,0
50.0,59160.0,4995.0,1.3,616.0,18447.0,0.168,1,3,0,0.558,0
38.0,78463.0,6655.0,6.0,749.0,31438.0,0.46,2,1,0,-0.639,1
21.0,82860.0,6954.0,0.7,568.0,51057.0,0.388,0,4,1,-0.516,0
46.0,50325.0,4294.0,20.0,662.0,10028.0,0.271,1,5,1,-0.058,0
21.0,70636.0,6090.0,0.6,775.0,40952.0,0.258,1,3,0,-0.699,0
41.0,40127.0,3312.0,18.6,589.0,31035.0,0.322,1,1,0,-0.632,0
28.0,70036.0,6010.0,6.8,682.0,12971.0,0.165,0,0,0,0.523,0
25.0,43776.0,3629.0,3.2,703.0,18854.0,0.253,1,1,0,-0.729,0
33.0,67633.0,5751.0,4.6,669.0,21707.0,0.361,1,5,0,0.276,1
36.0,65213.0,5511.0,5.8,645.0,32629.0,0.375,2,3,0,-0.996,1
31.0,56730.0,4541.0,6.7,602.0,40314.0,0.263,1,3,0,0.144,1
44.0,78640.0,6427.0,16.1,682.0,56208.0,0.46,0,6,0,-0.797,0
33.0,27130.0,2206.0,5.2,655.0,10372.0,0.404,2,5,0,-0.094,1
49.0,34060.0,2737.0,11.4,565.0,21049.0,0.223,2,0,0,1.384,0
41.0,48706.0,4130.0,3.7,739.0,21113.0,0.172,0,3,0,-0.77,0
30.0,28728.0,2493.0,0.0,596.0,18070.0,0.359,0,1,0,-0.913,1
28.0,45798.0,3797.0,3.9,563.0,32667.0,0.255,1,4,1,0.26,0
21.0,46467.0,3938.0,0.8,619.0,27130.0,0.236,3,1,0,-0.316,1
41.0,99156.0,8508.0,16.2,606.0,9476.0,0.322,2,2,0,2.907,0
34.0,58643.0,4907.0,14.0,649.0,13721.0,0.372,1,3,1,-1.543,0
21.0,87407.0,7280.0,0.7,573.0,55882.0,0.379,5,0,0,0.002,1
32.0,62997.0,5224.0,2.8,693.0,4078.0,0.306,1,2,0,2.584,0
28.0,43219.0,3640.0,5.5,759.0,18950.0,0.071,0,5,0,0.3,0
55.0,58411.0,4953.0,29.3,682.0,29662.0,0.395,1,3,0,0.292,0
21.0,76369.0,6423.0,0.6,559.0,50785.0,0.219,3,2,1,-1.541,1
22.0,94101.0,7909.0,1.0,597.0,61632.0,0.331,3,2,0,-0.353,0
50.0,51821.0,4314.0,18.7,685.0,5435.0,0.288,2,3,0,0.081,0
53.0,26205.0,2114.0,0.8,523.0,14669.0,0.524,1,1,0,-2.098,1
30.0,25389.0,2154.0,2.6,575.0,16318.0,0.506,2,3,0,0.927,1
31.0,47487.0,3856.0,1.7,546.0,6130.0,0.254,2,3,0,-1.032,0
45.0,19207.0,1620.0,10.2,673.0,7953.0,0.166,1,1,0,1.244,1
21.0,123363.0,10436.0,0.9,812.0,66248.0,0.173,0,3,1,-1.904,0
21.0,71949.0,5859.0,0.2,572.0,22074.0,0.327,3,2,1,0.605,0
35.0,41317.0,3401.0,1.1,718.0,13548.0,0.246,2,2,1,0.932,0
55.0,33381.0,2900.0,27.2,634.0,4245.0,0.189,2,6,1,-1.11,0
33.0,87356.0,7268.0,11.5,573.0,55102.0,0.248,2,1,0,0.824,0
39.0,33321.0,2709.0,10.2,775.0,7592.0,0.345,0,2,0,-0.186,0
50.0,34783.0,2945.0,11.5,817.0,13085.0,0.292,0,3,1,-1.115,0
61.0,38965.0,3197.0,17.7,698.0,17039.0,0.252,1,3,0,-1.07,0
32.0,57897.0,4639.0,7.7,689.0,6684.0,0.264,3,1,1,-0.125,0
38.0,72725.0,6123.0,14.8,672.0,27152.0,0.284,3,3,1,0.143,1
58.0,94070.0,7695.0,7.2,653.0,15453.0,0.322,0,2,0,0.678,0
21.0,88021.0,7382.0,1.1,684.0,19751.0,0.328,0,5,0,-0.126,0
49.0,55019.0,4510.0,19.3,717.0,17453.0,0.135,0,4,1,0.684,0
27.0,87057.0,7357.0,5.0,779.0,36329.0,0.317,0,5,1,0.214,0
39.0,40666.0,3401.0,1.7,624.0,15276.0,0.264,1,1,0,0.02,0
35.0,24239.0,1915.0,14.1,676.0,2513.0,0.199,2,3,1,-1.293,0
27.0,40663.0,3414.0,3.9,656.0,12719.0,0.263,5,2,0,-0.992,1
27.0,38264.0,3170.0,2.6,733.0,3039.0,0.416,0,2,1,0.102,0
41.0,41386.0,3547.0,8.4,832.0,9854.0,0.381,0,3,0,0.591,0
49.0,35717.0,3000.0,8.5,738.0,4066.0,0.31,0,3,1,1.234,0
37.0,44694.0,3781.0,2.7,717.0,7846.0,0.21,1,3,0,0.581,0
39.0,72700.0,5972.0,0.7,724.0,31033.0,0.164,0,2,0,0.733,0
44.0,119009.0,9761.0,6.4,752.0,88719.0,0.206,2,4,0,0.983,0
27.0,25303.0,2108.0,3.6,831.0,4961.0,0.301,1,1,0,-0.202,0
46.0,30810.0,2549.0,17.4,551.0,18428.0,0.303,4,2,0,0.97,1
47.0,38520.0,3296.0,19.8,712.0,3189.0,0.235,0,3,0,0.71,0
67.0,77627.0,6449.0,27.8,493.0,23435.0,0.388,1,1,0,0.772,1
34.0,50154.0,4077.0,1.6,727.0,17606.0,0.338,1,4,1,0.235,0
33.0,39705.0,3254.0,5.6,701.0,5212.0,0.035,1,0,0,0.517,0
46.0,75934.0,6450.0,17.7,631.0,40061.0,0.311,4,2,0,0.199,0
47.0,84581.0,7025.0,20.1,483.0,13470.0,0.376,3,3,0,-1.52,1
32.0,54538.0,4525.0,3.9,661.0,35477.0,0.32,1,2,0,1.451,1
34.0,38093.0,3242.0,12.6,682.0,18804.0,0.358,2,2,1,1.021,0
44.0,62113.0,5081.0,19.1,665.0,37639.0,0.274,2,1,1,0.218,0
29.0,49519.0,3942.0,7.6,620.0,8575.0,0.293,1,2,1,0.783,0
33.0,49347.0,4042.0,9.0,602.0,14203.0,0.296,0,3,1,-0.512,0
39.0,43674.0,3657.0,7.9,660.0,25292.0,0.318,1,4,0,-0.685,0
49.0,83394.0,6915.0,27.0,617.0,32524.0,0.242,4,3,0,-0.388,0
31.0,61546.0,4969.0,10.2,722.0,32266.0,0.409,0,5,0,-0.157,0
21.0,87654.0,7453.0,0.8,655.0,31564.0,0.442,0,3,0,0.047,0
21.0,100352.0,8390.0,0.9,540.0,55611.0,0.247,2,1,0,-1.324,1
24.0,67618.0,5679.0,3.8,674.0,35915.0,0.183,0,1,0,-1.947,0
24.0,43791.0,3680.0,2.7,690.0,12026.0,0.165,0,0,0,-1.262,0
36.0,87837.0,7130.0,3.3,775.0,62475.0,0.34,0,4,1,-0.807,0
25.0,67822.0,5686.0,2.7,726.0,40645.0,0.359,0,6,0,1.26,0
30.0,177478.0,15058.0,6.3,600.0,17955.0,0.341,0,4,0,-1.913,0
29.0,63236.0,5390.0,7.3,763.0,4950.0,0.35,0,4,0,0.68,0
33.0,75286.0,6364.0,6.5,566.0,44200.0,0.243,3,4,1,-1.036,0
53.0,62679.0,5277.0,16.7,670.0,32845.0,0.101,1,3,0,-0.389,0
45.0,52601.0,4231.0,25.2,725.0,39101.0,0.25,1,0,0,0.202,0
38.0,48954.0,4078.0,8.2,766.0,27248.0,0.465,1,2,0,0.061,0
33.0,62787.0,5132.0,1.7,793.0,12943.0,0.326,2,2,0,0.666,0
33.0,69537.0,5943.0,9.4,754.0,5669.0,0.342,0,4,0,-2.779,0
42.0,92463.0,7879.0,7.8,654.0,41544.0,0.39,0,5,0,2.033,0
44.0,63201.0,5167.0,6.1,704.0,26685.0,0.216,2,1,0,0.911,0
28.0,44658.0,3718.0,5.0,678.0,33629.0,0.322,1,2,1,-0.684,0
38.0,47477.0,3976.0,17.6,619.0,27597.0,0.351,2,3,0,0.727,0
21.0,30326.0,2573.0,0.3,652.0,21988.0,0.207,0,4,0,1.291,1
40.0,116150.0,9355.0,7.6,790.0,71714.0,0.336,0,2,0,3.228,0
46.0,43112.0,3434.0,12.3,711.0,23516.0,0.43,0,4,0,0.892,0
35.0,85003.0,7089.0,10.3,809.0,40151.0,0.26,1,2,1,-0.167,0
58.0,62289.0,4928.0,15.0,592.0,30212.0,0.128,0,2,0,-0.224,0
28.0,63055.0,5271.0,3.5,635.0,27151.0,0.317,0,4,0,-1.15,0
40.0,52169.0,4399.0,14.3,696.0,35434.0,0.234,1,2,0,1.167,0
38.0,38583.0,3295.0,17.3,721.0,8719.0,0.318,0,2,0,0.512,0
37.0,35570.0,2927.0,5.3,654.0,26193.0,0.216,1,6,0,0.61,1
37.0,119718.0,10009.0,9.8,721.0,56222.0,0.306,1,2,0,0.356,0
39.0,57894.0,4887.0,15.2,723.0,21888.0,0.423,1,2,0,-2.532,0
47.0,91259.0,7426.0,5.8,566.0,19007.0,0.297,2,1,0,-0.965,1
53.0,102570.0,8704.0,27.1,726.0,26365.0,0.135,0,2,0,-2.8,0
38.0,45716.0,3831.0,6.4,738.0,22315.0,0.338,1,3,0,0.444,0
47.0,66547.0,5478.0,3.0,682.0,10900.0,0.302,1,2,0,-0.692,0
30.0,56125.0,4690.0,0.3,531.0,2946.0,0.321,0,0,1,-0.082,0
46.0,32674.0,2715.0,0.9,641.0,7986.0,0.397,1,4,0,-0.221,0
30.0,50596.0,4282.0,7.7,694.0,14070.0,0.247,0,1,0,1.876,1
50.0,71644.0,5927.0,20.2,610.0,54162.0,0.271,1,3,0,-0.546,1
62.0,43938.0,3678.0,33.6,741.0,21370.0,0.197,3,1,0,-0.439,0
37.0,47520.0,3911.0,12.5,717.0,16838.0,0.319,1,1,0,-0.979,0
21.0,50872.0,4160.0,0.4,670.0,40049.0,0.317,1,2,0,-1.035,1
32.0,142241.0,11894.0,11.2,667.0,46307.0,0.274,3,1,0,-0.369,0
52.0,24095.0,1972.0,27.7,687.0,18520.0,0.375,0,6,0,-0.485,1
44.0,68929.0,5836.0,8.4,664.0,52117.0,0.196,1,4,1,0.275,0
41.0,49074.0,4138.0,16.0,578.0,27846.0,0.313,1,3,0,-1.647,0
49.0,41225.0,3383.0,23.8,642.0,18301.0,0.36,3,5,0,-1.197,0
43.0,48535.0,4062.0,11.4,671.0,32339.0,0.246,3,4,1,0.279,0
51.0,74266.0,6094.0,3.8,761.0,21755.0,0.163,0,0,0,-1.286,0
48.0,76201.0,6146.0,9.4,713.0,24833.0,0.13,0,3,0,-0.115,0
55.0,59802.0,4924.0,34.4,780.0,12269.0,0.316,0,1,1,0.225,0
42.0,89933.0,7487.0,15.7,570.0,21723.0,0.469,1,2,0,-0.216,0
48.0,97350.0,8197.0,21.7,646.0,14831.0,0.239,0,2,0,-0.302,0
35.0,79416.0,6638.0,13.3,812.0,54639.0,0.345,1,3,0,0.148,0
31.0,43015.0,3650.0,2.3,609.0,2191.0,0.057,1,6,0,-0.89,0
57.0,68706.0,5613.0,35.6,624.0,25308.0,0.337,1,4,1,1.874,0
40.0,68853.0,5695.0,10.6,646.0,22251.0,0.191,1,7,0,-0.727,0
47.0,38103.0,3280.0,20.0,811.0,12984.0,0.261,2,0,1,0.96,0
39.0,27142.0,2174.0,6.2,616.0,18533.0,0.308,3,3,0,0.735,0
32.0,22133.0,1828.0,3.8,701.0,14736.0,0.134,0,1,0,-2.06,1
38.0,56756.0,4628.0,6.5,691.0,31077.0,0.615,1,5,0,-1.2,1
54.0,62894.0,5221.0,11.8,531.0,35650.0,0.239,2,1,1,0.356,0
44.0,32315.0,2670.0,1.5,660.0,21090.0,0.361,1,1,1,2.173,1
21.0,88063.0,7427.0,0.3,621.0,29834.0,0.449,1,2,0,0.774,1
36.0,58899.0,4933.0,10.1,713.0,22847.0,0.329,0,1,0,1.319,0
58.0,100946.0,8193.0,33.9,799.0,23576.0,0.177,1,2,1,-0.252,0
36.0,64980.0,5351.0,0.7,636.0,14850.0,0.31,0,5,0,1.602,0
21.0,34038.0,2837.0,0.0,636.0,25561.0,0.116,1,5,0,1.204,0
59.0,67597.0,5716.0,23.0,848.0,41943.0,0.267,1,0,1,-3.246,0
46.0,74357.0,6498.0,17.8,619.0,28980.0,0.468,1,1,0,-0.458,0
37.0,42987.0,3633.0,10.5,571.0,3407.0,0.159,1,3,0,-0.656,0
34.0,28743.0,2347.0,13.5,763.0,17450.0,0.218,0,3,1,-1.086,0
50.0,57539.0,4786.0,6.8,660.0,43810.0,0.485,1,1,0,0.214,0
32.0,35056.0,2932.0,5.8,683.0,26119.0,0.283,0,4,0,1.568,0
51.0,91079.0,7511.0,28.1,830.0,53338.0,0.211,1,3,0,-0.177,0
44.0,45792.0,3852.0,14.8,569.0,24535.0,0.339,4,1,1,-0.707,1
41.0,119510.0,9507.0,11.9,652.0,16807.0,0.253,1,2,0,0.27,0
40.0,21146.0,1782.0,18.3,583.0,2416.0,0.028,1,2,0,0.393,0
36.0,58439.0,4824.0,5.4,686.0,14546.0,0.164,0,5,0,0.333,0
50.0,104644.0,8701.0,4.6,624.0,49476.0,0.506,2,1,0,-1.3,1
28.0,36844.0,3160.0,1.1,578.0,27077.0,0.333,4,4,0,1.272,1
21.0,51198.0,4159.0,0.8,712.0,36008.0,0.446,0,2,0,-1.589,1
45.0,45877.0,3844.0,21.2,671.0,12825.0,0.197,1,3,0,-1.107,0
45.0,40433.0,3423.0,5.8,575.0,13128.0,0.294,1,2,0,0.774,0
43.0,61400.0,5134.0,10.6,582.0,17361.0,0.283,0,0,0,1.285,0
42.0,30704.0,2476.0,13.2,681.0,13744.0,0.245,0,6,1,-0.485,0
34.0,52321.0,4478.0,2.0,544.0,34359.0,0.321,2,3,0,-0.62,1
47.0,69375.0,5757.0,22.6,687.0,44216.0,0.189,3,3,0,-0.626,0
37.0,49926.0,4117.0,7.3,757.0,35684.0,0.421,0,2,1,-1.127,0
33.0,35066.0,2904.0,10.9,712.0,15474.0,0.347,1,0,1,-0.593,0
35.0,87437.0,7231.0,11.1,622.0,47532.0,0.283,6,0,0,-0.929,1
60.0,76397.0,6215.0,11.9,685.0,58477.0,0.313,0,3,0,-0.929,0
21.0,34426.0,2878.0,0.7,573.0,19163.0,0.27,3,6,0,-0.337,1
43.0,30722.0,2530.0,17.4,678.0,5385.0,0.128,2,3,0,0.097,0
21.0,35837.0,3026.0,0.3,637.0,10577.0,0.201,1,2,0,0.744,0
37.0,70295.0,5919.0,4.3,589.0,7505.0,0.282,2,2,0,-0.067,0
33.0,62261.0,5357.0,10.9,709.0,8273.0,0.265,1,0,0,-0.02,0
21.0,78482.0,6512.0,0.7,522.0,32874.0,0.365,4,1,0,-0.28,1
42.0,47492.0,3894.0,16.5,585.0,28682.0,0.356,1,1,0,-0.906,1
34.0,36278.0,2934.0,4.3,588.0,6955.0,0.244,4,4,0,-0.132,1
21.0,83164.0,7234.0,0.7,625.0,24119.0,0.204,2,2,1,0.507,0
47.0,42875.0,3620.0,19.5,761.0,12966.0,0.375,1,1,1,0.466,1
54.0,59816.0,4916.0,11.3,718.0,40681.0,0.319,1,3,0,-0.685,0
54.0,27381.0,2359.0,9.3,672.0,5148.0,0.238,0,4,0,-0.128,0
42.0,42560.0,3643.0,9.5,669.0,3215.0,0.186,1,0,0,0.787,0
39.0,86623.0,7023.0,13.7,666.0,44860.0,0.232,1,2,0,0.318,0
53.0,39846.0,3270.0,6.3,759.0,17737.0,0.339,2,2,1,-0.716,0
57.0,79349.0,6595.0,31.9,549.0,4129.0,0.469,5,2,1,-1.3,1
50.0,19267.0,1571.0,7.8,718.0,12013.0,0.279,0,1,0,-2.51,0
28.0,42760.0,3556.0,6.4,628.0,15731.0,0.217,0,0,0,1.319,1
40.0,50918.0,4304.0,3.1,697.0,23467.0,0.516,0,1,0,2.295,1
43.0,120479.0,9764.0,16.9,704.0,66638.0,0.263,0,3,0,0.739,0
21.0,32500.0,2724.0,0.6,712.0,2877.0,0.221,0,2,0,-0.86,0
43.0,74387.0,6344.0,15.3,779.0,13346.0,0.259,0,3,0,-0.317,0
63.0,88496.0,7434.0,40.0,584.0,35164.0,0.254,1,5,0,-0.635,0
45.0,39752.0,3308.0,1.3,731.0,7113.0,0.427,1,5,0,-0.321,0
54.0,46490.0,3822.0,5.1,658.0,6390.0,0.133,1,1,0,0.314,0
40.0,58619.0,4966.0,1.6,629.0,17218.0,0.359,1,3,1,0.455,0
37.0,28238.0,2298.0,8.9,807.0,10448.0,0.299,0,1,0,-0.955,0
42.0,44815.0,3753.0,17.8,718.0,30806.0,0.244,0,0,1,0.323,0
29.0,97669.0,8143.0,0.5,631.0,48464.0,0.266,1,0,0,-2.68,0
27.0,69584.0,5929.0,5.8,730.0,51982.0,0.275,1,1,0,1.448,0
52.0,51254.0,4221.0,13.8,664.0,20138.0,0.309,1,3,0,-1.373,0
53.0,57871.0,4775.0,31.2,645.0,23398.0,0.255,2,3,0,0.059,0
27.0,71432.0,5805.0,2.7,619.0,20257.0,0.293,2,2,1,0.503,1
49.0,77860.0,6545.0,28.2,695.0,8656.0,0.222,0,6,1,0.215,0
37.0,42817.0,3538.0,9.5,622.0,7665.0,0.518,3,4,0,0.514,1
42.0,109723.0,8986.0,21.5,682.0,11058.0,0.401,0,3,1,1.305,0
43.0,99453.0,8161.0,14.6,729.0,57443.0,0.349,1,1,0,-0.613,0
49.0,74597.0,6283.0,10.0,673.0,23256.0,0.256,0,2,0,0.226,0
39.0,37638.0,3067.0,15.2,806.0,2772.0,0.382,0,2,0,-0.636,0
54.0,34752.0,2837.0,16.3,669.0,21343.0,0.33,0,3,1,1.136,0
41.0,47483.0,4028.0,6.6,758.0,11450.0,0.312,0,0,0,-0.151,0
45.0,56525.0,4695.0,11.9,734.0,40706.0,0.247,0,4,0,-0.129,0
29.0,24817.0,2108.0,7.7,771.0,16560.0,0.327,1,4,0,-0.225,0
62.0,68713.0,5685.0,30.6,813.0,19090.0,0.468,1,2,0,0.337,0
43.0,98169.0,8181.0,4.0,539.0,22264.0,0.308,2,3,0,-0.094,1
46.0,71289.0,5959.0,21.7,689.0,56661.0,0.274,0,1,0,-0.097,0
21.0,40573.0,3475.0,0.4,652.0,26970.0,0.31,2,0,0,-0.393,0
29.0,38469.0,3289.0,0.7,668.0,28658.0,0.304,1,2,0,-0.267,1
52.0,62945.0,5366.0,4.7,635.0,3952.0,0.245,1,2,0,0.091,0
41.0,51334.0,4224.0,1.4,623.0,25603.0,0.226,0,4,1,1.007,0
21.0,67135.0,5484.0,0.7,583.0,16782.0,0.379,4,0,0,0.348,0
49.0,72104.0,6100.0,7.6,671.0,23870.0,0.421,1,0,0,-0.485,0
32.0,89899.0,7698.0,1.2,726.0,10636.0,0.527,0,3,0,-0.401,0
54.0,33045.0,2818.0,12.3,632.0,20200.0,0.346,0,3,1,1.585,0
37.0,60768.0,5065.0,14.8,644.0,26995.0,0.312,2,1,0,-1.536,0
40.0,46701.0,3948.0,12.7,618.0,30076.0,0.39,2,0,0,-1.353,0
51.0,52612.0,4450.0,15.1,598.0,7227.0,0.209,2,4,0,-0.761,0
28.0,81151.0,6783.0,6.0,646.0,64755.0,0.364,2,1,1,0.633,1
27.0,85220.0,7129.0,0.5,684.0,26539.0,0.404,0,3,1,-0.893,0
36.0,103196.0,8617.0,14.0,755.0,78799.0,0.402,0,3,0,-0.923,0
47.0,66610.0,5463.0,4.8,579.0,37124.0,0.467,4,3,0,0.952,0
23.0,52343.0,4302.0,0.1,658.0,6890.0,0.24,2,2,0,-1.461,0
21.0,49084.0,4033.0,0.4,743.0,31242.0,0.251,0,3,0,0.69,0
47.0,25196.0,2033.0,1.6,578.0,11855.0,0.278,3,2,1,1.233,0
31.0,100506.0,8399.0,1.9,750.0,19250.0,0.188,1,3,0,0.728,1
34.0,47583.0,3962.0,10.1,634.0,9061.0,0.354,1,1,0,0.214,0
21.0,69061.0,5843.0,0.4,710.0,52822.0,0.368,1,3,0,0.71,1
31.0,74655.0,6378.0,0.1,645.0,59644.0,0.356,0,1,0,2.621,0
38.0,31404.0,2686.0,11.5,698.0,15140.0,0.315,1,5,0,0.037,1
48.0,36300.0,3111.0,20.0,783.0,6910.0,0.401,0,4,0,0.04,0
30.0,110332.0,9055.0,8.6,656.0,33673.0,0.358,1,1,0,2.131,0
56.0,62679.0,5074.0,5.6,733.0,13098.0,0.24,0,0,0,-0.572,0
30.0,42354.0,3595.0,9.0,684.0,21415.0,0.02,1,3,0,-0.251,0
30.0,51960.0,4450.0,7.4,609.0,18197.0,0.267,0,0,1,1.833,0
55.0,89670.0,7705.0,19.7,660.0,29910.0,0.304,1,2,0,0.958,0
40.0,83745.0,7046.0,5.3,648.0,54523.0,0.305,2,5,0,-1.249,0
32.0,28434.0,2275.0,5.5,564.0,21971.0,0.282,3,3,0,0.118,1
36.0,114751.0,9632.0,3.2,694.0,22694.0,0.246,1,1,0,0.731,0
53.0,84953.0,7158.0,23.6,718.0,30653.0,0.215,1,0,1,-0.074,0
54.0,51353.0,4387.0,24.0,729.0,23232.0,0.197,1,0,0,-0.116,0
29.0,32171.0,2758.0,1.7,761.0,7541.0,0.343,1,2,0,-1.309,0
38.0,88379.0,7499.0,4.4,729.0,31059.0,0.409,0,2,0,0.651,1
39.0,68151.0,5613.0,17.1,626.0,6260.0,0.175,2,2,0,2.098,0
27.0,28540.0,2329.0,3.4,634.0,2309.0,0.294,4,1,0,0.407,0
37.0,49546.0,4173.0,9.6,724.0,31698.0,0.379,1,2,1,0.964,0
38.0,224553.0,18416.0,17.3,696.0,68336.0,0.281,1,2,1,-0.873,0
51.0,55410.0,4754.0,6.3,662.0,32169.0,0.372,1,2,0,-1.061,0
51.0,39387.0,3170.0,19.6,609.0,4419.0,0.408,0,6,0,-0.785,0
34.0,34936.0,2944.0,11.1,628.0,19319.0,0.339,1,5,0,0.303,1
36.0,122092.0,10239.0,5.0,703.0,65933.0,0.25,1,3,0,0.121,0
45.0,80546.0,6684.0,7.8,527.0,53651.0,0.432,1,2,0,-1.617,1
32.0,103615.0,8475.0,10.4,501.0,21081.0,0.273,1,1,1,-0.347,1
44.0,61499.0,4914.0,2.4,710.0,28495.0,0.273,1,0,0,0.049,0
37.0,96703.0,7973.0,2.7,624.0,70195.0,0.351,1,3,1,0.346,1
27.0,37547.0,3097.0,3.0,694.0,8069.0,0.27,1,2,0,0.071,0
27.0,59175.0,5041.0,6.0,773.0,8500.0,0.278,1,4,0,0.884,0
54.0,62584.0,5134.0,15.4,597.0,19312.0,0.263,0,3,0,-1.365,0
36.0,102456.0,8615.0,4.4,545.0,79302.0,0.282,4,1,0,1.836,1
56.0,63486.0,5154.0,15.1,648.0,10668.0,0.32,1,2,0,-2.015,1
32.0,41507.0,3492.0,5.5,615.0,5790.0,0.103,4,0,1,1.086,1
41.0,56609.0,4506.0,15.4,666.0,45191.0,0.29,1,1,0,1.352,1
64.0,25866.0,2246.0,38.5,717.0,8920.0,0.124,1,2,0,-0.974,0
26.0,19354.0,1608.0,2.0,684.0,3134.0,0.259,1,2,1,1.923,0
21.0,79953.0,6290.0,0.7,664.0,37495.0,0.334,0,0,0,-0.138,0
52.0,46465.0,3816.0,22.6,745.0,2806.0,0.267,1,0,0,-0.168,0
29.0,48896.0,4003.0,6.8,710.0,18051.0,0.37,0,4,0,0.906,0
38.0,79939.0,6574.0,10.2,652.0,6168.0,0.335,1,6,1,0.136,0
32.0,103130.0,8531.0,0.2,705.0,48884.0,0.084,0,2,0,-0.465,0
41.0,69955.0,5752.0,13.7,559.0,36277.0,0.42,3,2,0,-0.331,1
28.0,130970.0,10736.0,4.6,737.0,6895.0,0.325,0,3,0,0.211,0
36.0,68961.0,5614.0,9.8,666.0,29966.0,0.243,0,4,0,-0.587,0
43.0,63012.0,5337.0,6.5,579.0,47808.0,0.253,1,2,0,0.548,0
27.0,61283.0,5230.0,0.7,631.0,21361.0,0.092,3,3,0,-0.495,1
30.0,30841.0,2557.0,2.0,734.0,23621.0,0.322,2,5,1,-0.441,0
34.0,84566.0,7045.0,3.1,608.0,65336.0,0.365,2,3,0,-0.423,1
22.0,18299.0,1491.0,0.4,689.0,4212.0,0.232,1,4,0,-1.978,0
33.0,42246.0,3526.0,3.3,723.0,20406.0,0.21,0,1,0,-0.28,0
39.0,55570.0,4652.0,1.3,662.0,37384.0,0.314,2,4,1,0.421,1
34.0,38549.0,3198.0,3.7,601.0,22431.0,0.419,0,2,0,1.675,1
35.0,44882.0,3770.0,15.0,663.0,27831.0,0.409,0,1,0,1.52,1
38.0,125845.0,10552.0,9.1,566.0,30920.0,0.383,2,2,0,0.016,0
31.0,90391.0,7374.0,3.7,628.0,66768.0,0.502,0,3,0,-0.01,1
46.0,40395.0,3447.0,18.4,592.0,9159.0,0.392,1,2,0,-0.68,0
54.0,44524.0,3695.0,15.9,665.0,23758.0,0.416,1,4,0,0.765,0
33.0,30960.0,2666.0,0.4,571.0,22091.0,0.309,4,5,0,-1.254,1
43.0,75534.0,6347.0,12.8,672.0,24142.0,0.265,1,2,1,-0.88,0
35.0,49154.0,4258.0,4.7,742.0,22812.0,0.413,0,6,1,-1.503,0
42.0,22701.0,1936.0,12.6,750.0,12892.0,0.202,0,5,0,-0.107,0
55.0,57552.0,4818.0,6.1,576.0,42955.0,0.342,1,7,0,0.198,0
44.0,67012.0,5504.0,11.4,619.0,25869.0,0.239,4,6,0,-1.147,0
21.0,84838.0,6971.0,0.2,720.0,42623.0,0.334,0,1,0,-0.954,0
43.0,53214.0,4482.0,6.9,713.0,8320.0,0.327,0,3,0,0.571,0
52.0,46508.0,3887.0,21.7,628.0,4600.0,0.316,0,3,0,-0.244,0
36.0,134445.0,11072.0,3.5,628.0,8884.0,0.298,1,4,0,-0.943,0
49.0,55163.0,4674.0,12.1,672.0,22476.0,0.353,1,4,0,-0.618,0
30.0,76031.0,6341.0,0.8,532.0,34920.0,0.369,1,3,0,0.699,1
22.0,43144.0,3656.0,1.1,697.0,4952.0,0.16,1,2,1,0.587,0
40.0,75023.0,6130.0,10.5,741.0,13941.0,0.295,0,3,0,-0.135,0
21.0,28568.0,2428.0,0.8,633.0,7134.0,0.258,0,3,0,-1.063,0
35.0,44674.0,3760.0,8.2,565.0,32097.0,0.319,0,3,0,-1.271,0
52.0,31932.0,2725.0,32.0,775.0,3974.0,0.258,2,2,0,-1.787,0
21.0,41892.0,3559.0,0.2,675.0,17480.0,0.428,0,0,0,-0.896,0
24.0,96548.0,8032.0,2.9,711.0,61965.0,0.293,1,3,0,0.627,1
27.0,41754.0,3468.0,2.9,569.0,29337.0,0.399,2,3,1,-0.779,1
37.0,75986.0,6558.0,6.5,571.0,43301.0,0.205,2,2,1,-1.021,1
34.0,108864.0,9019.0,10.2,694.0,27125.0,0.272,1,4,0,-0.93,0
53.0,54322.0,4595.0,31.9,748.0,7663.0,0.239,0,0,0,-0.447,0
48.0,86016.0,7113.0,21.5,592.0,14487.0,0.339,1,4,0,1.044,1
43.0,69848.0,5604.0,7.7,657.0,43844.0,0.182,1,1,0,-0.92,0
40.0,57959.0,4711.0,10.0,554.0,15788.0,0.129,3,3,0,-0.602,0
42.0,77090.0,6476.0,4.8,613.0,23389.0,0.237,3,3,0,-1.187,0
29.0,125877.0,10637.0,5.3,645.0,22865.0,0.356,0,1,0,0.926,0
47.0,41288.0,3469.0,11.0,700.0,15523.0,0.219,0,2,1,-0.045,0
26.0,35719.0,3045.0,1.3,513.0,10748.0,0.327,2,0,0,-1.407,1
47.0,34788.0,2922.0,0.6,753.0,11054.0,0.235,0,1,0,-1.059,0
51.0,86041.0,7059.0,28.7,662.0,6483.0,0.125,1,4,0,0.399,1
40.0,91428.0,7710.0,1.6,751.0,36290.0,0.385,1,3,0,1.074,0
36.0,43192.0,3612.0,5.3,712.0,5784.0,0.365,2,4,0,-0.631,0
42.0,21034.0,1733.0,4.3,722.0,9502.0,0.296,0,1,1,0.661,0
21.0,40597.0,3415.0,0.5,802.0,22405.0,0.304,0,4,0,0.371,0
41.0,70377.0,5874.0,4.2,607.0,32344.0,0.279,1,4,0,1.881,0
37.0,53373.0,4394.0,12.3,676.0,8532.0,0.197,0,1,1,-0.993,0
37.0,59650.0,4953.0,3.9,593.0,30563.0,0.431,0,2,0,1.791,1
46.0,43459.0,3724.0,4.8,655.0,15628.0,0.29,1,2,0,0.776,1
37.0,86806.0,7434.0,3.7,712.0,27738.0,0.336,1,3,0,-0.91,0
25.0,64185.0,5369.0,1.6,740.0,10371.0,0.25,3,2,0,0.663,0
36.0,71611.0,5974.0,10.6,639.0,56984.0,0.344,0,5,1,-0.77,0
39.0,59081.0,4782.0,3.9,578.0,20354.0,0.415,1,4,0,0.228,0
39.0,69637.0,6003.0,13.4,672.0,27317.0,0.317,0,3,0,0.589,0
40.0,67606.0,5751.0,8.5,605.0,8166.0,0.336,1,1,0,-0.625,0
49.0,36223.0,3064.0,5.8,622.0,20162.0,0.388,0,2,0,1.82,0
26.0,65054.0,5175.0,1.5,708.0,17044.0,0.371,0,6,0,-0.014,0
40.0,78532.0,6550.0,10.5,699.0,47522.0,0.404,0,4,0,0.048,1
52.0,92494.0,7688.0,12.2,724.0,9281.0,0.332,0,3,0,0.81,0
21.0,66326.0,5603.0,0.5,637.0,18082.0,0.332,2,3,0,0.74,0
40.0,35622.0,2942.0,16.2,739.0,21703.0,0.324,1,1,0,0.893,1
32.0,38177.0,3167.0,0.5,661.0,13248.0,0.386,1,3,1,0.712,0
34.0,45219.0,3815.0,5.5,643.0,3424.0,0.257,1,3,0,2.154,0
28.0,59895.0,4914.0,3.3,585.0,38462.0,0.353,0,1,1,0.247,0
36.0,52056.0,4288.0,4.0,516.0,40302.0,0.53,5,2,1,0.198,1
58.0,33170.0,2775.0,16.9,559.0,11025.0,0.336,1,3,1,1.34,0
24.0,33081.0,2831.0,2.3,676.0,17076.0,0.18,0,2,0,0.009,0
25.0,21392.0,1811.0,3.0,598.0,7048.0,0.271,1,4,0,-1.161,0
24.0,15000.0,1277.0,2.5,546.0,6994.0,0.362,0,4,0,-0.493,1
57.0,51833.0,4325.0,2.8,632.0,31303.0,0.233,1,3,0,-0.489,0
33.0,156247.0,13410.0,5.9,683.0,81980.0,0.202,3,1,0,1.697,0
38.0,123456.0,9930.0,13.4,696.0,35312.0,0.162,0,2,0,-0.77,0
34.0,35415.0,3071.0,6.2,661.0,6955.0,0.279,1,1,0,-1.192,0
28.0,58838.0,5114.0,5.0,658.0,26963.0,0.461,1,5,0,0.868,0
35.0,28454.0,2393.0,9.1,627.0,15496.0,0.247,1,0,1,2.051,0
65.0,30474.0,2582.0,20.9,715.0,14654.0,0.388,0,2,1,-1.426,0
53.0,32088.0,2672.0,2.6,649.0,4688.0,0.272,0,4,0,2.103,0
29.0,49693.0,4124.0,5.5,657.0,15717.0,0.261,0,2,0,-0.953,0
45.0,50665.0,4170.0,13.4,739.0,30829.0,0.352,0,2,0,-1.826,0
29.0,61624.0,5130.0,0.1,715.0,9864.0,0.147,2,3,0,-1.491,0
21.0,74127.0,6246.0,0.2,647.0,52818.0,0.467,0,2,0,0.061,1
49.0,47263.0,3972.0,1.8,638.0,18901.0,0.354,5,3,0,-0.426,1
51.0,55903.0,4844.0,17.5,645.0,35967.0,0.405,3,3,0,-0.09,1
50.0,33620.0,2807.0,0.4,519.0,10274.0,0.274,3,4,1,-0.55,0
33.0,30033.0,2428.0,10.8,742.0,9593.0,0.35,0,5,0,-1.324,1
36.0,28017.0,2411.0,15.3,620.0,21720.0,0.393,4,3,1,0.67,1
46.0,73663.0,5989.0,25.6,733.0,35027.0,0.291,1,1,0,-0.543,0
42.0,47242.0,3893.0,5.1,665.0,5973.0,0.213,0,3,0,1.125,1
34.0,23697.0,1985.0,6.8,761.0,18205.0,0.206,2,1,0,0.677,0
21.0,53461.0,4492.0,0.9,698.0,17703.0,0.258,0,3,0,-0.362,0
39.0,31355.0,2537.0,13.2,730.0,18269.0,0.323,0,2,1,-0.53,0
50.0,116106.0,9531.0,8.9,623.0,17000.0,0.284,2,3,0,-2.139,0
25.0,42388.0,3428.0,4.0,572.0,29311.0,0.251,0,4,0,0.831,0
45.0,74740.0,6306.0,14.4,678.0,57498.0,0.368,0,2,0,0.179,0
42.0,89780.0,7659.0,15.8,534.0,30268.0,0.254,2,2,0,0.472,0
46.0,35788.0,2909.0,25.4,640.0,5674.0,0.24,4,4,0,-0.922,0
48.0,56915.0,4837.0,27.5,591.0,26649.0,0.394,4,2,0,0.005,1
30.0,70555.0,5989.0,5.2,604.0,12089.0,0.355,1,4,1,-1.249,0
21.0,57935.0,4764.0,0.2,702.0,22108.0,0.177,0,2,0,-1.04,0
32.0,64704.0,5178.0,7.5,701.0,33452.0,0.167,0,2,1,1.314,0
48.0,30235.0,2466.0,17.9,658.0,4671.0,0.189,2,2,0,-0.36,1
32.0,70573.0,5811.0,6.9,686.0,53707.0,0.297,0,3,0,-0.153,0
30.0,44193.0,3796.0,4.4,624.0,25596.0,0.418,3,5,0,-1.488,1
21.0,64366.0,5351.0,0.6,830.0,20659.0,0.445,0,5,0,-0.982,0
57.0,83207.0,6794.0,19.9,691.0,30101.0,0.375,2,4,0,-1.15,0
47.0,74314.0,6211.0,25.6,631.0,50986.0,0.491,0,3,0,-0.311,0
46.0,64345.0,5223.0,22.2,732.0,26189.0,0.32,0,4,1,-0.642,0
49.0,73427.0,6182.0,11.3,752.0,58030.0,0.411,0,7,0,-0.352,0
44.0,74972.0,6126.0,13.9,613.0,7245.0,0.243,1,2,0,0.523,0
35.0,107803.0,8834.0,8.7,565.0,27328.0,0.144,2,0,0,1.428,0
36.0,54164.0,4548.0,8.3,579.0,23769.0,0.269,1,1,0,0.456,1
33.0,59211.0,5107.0,0.8,613.0,8993.0,0.287,1,4,0,-1.054,0
67.0,83660.0,7278.0,33.5,673.0,26535.0,0.558,0,1,0,-1.32,1
44.0,44109.0,3599.0,17.6,555.0,19407.0,0.3,3,4,0,-1.019,1
33.0,30158.0,2483.0,6.2,634.0,7411.0,0.198,4,1,0,0.145,0
43.0,68668.0,5781.0,20.8,656.0,11911.0,0.396,2,4,0,1.002,0
27.0,50130.0,4275.0,6.8,686.0,12596.0,0.224,0,3,0,0.955,0
55.0,31943.0,2547.0,28.1,717.0,3575.0,0.314,1,2,0,2.07,0
31.0,68895.0,5751.0,10.0,693.0,13569.0,0.388,0,1,0,-0.112,1
44.0,104726.0,8642.0,11.5,791.0,10029.0,0.207,0,1,1,-0.542,0
50.0,26415.0,2117.0,27.2,750.0,20192.0,0.452,0,5,0,-0.065,0
42.0,87128.0,7067.0,20.8,686.0,14878.0,0.413,0,1,0,-1.828,0
39.0,17561.0,1447.0,11.9,598.0,895.0,0.335,0,3,0,-0.019,0
38.0,45934.0,3832.0,2.7,614.0,35279.0,0.475,1,1,0,-0.367,0
37.0,125910.0,10704.0,2.6,561.0,77930.0,0.262,3,1,0,-1.212,1
32.0,47446.0,3982.0,5.5,673.0,11874.0,0.379,1,3,0,1.281,1
33.0,57272.0,4863.0,9.6,688.0,40616.0,0.328,0,1,0,-0.746,0
54.0,77527.0,6464.0,17.2,731.0,54557.0,0.236,0,2,1,-0.499,0
37.0,25404.0,2087.0,13.4,685.0,15389.0,0.239,1,2,1,-1.56,0
29.0,56814.0,4717.0,7.2,737.0,28075.0,0.503,0,3,0,0.149,1
32.0,56612.0,4783.0,2.5,736.0,27657.0,0.406,0,1,0,1.944,0
50.0,127151.0,10815.0,4.0,590.0,98755.0,0.389,1,2,1,0.2,0
45.0,31540.0,2621.0,18.0,633.0,12580.0,0.237,0,2,0,1.09,0
44.0,46323.0,3789.0,7.7,663.0,30408.0,0.371,1,3,0,-0.665,0
35.0,36219.0,3038.0,14.1,618.0,4867.0,0.263,3,2,1,0.656,0
44.0,34531.0,2905.0,21.1,654.0,19877.0,0.47,0,3,0,-0.761,0
31.0,91347.0,7800.0,4.9,684.0,72363.0,0.421,2,1,0,-1.063,1
35.0,55664.0,4576.0,8.8,656.0,3200.0,0.392,2,4,0,0.425,0
49.0,42834.0,3522.0,24.3,672.0,10427.0,0.382,0,1,0,1.402,0
48.0,43567.0,3685.0,24.1,606.0,27827.0,0.291,2,1,1,-0.872,0
27.0,42686.0,3528.0,4.0,697.0,25627.0,0.349,1,7,0,0.311,1
29.0,44439.0,3670.0,8.3,695.0,26692.0,0.454,0,0,1,-1.975,0
39.0,31135.0,2660.0,10.0,612.0,24499.0,0.347,4,2,0,-1.089,0
57.0,48955.0,3968.0,1.5,570.0,5967.0,0.216,1,1,0,2.598,1
21.0,46791.0,4060.0,0.6,746.0,26031.0,0.425,0,5,0,-0.48,0
41.0,39108.0,3219.0,16.4,791.0,20762.0,0.232,2,2,0,-0.63,0
23.0,58974.0,5000.0,2.8,678.0,12050.0,0.297,2,1,0,0.624,0
31.0,61270.0,5095.0,1.2,635.0,12848.0,0.253,1,4,0,-1.073,0
34.0,42813.0,3587.0,6.2,736.0,23019.0,0.039,1,7,0,0.612,0
33.0,51546.0,4273.0,7.8,697.0,27881.0,0.318,1,1,0,0.623,0
32.0,145287.0,12315.0,10.7,651.0,72651.0,0.517,3,2,1,-0.343,0
38.0,142812.0,11818.0,12.9,734.0,56613.0,0.332,1,2,0,1.446,0
32.0,34226.0,2820.0,2.8,605.0,19352.0,0.596,2,3,0,-1.592,1
22.0,36446.0,3147.0,1.6,612.0,10621.0,0.285,1,1,0,-0.375,1
47.0,34145.0,2847.0,17.7,694.0,7746.0,0.322,0,3,0,1.32,0
46.0,88500.0,7275.0,23.5,680.0,43946.0,0.29,1,5,0,0.932,0
47.0,45970.0,3717.0,22.8,716.0,23581.0,0.306,1,2,0,-0.467,0
21.0,61264.0,5296.0,0.1,744.0,40385.0,0.337,0,1,1,-0.679,0
41.0,135094.0,11134.0,20.4,562.0,48911.0,0.451,2,6,0,0.23,1
45.0,54742.0,4750.0,11.6,669.0,34109.0,0.216,1,4,0,-1.981,0
27.0,75576.0,6348.0,6.5,796.0,55797.0,0.301,1,4,0,0.016,0
38.0,69514.0,5809.0,3.4,620.0,25668.0,0.362,1,0,0,0.278,0
37.0,42209.0,3529.0,13.3,617.0,19287.0,0.428,1,2,0,-0.768,0
58.0,88584.0,7709.0,11.7,509.0,64906.0,0.084,3,4,1,-0.011,0
59.0,37524.0,2990.0,1.8,668.0,10326.0,0.16,0,0,0,0.002,0
21.0,100512.0,8412.0,1.0,701.0,59502.0,0.304,0,0,0,-1.494,0
65.0,42224.0,3500.0,13.8,707.0,20390.0,0.412,0,1,1,-0.069,0
28.0,44356.0,3681.0,0.6,588.0,15990.0,0.252,4,4,0,-1.417,0
49.0,33701.0,2817.0,24.8,672.0,23528.0,0.367,0,2,0,-0.663,1
49.0,36285.0,3008.0,12.4,682.0,6079.0,0.498,1,4,1,-0.52,0
27.0,45390.0,3797.0,4.1,666.0,3475.0,0.301,1,2,0,1.514,0
43.0,18416.0,1534.0,23.1,595.0,3782.0,0.277,0,4,0,0.857,0
37.0,49518.0,4018.0,8.1,669.0,35019.0,0.347,0,2,1,1.531,0
44.0,43761.0,3675.0,1.6,604.0,13465.0,0.318,3,3,0,-0.606,0
41.0,78480.0,6634.0,14.2,536.0,44182.0,0.326,1,2,0,-0.289,1
51.0,66531.0,5484.0,22.1,719.0,14845.0,0.282,0,1,0,0.263,0
39.0,40001.0,3458.0,3.7,672.0,16727.0,0.274,1,2,0,0.096,0
36.0,44745.0,3828.0,8.8,706.0,19784.0,0.2,0,3,0,1.115,0
50.0,49489.0,4194.0,11.1,628.0,11582.0,0.361,1,2,0,0.674,0
44.0,107341.0,9094.0,1.2,704.0,36555.0,0.196,1,4,0,0.917,0
46.0,37989.0,3168.0,8.1,736.0,9358.0,0.218,0,1,0,-0.285,1
31.0,39783.0,3391.0,9.7,788.0,4993.0,0.18,0,3,1,0.761,0
27.0,33098.0,2845.0,2.0,718.0,12370.0,0.267,0,3,0,-0.486,0
32.0,28231.0,2391.0,2.6,688.0,13345.0,0.303,2,3,0,2.393,0
31.0,63148.0,5202.0,10.5,569.0,7423.0,0.19,1,0,0,-0.31,0
47.0,60258.0,5018.0,10.2,658.0,19187.0,0.273,2,4,0,0.144,1
49.0,97962.0,8257.0,27.0,574.0,38893.0,0.316,2,2,0,0.769,0
36.0,87880.0,7446.0,14.3,610.0,65856.0,0.143,3,2,0,2.404,0
54.0,161747.0,13458.0,15.9,805.0,82126.0,0.224,1,1,0,1.075,0
53.0,53202.0,4383.0,12.7,595.0,40258.0,0.48,1,2,0,-0.85,1
41.0,48916.0,4205.0,2.8,497.0,21684.0,0.229,3,3,0,1.07,1
29.0,30638.0,2498.0,1.7,718.0,19989.0,0.371,1,1,1,-1.591,0
55.0,75248.0,6153.0,8.2,617.0,9195.0,0.249,1,1,0,-0.522,1
37.0,58013.0,4706.0,8.2,718.0,27459.0,0.32,0,0,1,-0.771,0
39.0,73730.0,6028.0,7.2,582.0,23203.0,0.22,1,2,0,-0.422,1
34.0,32941.0,2814.0,11.4,636.0,19644.0,0.11,0,5,0,0.776,1
28.0,64428.0,5507.0,2.4,745.0,45628.0,0.256,0,3,0,1.098,0
22.0,60321.0,5019.0,0.8,568.0,35239.0,0.344,3,4,1,1.253,1
45.0,58551.0,4928.0,3.1,650.0,6804.0,0.368,0,3,0,-0.506,0
29.0,40442.0,3369.0,2.5,682.0,20860.0,0.314,0,2,1,-1.447,0
70.0,93928.0,7641.0,39.2,629.0,57115.0,0.222,2,2,1,0.486,0
26.0,138376.0,12043.0,4.3,679.0,10016.0,0.392,0,3,0,0.222,0
24.0,33371.0,2857.0,1.7,662.0,5916.0,0.228,1,2,0,-1.808,0
44.0,76061.0,6383.0,13.6,704.0,42610.0,0.234,0,0,0,-0.362,0
55.0,15064.0,1234.0,16.0,797.0,4311.0,0.202,2,1,0,-1.03,0
39.0,74307.0,6164.0,16.8,850.0,7181.0,0.258,0,3,0,-2.14,0
44.0,23707.0,1948.0,9.6,697.0,16999.0,0.27,1,4,0,0.155,0
21.0,43428.0,3626.0,0.7,653.0,33184.0,0.329,0,2,0,-0.648,0
31.0,30462.0,2554.0,2.3,692.0,10056.0,0.165,1,4,0,-0.626,0
26.0,49914.0,4131.0,2.7,645.0,39665.0,0.254,0,1,0,0.073,0
21.0,80221.0,6491.0,0.5,549.0,55548.0,0.22,2,1,0,-1.949,1
39.0,23844.0,2072.0,2.0,658.0,11133.0,0.343,2,5,0,-1.121,0
21.0,46785.0,3917.0,0.6,736.0,28559.0,0.33,0,0,0,0.236,0
23.0,43655.0,3671.0,2.0,558.0,32836.0,0.197,3,4,0,0.545,0
32.0,112034.0,9257.0,1.9,592.0,66715.0,0.349,5,3,1,1.35,1
29.0,66795.0,5392.0,8.8,624.0,20246.0,0.295,2,2,0,0.207,0
42.0,32381.0,2694.0,2.1,687.0,6307.0,0.379,0,2,1,0.576,0
41.0,44489.0,3683.0,19.1,836.0,16631.0,0.235,1,5,0,0.091,0
48.0,110784.0,9363.0,13.7,610.0,21049.0,0.359,3,3,0,0.873,1
46.0,75853.0,6436.0,5.9,669.0,5017.0,0.386,1,3,1,-1.152,0
51.0,36384.0,3078.0,3.4,662.0,14261.0,0.307,1,1,1,-0.709,0
38.0,48772.0,4145.0,12.6,645.0,14482.0,0.51,1,3,0,-0.109,0
41.0,49478.0,4272.0,16.1,665.0,6010.0,0.349,2,1,0,-0.014,0
44.0,43174.0,3626.0,15.9,635.0,30377.0,0.476,0,5,1,-1.249,0
40.0,25476.0,2170.0,8.2,850.0,3623.0,0.552,0,2,0,-1.603,0
34.0,40545.0,3412.0,2.4,714.0,21197.0,0.133,0,1,0,-0.924,0
34.0,102768.0,8239.0,11.3,634.0,49019.0,0.415,1,3,0,-0.744,1
29.0,46331.0,3849.0,7.8,747.0,36335.0,0.352,0,2,0,0.327,0
43.0,52503.0,4299.0,8.9,682.0,12621.0,0.324,1,3,0,-2.08,0
37.0,58590.0,4905.0,14.3,671.0,13278.0,0.234,1,5,0,2.291,0
31.0,149231.0,12239.0,6.8,651.0,77660.0,0.211,2,4,0,-0.89,0
31.0,55220.0,4657.0,5.6,645.0,25881.0,0.195,1,3,1,-1.638,0
25.0,89982.0,7646.0,2.9,576.0,59285.0,0.522,3,3,0,-1.365,1
49.0,42020.0,3586.0,3.1,544.0,7555.0,0.349,4,3,0,-0.155,0
39.0,48940.0,4210.0,2.4,687.0,13481.0,0.164,0,3,0,-0.957,0
29.0,55312.0,4455.0,6.2,650.0,2973.0,0.195,1,2,0,-0.203,0
47.0,38821.0,3158.0,26.1,734.0,22951.0,0.097,0,8,0,-0.415,0
32.0,50182.0,4427.0,6.0,601.0,14759.0,0.419,2,5,0,0.09,0
23.0,82019.0,6973.0,0.1,583.0,18624.0,0.305,1,5,0,-0.13,0
49.0,38366.0,3212.0,2.0,715.0,19325.0,0.351,1,2,0,0.397,0
32.0,55002.0,4586.0,5.7,642.0,13133.0,0.3,2,2,0,1.642,0
34.0,75661.0,6298.0,8.9,724.0,7003.0,0.395,1,3,0,-0.412,1
38.0,37952.0,3040.0,2.9,664.0,8622.0,0.26,1,3,0,-1.06,0
51.0,90041.0,7388.0,1.0,792.0,61885.0,0.33,0,4,0,0.909,0
38.0,56834.0,4726.0,13.3,720.0,28219.0,0.327,0,2,0,0.377,0
25.0,51061.0,4194.0,0.7,689.0,20597.0,0.184,1,6,0,-0.125,0
44.0,22279.0,1835.0,10.5,721.0,9325.0,0.228,1,5,0,0.173,0
33.0,46489.0,4072.0,9.3,646.0,37085.0,0.27,1,1,0,-0.563,0
59.0,65011.0,5390.0,4.9,547.0,4786.0,0.332,3,2,0,1.333,0
38.0,120631.0,10109.0,8.0,689.0,20617.0,0.439,0,2,0,0.93,0
21.0,71014.0,5947.0,0.1,796.0,49648.0,0.312,1,3,0,0.249,0
42.0,91298.0,7698.0,7.6,503.0,41187.0,0.291,4,2,0,-0.335,1
59.0,31920.0,2635.0,35.9,711.0,25418.0,0.331,2,2,0,-1.77,0
55.0,51949.0,4437.0,24.2,565.0,29244.0,0.284,2,0,0,0.773,0
58.0,95266.0,8009.0,0.9,659.0,56451.0,0.298,0,5,0,0.084,0
27.0,36887.0,2995.0,0.9,666.0,17884.0,0.452,1,1,0,0.972,0
48.0,84918.0,7061.0,8.2,716.0,5351.0,0.278,0,1,0,-1.429,0
30.0,76503.0,6353.0,9.0,679.0,55924.0,0.326,0,3,0,-0.164,0
40.0,62238.0,5164.0,15.3,764.0,27525.0,0.236,1,2,0,-0.242,0
24.0,47438.0,3993.0,2.5,743.0,2694.0,0.426,1,2,1,-1.877,0
31.0,35286.0,2978.0,1.7,647.0,7319.0,0.209,1,1,0,-1.51,0
31.0,122273.0,10295.0,9.8,742.0,38245.0,0.293,1,3,0,0.263,0
48.0,73089.0,6132.0,22.5,649.0,19342.0,0.398,2,2,1,2.592,0
47.0,64111.0,5352.0,6.4,629.0,4540.0,0.213,2,2,0,1.284,0
41.0,45675.0,3642.0,8.5,580.0,11884.0,0.387,3,2,0,-1.826,0
23.0,55945.0,4735.0,1.3,753.0,40405.0,0.095,0,2,0,0.188,0
35.0,59232.0,4984.0,8.6,643.0,29120.0,0.191,1,3,0,-0.715,0
30.0,65843.0,5379.0,3.7,492.0,19439.0,0.291,3,2,0,0.649,1
48.0,76538.0,6414.0,5.8,701.0,8885.0,0.541,1,1,1,0.113,0
51.0,38676.0,3265.0,20.7,640.0,23727.0,0.315,2,2,0,-0.636,0
50.0,28428.0,2424.0,20.1,649.0,16737.0,0.317,0,3,0,0.828,1
30.0,57126.0,4809.0,4.3,646.0,2958.0,0.415,1,1,1,0.059,0
21.0,25055.0,2101.0,0.5,637.0,19920.0,0.191,0,2,1,0.249,0
21.0,47545.0,4037.0,0.1,850.0,11850.0,0.02,1,1,0,-0.005,0
54.0,43737.0,3622.0,15.3,784.0,10794.0,0.473,2,5,0,0.007,0
34.0,68622.0,5766.0,10.9,714.0,18924.0,0.36,1,2,0,0.093,0
30.0,134223.0,11046.0,5.8,680.0,103524.0,0.255,3,4,1,1.32,0
56.0,22926.0,1953.0,33.2,756.0,15609.0,0.306,1,2,0,0.891,0
52.0,153043.0,12343.0,22.9,688.0,80801.0,0.405,0,0,0,1.177,0
38.0,49524.0,4194.0,14.2,724.0,20834.0,0.287,0,2,1,-2.036,0
35.0,64318.0,5362.0,6.8,702.0,18991.0,0.314,2,4,0,0.431,0
37.0,29098.0,2472.0,2.9,670.0,8767.0,0.504,1,3,0,-1.051,0
40.0,86136.0,7066.0,18.7,735.0,25345.0,0.176,1,3,0,0.184,0
56.0,56036.0,4678.0,23.5,642.0,39054.0,0.352,0,1,0,1.181,1
43.0,53500.0,4464.0,20.6,674.0,30012.0,0.178,0,0,0,-1.079,0
46.0,23000.0,1933.0,16.0,599.0,8168.0,0.456,0,0,0,0.234,0
51.0,56857.0,4639.0,14.0,607.0,45211.0,0.329,1,5,1,-0.552,0
25.0,80476.0,6792.0,0.7,483.0,14736.0,0.231,2,2,0,1.003,0
46.0,49452.0,3969.0,10.5,697.0,5317.0,0.15,1,4,0,0.216,0
35.0,93291.0,7670.0,8.8,716.0,30423.0,0.265,1,2,0,-0.315,0
21.0,91573.0,7393.0,0.9,736.0,72011.0,0.319,0,1,0,-0.247,1
21.0,41217.0,3492.0,0.8,583.0,2803.0,0.416,1,4,1,0.286,0
27.0,112746.0,9471.0,3.5,693.0,12487.0,0.191,0,1,0,1.729,0
44.0,56133.0,4720.0,10.7,665.0,17181.0,0.218,0,3,0,0.264,0
39.0,56245.0,4825.0,0.6,712.0,44466.0,0.25,1,2,0,0.502,0
40.0,57505.0,4762.0,7.0,618.0,17688.0,0.222,1,1,0,0.967,0
59.0,56743.0,4786.0,38.7,656.0,31694.0,0.249,1,2,0,-0.172,0
24.0,16840.0,1405.0,3.0,553.0,11755.0,0.205,1,2,0,-0.986,0
38.0,50595.0,4209.0,9.3,614.0,27975.0,0.342,1,2,0,0.111,0
41.0,29772.0,2546.0,18.4,669.0,3494.0,0.252,1,2,0,0.913,0
30.0,114341.0,9925.0,0.2,672.0,18455.0,0.301,3,2,1,-0.074,0
38.0,112288.0,9277.0,17.5,551.0,27414.0,0.33,2,1,1,-1.041,0
21.0,80697.0,6837.0,0.7,625.0,52209.0,0.162,2,2,1,0.677,1
54.0,49404.0,4143.0,0.4,671.0,32182.0,0.359,2,6,0,1.776,1
31.0,34943.0,2931.0,7.4,762.0,6209.0,0.321,2,3,1,0.06,0
60.0,40912.0,3426.0,3.4,603.0,13678.0,0.321,1,4,1,-0.804,0
38.0,131831.0,10913.0,11.3,700.0,20415.0,0.287,0,1,1,1.055,0
49.0,40280.0,3116.0,8.8,625.0,16306.0,0.273,1,3,1,0.928,0
37.0,19055.0,1637.0,3.7,631.0,6159.0,0.305,1,1,0,0.589,0
38.0,87436.0,7185.0,11.1,604.0,69431.0,0.31,3,4,1,0.244,1
32.0,108046.0,8960.0,5.0,589.0,36901.0,0.182,0,3,0,0.185,0
39.0,116045.0,9628.0,1.2,627.0,10157.0,0.458,1,3,0,1.556,0
41.0,87759.0,7199.0,17.7,742.0,38646.0,0.23,0,2,0,0.733,0
29.0,94445.0,7908.0,2.5,608.0,68981.0,0.307,1,2,0,-0.055,0
37.0,56326.0,4690.0,10.3,601.0,18425.0,0.417,1,0,0,0.416,0
31.0,21607.0,1775.0,6.9,678.0,14344.0,0.266,1,3,1,-0.16,0
63.0,55694.0,4655.0,2.4,662.0,20192.0,0.324,0,2,0,-0.199,0
37.0,72751.0,6059.0,17.0,664.0,34649.0,0.081,0,4,1,-0.225,0
55.0,51752.0,4393.0,15.7,686.0,22086.0,0.102,0,2,0,0.713,0
36.0,50702.0,4112.0,3.3,591.0,35776.0,0.297,1,1,0,-0.196,1
41.0,35640.0,2922.0,9.1,602.0,16966.0,0.319,4,2,0,-0.036,1
23.0,35042.0,2963.0,2.1,730.0,11715.0,0.411,0,2,0,0.226,0
33.0,125776.0,10347.0,0.0,650.0,78641.0,0.38,0,4,0,0.788,1
40.0,127841.0,10461.0,6.1,705.0,11219.0,0.141,1,2,1,1.266,0
55.0,54935.0,4524.0,19.0,755.0,13975.0,0.427,2,2,0,-0.617,0
40.0,62428.0,5192.0,14.2,726.0,16533.0,0.181,0,1,0,0.549,0
53.0,35373.0,2942.0,10.4,569.0,16862.0,0.386,1,2,0,0.598,1
45.0,73442.0,6094.0,10.1,657.0,49619.0,0.255,0,3,0,0.183,1
56.0,121410.0,9909.0,7.9,737.0,56500.0,0.572,0,4,0,-1.712,0
37.0,27638.0,2339.0,5.1,699.0,10882.0,0.241,0,3,1,-0.022,0
64.0,67767.0,5797.0,30.4,688.0,6708.0,0.293,2,4,0,0.203,0
33.0,70098.0,5618.0,4.3,547.0,54504.0,0.316,4,0,0,1.303,1
30.0,69739.0,5631.0,2.7,618.0,18945.0,0.276,1,0,1,1.226,1
25.0,115192.0,9792.0,1.4,666.0,16962.0,0.2,0,3,0,0.653,0
64.0,137489.0,11817.0,26.7,574.0,92757.0,0.52,3,6,0,2.41,1
47.0,49514.0,3950.0,15.1,723.0,35539.0,0.239,0,0,0,0.56,0
34.0,74460.0,6306.0,5.8,655.0,20398.0,0.235,1,3,0,-0.469,0
52.0,57125.0,4916.0,20.1,531.0,26359.0,0.289,5,1,1,0.959,1
46.0,41383.0,3389.0,16.4,629.0,26386.0,0.319,0,1,0,-0.125,0
60.0,62128.0,5341.0,0.5,640.0,4118.0,0.232,3,2,0,0.435,0
21.0,74404.0,6178.0,0.3,651.0,58793.0,0.395,0,1,0,-0.912,1
35.0,60640.0,5085.0,3.7,761.0,17765.0,0.315,1,1,0,-0.526,0
33.0,36996.0,3039.0,10.7,706.0,15162.0,0.302,0,2,0,-1.469,0
21.0,44644.0,3795.0,0.3,565.0,3925.0,0.356,3,1,0,0.023,1
50.0,44799.0,3796.0,9.4,560.0,3817.0,0.215,4,1,1,-0.648,1
35.0,37646.0,3245.0,8.1,645.0,5035.0,0.241,0,3,0,2.289,0
46.0,63334.0,5430.0,14.3,676.0,18420.0,0.298,1,3,0,1.243,0
64.0,66386.0,5531.0,35.6,747.0,49202.0,0.393,2,2,0,-0.444,0
34.0,85466.0,7565.0,5.5,784.0,37312.0,0.276,0,3,0,-0.747,1
33.0,37390.0,3200.0,3.8,787.0,11004.0,0.268,1,3,1,-0.685,0
39.0,42414.0,3573.0,11.7,635.0,16472.0,0.089,0,2,0,-0.797,0
49.0,110707.0,9042.0,21.0,736.0,27542.0,0.231,0,7,0,-0.932,0
32.0,51076.0,4126.0,11.7,696.0,26458.0,0.135,0,0,0,-0.066,0
31.0,55751.0,4512.0,6.8,587.0,23994.0,0.16,0,4,0,-0.651,0
50.0,50833.0,4157.0,14.5,535.0,16974.0,0.337,1,2,1,-1.039,1
42.0,91579.0,7842.0,2.9,672.0,51705.0,0.632,0,5,0,1.262,0
21.0,93191.0,7842.0,1.0,556.0,32035.0,0.319,2,4,1,-0.548,0
25.0,90765.0,7471.0,3.1,602.0,59443.0,0.333,3,5,0,-0.567,1
55.0,55661.0,4626.0,5.7,615.0,27765.0,0.224,2,0,0,1.646,1
42.0,37142.0,3079.0,10.3,680.0,7488.0,0.195,0,3,0,1.864,0
30.0,130801.0,11075.0,5.4,752.0,22549.0,0.506,0,8,0,0.907,0
36.0,80856.0,6620.0,3.5,663.0,19565.0,0.219,0,2,0,0.231,1
38.0,44783.0,3758.0,13.3,629.0,33081.0,0.1,3,3,0,-0.705,0
46.0,104381.0,8751.0,17.0,524.0,69681.0,0.325,4,0,0,1.056,1
23.0,43220.0,3541.0,0.7,692.0,33676.0,0.257,0,1,1,-0.52,1
29.0,103767.0,8922.0,8.7,666.0,63116.0,0.36,1,1,0,-1.434,0
41.0,106971.0,8862.0,19.9,631.0,78713.0,0.457,1,3,0,-0.422,0
37.0,36331.0,2967.0,4.5,744.0,11499.0,0.337,0,1,1,-1.108,0
44.0,71459.0,6056.0,10.7,582.0,36795.0,0.323,3,0,0,-0.807,1
24.0,78204.0,6524.0,4.0,614.0,26873.0,0.366,1,2,0,1.4,1
42.0,178403.0,14988.0,8.9,647.0,124641.0,0.57,0,5,1,1.462,1
50.0,39382.0,3204.0,28.7,635.0,31416.0,0.528,1,3,0,-0.698,0
43.0,104792.0,8875.0,4.7,701.0,63833.0,0.268,0,2,0,-0.665,0
40.0,55431.0,4820.0,14.1,700.0,35263.0,0.395,1,4,1,-0.863,0
37.0,31460.0,2555.0,10.2,739.0,22359.0,0.479,0,4,1,1.756,1
29.0,52109.0,4373.0,3.1,697.0,6331.0,0.369,0,5,0,1.553,0
37.0,55061.0,4516.0,12.4,658.0,22649.0,0.293,0,4,0,-0.651,1
52.0,34152.0,2999.0,0.8,637.0,20470.0,0.25,0,9,0,1.1,0
37.0,63295.0,5405.0,3.9,694.0,31887.0,0.31,1,1,0,0.26,1
28.0,84635.0,7093.0,2.1,648.0,38530.0,0.186,0,0,0,0.423,0
33.0,61223.0,4977.0,1.5,664.0,20777.0,0.39,1,3,1,0.629,0
40.0,43099.0,3521.0,0.7,696.0,9281.0,0.439,1,1,0,-0.212,0
34.0,51445.0,4351.0,4.9,672.0,38162.0,0.26,1,4,0,-0.3,0
43.0,54888.0,4449.0,5.1,684.0,32965.0,0.255,1,2,0,1.656,1
44.0,60651.0,4920.0,3.2,606.0,30941.0,0.194,1,3,0,0.014,0
48.0,90627.0,7554.0,4.4,757.0,10334.0,0.347,0,1,0,0.405,0
54.0,62160.0,5194.0,27.8,596.0,8314.0,0.299,1,5,0,1.885,0
49.0,29257.0,2457.0,2.7,692.0,10950.0,0.156,0,3,1,0.537,0
28.0,42704.0,3527.0,5.6,629.0,6162.0,0.591,3,2,0,0.103,0
28.0,59266.0,5030.0,0.4,736.0,9583.0,0.122,0,0,0,-0.381,0
37.0,91212.0,7470.0,0.7,722.0,10124.0,0.156,0,1,0,-0.701,0
33.0,98629.0,8322.0,5.8,663.0,26683.0,0.394,1,4,0,0.292,0
25.0,122235.0,10230.0,2.1,770.0,7130.0,0.366,1,4,0,-0.607,0
33.0,58330.0,4919.0,7.2,650.0,34951.0,0.229,2,3,0,-0.276,0
33.0,77542.0,6615.0,9.0,726.0,38733.0,0.222,1,3,0,-1.784,0
31.0,28583.0,2360.0,3.3,611.0,12312.0,0.346,1,3,0,0.459,0
35.0,66738.0,5488.0,2.8,690.0,52734.0,0.338,1,2,0,-0.783,0
51.0,33902.0,2730.0,25.5,607.0,13948.0,0.23,0,5,0,1.982,0
40.0,53474.0,4276.0,3.3,663.0,37551.0,0.399,1,2,0,-0.771,0
65.0,215026.0,17856.0,36.1,674.0,41291.0,0.357,2,3,0,-0.327,0
40.0,63050.0,5243.0,11.7,727.0,15675.0,0.434,0,2,0,-0.034,0
35.0,37286.0,3040.0,4.3,615.0,11051.0,0.295,2,3,0,-0.363,0
38.0,66078.0,5411.0,5.7,850.0,52384.0,0.381,2,1,0,-1.762,0
41.0,43582.0,3743.0,7.7,567.0,31846.0,0.277,6,3,0,0.094,1
43.0,35695.0,3027.0,13.5,683.0,13794.0,0.354,1,1,0,0.516,0
61.0,141705.0,11511.0,40.0,700.0,96833.0,0.336,0,1,0,-0.28,0
29.0,88890.0,7342.0,2.8,699.0,19991.0,0.385,0,3,0,-0.211,0
47.0,64253.0,5398.0,25.9,637.0,31770.0,0.352,0,0,0,-0.3,0
40.0,46109.0,3794.0,4.2,679.0,7903.0,0.111,0,3,0,-0.789,0
21.0,47822.0,3921.0,0.1,621.0,23022.0,0.237,2,5,0,-0.589,0
46.0,110107.0,9113.0,14.1,798.0,23859.0,0.308,0,2,0,1.551,0
52.0,63136.0,5376.0,31.2,631.0,30894.0,0.347,5,2,1,0.496,1
29.0,15000.0,1280.0,4.2,652.0,5573.0,0.382,1,5,0,0.867,0
38.0,163491.0,13424.0,14.3,621.0,76690.0,0.355,1,3,0,-0.49,1
21.0,59723.0,5023.0,0.5,604.0,10206.0,0.23,3,6,0,0.984,1
24.0,64190.0,5348.0,3.5,564.0,27593.0,0.392,1,1,0,1.197,1
50.0,89689.0,7323.0,24.0,719.0,25765.0,0.219,0,1,1,-0.339,0
33.0,67814.0,5618.0,8.8,617.0,10712.0,0.426,2,0,0,2.606,0
26.0,76972.0,6252.0,3.6,606.0,32736.0,0.433,2,6,0,-0.895,1
41.0,45452.0,3876.0,10.6,598.0,6992.0,0.299,1,1,1,-1.13,0
32.0,31624.0,2717.0,11.7,687.0,11716.0,0.235,0,1,0,-0.776,0
33.0,62392.0,5157.0,7.1,665.0,18241.0,0.23,0,9,0,-0.431,0
46.0,104748.0,8616.0,8.8,666.0,47897.0,0.191,0,1,1,0.774,0
25.0,41092.0,3497.0,4.6,609.0,16965.0,0.208,3,3,0,-0.655,1
28.0,39635.0,3383.0,5.3,693.0,5982.0,0.282,0,2,1,-1.937,0
40.0,95277.0,7763.0,11.0,619.0,24702.0,0.244,2,1,0,-0.532,1
49.0,44772.0,3720.0,19.6,675.0,20933.0,0.139,0,1,1,-0.296,0
52.0,45722.0,3806.0,11.0,656.0,30883.0,0.252,1,0,1,0.414,0
31.0,46498.0,3815.0,4.5,544.0,4390.0,0.309,4,3,0,-2.485,1
48.0,53415.0,4486.0,5.5,805.0,6311.0,0.266,1,5,0,-0.31,0
29.0,27091.0,2226.0,8.0,704.0,17547.0,0.211,0,0,1,-0.039,0
58.0,43148.0,3557.0,25.4,685.0,13155.0,0.061,1,4,0,0.063,0
26.0,61008.0,5074.0,4.6,686.0,14803.0,0.415,3,2,1,0.732,0
53.0,60812.0,4917.0,10.4,809.0,13514.0,0.296,2,2,0,-0.926,0
31.0,92613.0,7400.0,10.7,745.0,72056.0,0.332,0,4,0,-0.129,0
60.0,125846.0,10680.0,14.3,692.0,54499.0,0.318,0,0,0,0.091,0
45.0,108630.0,8918.0,8.7,615.0,18540.0,0.35,1,4,0,-0.276,0
27.0,83007.0,7213.0,6.6,625.0,29427.0,0.324,4,1,0,0.416,0
32.0,51439.0,4456.0,8.0,538.0,12628.0,0.31,5,4,1,-0.931,1
47.0,41552.0,3428.0,24.8,647.0,7335.0,0.376,1,9,0,0.484,0
50.0,55444.0,4837.0,18.4,716.0,43465.0,0.398,2,2,0,-0.241,0
37.0,71582.0,6077.0,4.2,706.0,27475.0,0.438,0,3,0,0.776,1
38.0,79615.0,6549.0,7.2,707.0,45256.0,0.217,0,2,0,1.158,0
46.0,72800.0,5753.0,22.6,635.0,52702.0,0.325,3,5,0,0.874,0
39.0,52081.0,4400.0,9.5,703.0,10636.0,0.139,1,4,0,-1.303,0
24.0,78368.0,6535.0,2.7,719.0,11443.0,0.252,0,1,0,-0.644,0
29.0,97001.0,8153.0,1.5,505.0,23784.0,0.28,2,1,0,0.236,1
41.0,81729.0,6780.0,8.2,685.0,47764.0,0.374,1,2,0,-0.34,0
51.0,54213.0,4414.0,26.3,819.0,18242.0,0.288,0,1,0,-0.623,0
56.0,37792.0,3122.0,33.7,656.0,15752.0,0.367,1,2,0,0.859,1
47.0,37391.0,3160.0,8.6,488.0,2438.0,0.265,5,2,0,-1.073,1
41.0,40479.0,3349.0,3.7,605.0,2153.0,0.242,1,3,0,-1.627,0
46.0,61745.0,5108.0,0.6,533.0,21939.0,0.22,1,2,1,-0.965,0
31.0,69494.0,5615.0,1.4,616.0,11312.0,0.369,0,2,0,0.35,0
36.0,29102.0,2430.0,13.6,581.0,18722.0,0.262,1,2,1,1.454,1
29.0,43840.0,3572.0,4.1,727.0,33470.0,0.057,0,1,0,1.849,0
24.0,61363.0,5208.0,1.2,715.0,45671.0,0.364,0,3,0,-0.255,1
42.0,36689.0,3013.0,16.8,692.0,14645.0,0.207,0,0,1,-0.961,0
40.0,66859.0,5539.0,15.9,754.0,17727.0,0.319,0,3,1,0.026,0
46.0,47894.0,4164.0,9.3,625.0,19773.0,0.187,2,1,0,0.156,1
44.0,39718.0,3290.0,21.6,676.0,5085.0,0.301,1,1,0,-1.705,0
41.0,56333.0,4653.0,9.6,818.0,42697.0,0.02,0,2,0,-1.84,0
44.0,65619.0,5532.0,6.3,704.0,36318.0,0.297,0,2,0,-1.291,0
38.0,37543.0,3017.0,15.8,709.0,9946.0,0.212,0,5,0,1.223,0
43.0,49312.0,4212.0,3.4,608.0,30545.0,0.173,1,2,1,-0.256,1
30.0,67883.0,5769.0,10.0,636.0,15868.0,0.376,2,1,1,-0.544,0
42.0,39032.0,3287.0,13.5,597.0,23950.0,0.288,1,2,0,0.502,0
45.0,26085.0,2027.0,23.2,789.0,9165.0,0.276,0,0,0,1.077,0
31.0,27546.0,2284.0,1.9,552.0,19226.0,0.228,5,1,0,-0.75,1
39.0,45568.0,3701.0,7.2,728.0,36106.0,0.389,0,2,0,0.132,0
31.0,30388.0,2589.0,9.7,706.0,8817.0,0.257,0,2,0,0.221,0
32.0,47033.0,4002.0,10.2,553.0,21794.0,0.449,1,5,0,0.868,0
26.0,116345.0,9771.0,4.9,742.0,26579.0,0.423,0,2,0,-0.01,0
52.0,29576.0,2405.0,9.0,646.0,19232.0,0.443,0,1,0,-1.459,0
50.0,48432.0,4157.0,18.4,577.0,20291.0,0.397,3,2,0,-0.026,1
44.0,143577.0,11902.0,9.3,690.0,113117.0,0.239,0,4,0,0.347,0
60.0,66088.0,5706.0,12.7,609.0,47264.0,0.305,1,1,0,-0.132,0
36.0,46612.0,3905.0,8.3,650.0,11864.0,0.28,0,1,0,-0.672,1
70.0,51251.0,4314.0,35.8,642.0,7156.0,0.384,2,2,0,-1.318,0
35.0,66723.0,5509.0,8.0,602.0,34355.0,0.299,0,1,0,1.119,0
41.0,117970.0,10107.0,4.8,579.0,34039.0,0.276,3,2,0,0.72,1
34.0,43313.0,3653.0,11.0,721.0,10407.0,0.466,0,1,0,0.034,0
42.0,39111.0,3353.0,21.6,694.0,17946.0,0.267,0,1,0,-1.03,0
47.0,29573.0,2473.0,9.9,683.0,13416.0,0.238,0,4,0,0.688,0
37.0,57612.0,4796.0,14.2,642.0,26110.0,0.26,1,2,1,-0.564,0
58.0,29218.0,2464.0,32.4,680.0,7909.0,0.407,2,3,0,-1.756,0
41.0,44640.0,3827.0,5.4,611.0,7434.0,0.319,0,2,1,0.904,0
41.0,36541.0,3107.0,14.8,615.0,6860.0,0.346,1,0,0,-2.047,1
28.0,89183.0,7452.0,7.5,783.0,52627.0,0.324,0,2,1,-0.243,0
43.0,43753.0,3511.0,16.7,730.0,17546.0,0.081,0,2,0,0.77,0
37.0,65756.0,5568.0,0.5,621.0,26436.0,0.193,1,4,0,0.151,0
31.0,26722.0,2163.0,6.8,559.0,20912.0,0.272,5,1,0,0.698,1
29.0,58353.0,4866.0,7.4,545.0,43091.0,0.331,3,3,0,1.072,0
67.0,32006.0,2661.0,29.3,630.0,3159.0,0.202,1,4,0,-0.958,0
35.0,45413.0,3677.0,0.4,668.0,29439.0,0.198,0,5,0,-0.002,1
22.0,148766.0,12490.0,0.2,668.0,35100.0,0.269,1,2,0,-0.061,0
30.0,83664.0,7272.0,8.3,675.0,49506.0,0.433,3,3,1,-0.104,1
37.0,51912.0,4299.0,8.5,688.0,9345.0,0.085,1,4,0,0.666,0
44.0,232028.0,19632.0,23.0,599.0,36899.0,0.035,2,4,0,0.636,0
44.0,36434.0,3179.0,10.0,771.0,27486.0,0.474,1,3,0,0.999,0
45.0,92915.0,7876.0,20.9,657.0,43552.0,0.147,2,1,0,-0.999,0
31.0,27595.0,2270.0,0.4,681.0,8616.0,0.259,1,0,0,0.306,0
42.0,49282.0,4126.0,18.3,623.0,35402.0,0.15,1,1,0,-1.084,0
28.0,29989.0,2523.0,7.2,685.0,8018.0,0.27,0,3,0,0.414,0
31.0,61751.0,5293.0,4.0,807.0,6047.0,0.286,0,4,0,1.622,0
28.0,56403.0,4814.0,2.4,592.0,19521.0,0.461,3,2,0,1.503,1
25.0,47889.0,3770.0,4.5,584.0,27798.0,0.372,0,2,0,-1.304,0
50.0,89905.0,7364.0,23.1,611.0,49136.0,0.172,1,3,0,-1.12,0
46.0,42612.0,3546.0,15.3,644.0,17270.0,0.109,1,4,0,0.424,0
49.0,63715.0,5202.0,12.5,630.0,27565.0,0.35,1,3,0,-0.574,1
38.0,79566.0,6140.0,16.8,596.0,35574.0,0.248,1,4,0,1.25,0
47.0,28216.0,2317.0,19.8,666.0,9336.0,0.228,1,0,1,0.752,0
21.0,39273.0,3273.0,0.4,769.0,4407.0,0.418,0,2,0,0.5,0
47.0,56349.0,4646.0,13.7,656.0,9487.0,0.124,3,2,1,-1.057,0
40.0,73032.0,5965.0,2.0,654.0,43323.0,0.263,2,1,0,0.787,1
45.0,104260.0,8696.0,20.2,694.0,68555.0,0.363,1,4,0,0.578,0
42.0,49908.0,4188.0,18.7,715.0,17300.0,0.182,1,2,0,-0.063,0
27.0,47700.0,3938.0,2.5,757.0,14165.0,0.43,0,7,0,-1.467,0
22.0,37139.0,3180.0,0.5,677.0,18784.0,0.199,0,7,0,1.486,0
30.0,63805.0,5323.0,2.6,661.0,4232.0,0.293,2,8,0,-1.146,1
44.0,48117.0,3940.0,4.2,593.0,22959.0,0.231,0,4,1,-1.496,0
46.0,48619.0,3960.0,24.3,724.0,19534.0,0.026,1,3,0,0.48,0
23.0,52725.0,4375.0,2.2,602.0,20112.0,0.258,1,2,1,1.023,0
27.0,70497.0,6006.0,3.1,600.0,3601.0,0.379,1,6,0,-0.742,0
30.0,42677.0,3498.0,1.1,674.0,32313.0,0.197,1,3,0,-0.951,0
34.0,38856.0,3277.0,2.0,769.0,6996.0,0.237,0,2,0,0.323,0
23.0,66794.0,5577.0,2.1,712.0,9000.0,0.248,1,1,1,1.889,0
22.0,15000.0,1300.0,0.5,658.0,5091.0,0.354,1,2,0,1.719,0
29.0,41916.0,3520.0,3.1,593.0,26578.0,0.264,2,2,1,0.921,1
39.0,32761.0,2692.0,18.1,776.0,20435.0,0.302,1,4,0,0.301,1
25.0,94519.0,7993.0,2.9,657.0,41008.0,0.304,0,3,0,-0.22,1
37.0,45101.0,3816.0,13.5,646.0,20832.0,0.248,1,1,0,-0.257,0
50.0,42735.0,3533.0,3.1,700.0,16727.0,0.469,0,2,0,-0.311,1
24.0,53810.0,4380.0,1.2,629.0,3711.0,0.197,3,2,0,0.175,1
36.0,42073.0,3544.0,14.1,614.0,10872.0,0.37,2,2,1,-0.465,0
49.0,45885.0,3829.0,23.7,626.0,15679.0,0.428,1,5,0,-0.278,0
33.0,57457.0,4643.0,9.7,619.0,26766.0,0.286,3,3,0,-0.624,1
32.0,45486.0,3810.0,6.9,585.0,24757.0,0.306,1,4,0,-0.177,0
51.0,45340.0,3730.0,8.3,577.0,35851.0,0.353,0,1,0,-0.097,1
35.0,34910.0,2821.0,8.6,732.0,15030.0,0.263,0,2,0,0.241,0
50.0,32725.0,2708.0,1.5,708.0,18127.0,0.11,0,4,0,0.543,0
43.0,56521.0,4831.0,4.6,605.0,43549.0,0.275,2,0,0,2.934,1
34.0,63137.0,5389.0,7.4,726.0,16353.0,0.465,0,2,0,1.238,0
43.0,28924.0,2456.0,0.0,682.0,11289.0,0.357,0,4,1,1.139,1
42.0,77425.0,6487.0,5.0,640.0,45737.0,0.308,1,2,1,1.317,1
49.0,77568.0,6541.0,4.5,576.0,36758.0,0.376,0,1,0,0.5,1
32.0,85280.0,7121.0,4.1,686.0,61391.0,0.286,1,3,0,-1.595,0
38.0,62946.0,5130.0,15.8,798.0,29872.0,0.303,2,3,0,0.527,0
37.0,73260.0,5994.0,16.4,669.0,54342.0,0.257,1,0,0,-0.319,0
46.0,147024.0,12103.0,4.2,732.0,23732.0,0.348,0,2,0,-0.544,0
27.0,48021.0,4114.0,1.6,646.0,31341.0,0.246,0,2,0,-1.501,0
49.0,34356.0,2925.0,24.7,737.0,7213.0,0.268,1,1,0,-1.397,0
43.0,27578.0,2249.0,4.0,651.0,2395.0,0.388,2,4,1,-0.196,0
24.0,121193.0,10110.0,2.6,493.0,16208.0,0.281,2,4,0,0.285,1
51.0,121911.0,10077.0,2.7,611.0,59191.0,0.357,1,4,0,0.028,0
63.0,36280.0,3014.0,27.6,683.0,9728.0,0.365,1,4,0,-0.427,0
49.0,39648.0,3269.0,7.7,740.0,6263.0,0.292,2,3,1,0.502,0
54.0,47538.0,4073.0,25.3,662.0,24806.0,0.265,1,2,1,0.714,0
39.0,95416.0,7948.0,9.8,667.0,39690.0,0.168,0,3,0,0.539,0
21.0,30816.0,2579.0,0.2,619.0,10336.0,0.19,3,1,0,0.584,0
21.0,22700.0,1900.0,0.4,769.0,10255.0,0.361,1,2,0,0.774,0
41.0,145870.0,11906.0,10.7,770.0,101534.0,0.359,0,1,1,-1.798,0
31.0,63301.0,5287.0,11.4,618.0,37570.0,0.201,1,2,1,0.374,0
28.0,67479.0,5743.0,3.8,556.0,28435.0,0.34,1,3,0,-0.571,0
37.0,50151.0,4302.0,2.6,535.0,33448.0,0.322,1,1,0,1.835,1
45.0,67825.0,5522.0,13.8,709.0,47269.0,0.394,0,4,1,1.133,0
22.0,27825.0,2248.0,0.4,670.0,9244.0,0.517,1,3,0,0.29,0
33.0,37672.0,3143.0,11.5,611.0,6116.0,0.357,2,0,0,-0.198,0
55.0,57665.0,4912.0,28.9,693.0,7859.0,0.231,1,3,1,-2.161,0
26.0,19795.0,1661.0,0.8,574.0,10474.0,0.374,2,2,1,-1.15,1
48.0,48000.0,4054.0,16.2,724.0,36107.0,0.196,0,2,0,-0.477,0
33.0,46687.0,3785.0,8.8,638.0,3684.0,0.522,0,3,0,0.372,1
44.0,47996.0,3954.0,6.0,587.0,20300.0,0.177,1,2,0,-0.388,1
50.0,42920.0,3420.0,18.8,644.0,8399.0,0.344,1,3,0,1.473,0
46.0,35134.0,2920.0,12.1,638.0,15763.0,0.3,0,3,0,-0.589,0
48.0,24226.0,1931.0,13.5,692.0,16776.0,0.259,1,1,1,2.315,0
25.0,58702.0,5022.0,2.9,743.0,37581.0,0.252,1,4,0,-1.234,1
50.0,48052.0,4129.0,17.2,747.0,37407.0,0.436,0,2,1,0.713,0
29.0,29620.0,2475.0,6.1,674.0,12245.0,0.357,0,3,0,-0.111,0
41.0,56570.0,4572.0,9.4,652.0,30975.0,0.285,1,0,1,-0.315,0
41.0,48164.0,4044.0,15.1,628.0,34865.0,0.473,2,3,0,-0.066,1
43.0,44695.0,3863.0,11.3,542.0,25620.0,0.288,1,3,0,-0.803,0
42.0,20837.0,1753.0,14.4,666.0,16110.0,0.373,1,1,1,0.267,1
29.0,74782.0,6380.0,2.3,602.0,17511.0,0.166,1,4,0,-0.757,0
23.0,31578.0,2606.0,1.7,746.0,4775.0,0.171,2,4,0,0.217,0
48.0,56588.0,4634.0,12.9,652.0,9159.0,0.371,1,2,0,0.393,0
40.0,38230.0,3181.0,6.1,715.0,26352.0,0.331,0,4,0,0.143,0
51.0,46174.0,3700.0,1.9,627.0,4138.0,0.515,3,2,1,-0.517,0
38.0,92376.0,8047.0,8.9,617.0,60731.0,0.229,0,2,0,1.386,0
23.0,69865.0,5838.0,0.0,702.0,27812.0,0.368,0,0,0,-1.739,0
49.0,91455.0,7753.0,11.2,685.0,51985.0,0.275,0,2,0,0.469,0
34.0,63816.0,5269.0,5.2,685.0,38874.0,0.385,1,3,0,1.714,0
42.0,65733.0,5309.0,13.8,660.0,24209.0,0.377,2,2,0,1.1,1
31.0,24676.0,2115.0,10.7,721.0,3937.0,0.297,0,4,0,-1.108,1
56.0,47677.0,3884.0,31.0,721.0,24446.0,0.226,1,4,0,-0.716,0
28.0,49706.0,4171.0,8.1,512.0,38144.0,0.266,3,6,0,-0.105,1
34.0,95391.0,8020.0,13.6,649.0,6597.0,0.189,1,3,1,-1.15,0
39.0,43795.0,3655.0,1.4,732.0,9645.0,0.336,1,2,1,-0.703,0
26.0,61962.0,5082.0,1.7,589.0,43733.0,0.02,1,1,1,-1.478,1
42.0,60881.0,5058.0,6.4,545.0,6230.0,0.242,5,3,0,0.673,1
56.0,92600.0,7570.0,2.5,652.0,5334.0,0.39,3,2,1,1.075,0
33.0,51787.0,4385.0,10.7,702.0,36684.0,0.388,1,0,0,-0.686,0
42.0,79825.0,6728.0,20.0,638.0,49977.0,0.139,1,0,1,-0.349,0
21.0,25537.0,2127.0,0.6,751.0,6139.0,0.358,2,4,1,-0.97,0
38.0,26603.0,2192.0,15.7,797.0,20613.0,0.186,1,0,0,0.561,0
35.0,19684.0,1710.0,10.4,530.0,11502.0,0.262,4,2,0,-0.722,1
29.0,78338.0,6358.0,4.0,635.0,10914.0,0.377,1,1,0,-0.952,0
50.0,74476.0,6015.0,4.5,503.0,29447.0,0.202,0,3,1,0.722,0
34.0,82344.0,6851.0,13.8,713.0,57542.0,0.443,0,1,0,1.189,0
36.0,40549.0,3362.0,11.1,618.0,22335.0,0.326,1,4,0,0.114,1
34.0,42680.0,3635.0,4.9,629.0,20886.0,0.346,2,1,0,-1.679,0
21.0,52084.0,4396.0,0.1,740.0,18894.0,0.408,0,1,0,1.113,0
26.0,105319.0,8782.0,4.4,569.0,24859.0,0.389,4,3,0,-1.608,1
49.0,117867.0,9921.0,22.9,561.0,60136.0,0.38,3,5,0,-1.259,1
21.0,78614.0,6614.0,0.5,501.0,13001.0,0.234,1,3,1,-0.394,0
30.0,63834.0,5543.0,9.6,754.0,41967.0,0.189,0,1,0,0.273,0
34.0,100309.0,8401.0,5.3,735.0,20782.0,0.272,0,2,0,-0.446,0
57.0,49019.0,4029.0,35.0,657.0,6883.0,0.347,3,7,0,1.297,0
46.0,46128.0,3859.0,16.7,579.0,4798.0,0.171,5,3,0,0.248,1
32.0,51898.0,4098.0,8.7,723.0,34314.0,0.358,1,4,0,0.041,0
52.0,35407.0,2949.0,29.7,850.0,14193.0,0.337,2,2,0,-1.342,0
30.0,50835.0,4329.0,8.2,648.0,17741.0,0.282,3,3,0,1.332,1
49.0,33265.0,2805.0,8.4,580.0,14666.0,0.306,0,2,0,-0.151,0
23.0,87233.0,7313.0,2.6,748.0,42787.0,0.307,2,1,0,-1.019,0
50.0,70245.0,5930.0,16.1,589.0,49912.0,0.344,0,4,0,-0.648,0
34.0,104652.0,8913.0,0.6,635.0,32217.0,0.375,0,1,1,1.378,1
27.0,26421.0,2265.0,4.5,478.0,5029.0,0.587,4,4,0,0.25,1
36.0,129424.0,10882.0,7.8,643.0,90829.0,0.317,1,7,0,-0.214,1
41.0,27105.0,2244.0,11.3,576.0,11125.0,0.236,2,2,0,-0.551,1
33.0,32076.0,2549.0,5.2,751.0,15545.0,0.109,0,1,0,0.491,0
44.0,41594.0,3534.0,1.5,592.0,7014.0,0.159,3,1,0,-1.418,1
32.0,99068.0,8341.0,2.1,716.0,69011.0,0.224,0,5,0,0.146,0
45.0,60876.0,5089.0,18.8,662.0,45887.0,0.369,0,2,0,-0.491,1
43.0,49285.0,4051.0,5.4,671.0,19008.0,0.261,0,3,0,-1.411,0
37.0,38500.0,3270.0,10.9,702.0,2507.0,0.341,1,4,0,-0.35,0
33.0,29611.0,2455.0,7.1,660.0,2081.0,0.227,3,2,0,-1.467,0
40.0,91562.0,7625.0,4.4,617.0,25338.0,0.346,1,1,1,-0.595,0
44.0,78785.0,6558.0,6.7,607.0,33001.0,0.387,1,1,0,-2.202,1
61.0,101082.0,8499.0,15.6,703.0,37866.0,0.26,0,1,1,-0.664,0
48.0,65753.0,5354.0,24.9,539.0,31341.0,0.343,2,3,0,-1.219,0
49.0,16750.0,1412.0,27.0,791.0,4071.0,0.256,0,3,0,-0.076,0
70.0,31415.0,2580.0,19.3,679.0,6512.0,0.177,4,3,0,-0.189,0
44.0,67797.0,5572.0,1.1,637.0,52922.0,0.355,4,5,0,0.252,1
43.0,46570.0,3950.0,14.0,686.0,12129.0,0.341,3,2,0,1.191,0
46.0,42771.0,3493.0,10.8,624.0,32501.0,0.359,1,4,0,1.223,0
27.0,33478.0,2839.0,3.4,649.0,16024.0,0.396,3,3,0,-0.381,0
33.0,84247.0,7035.0,5.8,584.0,8635.0,0.275,0,4,0,-0.004,0
32.0,67533.0,5442.0,8.1,690.0,33514.0,0.282,1,0,1,-1.015,0
45.0,68915.0,5900.0,7.6,658.0,54385.0,0.272,0,4,0,-0.186,0
36.0,41356.0,3468.0,14.4,680.0,28112.0,0.335,1,1,0,1.355,0
40.0,59541.0,5001.0,8.2,768.0,16532.0,0.286,0,0,0,-0.924,0
50.0,30125.0,2561.0,10.2,609.0,3664.0,0.313,2,1,0,1.956,0
47.0,51879.0,4453.0,25.4,664.0,20509.0,0.228,1,2,0,-1.99,0
36.0,17633.0,1475.0,5.8,547.0,2187.0,0.197,1,3,0,0.164,0
31.0,27158.0,2291.0,0.9,699.0,7421.0,0.209,0,1,0,-0.855,0
50.0,47574.0,3994.0,4.7,661.0,35138.0,0.342,1,4,0,-2.316,1
47.0,160154.0,13255.0,18.9,671.0,86510.0,0.296,0,2,0,0.93,1
21.0,24459.0,1974.0,0.6,649.0,15595.0,0.251,0,1,0,0.075,1
35.0,31429.0,2630.0,7.8,623.0,14314.0,0.366,0,1,0,0.423,1
40.0,60636.0,5192.0,1.6,836.0,10678.0,0.446,0,4,0,-0.769,0
47.0,121945.0,10281.0,4.4,665.0,19852.0,0.251,2,4,0,0.779,0
48.0,60238.0,4913.0,11.1,686.0,37608.0,0.192,0,2,1,-0.451,0
41.0,75437.0,6424.0,9.5,585.0,28061.0,0.395,0,2,0,0.954,1
44.0,47248.0,3913.0,9.2,727.0,20080.0,0.302,1,1,0,-0.496,0
39.0,43709.0,3490.0,9.4,656.0,8051.0,0.282,2,3,0,0.951,0
31.0,57072.0,4853.0,7.8,695.0,18335.0,0.402,0,3,0,0.403,1
35.0,40899.0,3344.0,9.6,728.0,6101.0,0.274,0,1,0,1.518,0
38.0,76192.0,6575.0,11.1,658.0,15497.0,0.34,0,3,0,0.408,0
38.0,26696.0,2276.0,9.8,618.0,19132.0,0.316,1,3,0,1.129,1
21.0,82091.0,6810.0,0.2,497.0,48230.0,0.624,2,3,1,0.333,1
34.0,55982.0,4708.0,8.2,637.0,38569.0,0.287,4,5,0,0.899,1
39.0,49934.0,4363.0,3.0,614.0,35235.0,0.394,2,2,0,0.094,1
35.0,26259.0,2232.0,10.6,585.0,12924.0,0.275,4,1,0,0.086,0
35.0,35390.0,2963.0,6.9,765.0,9844.0,0.345,2,6,0,1.301,0
43.0,94323.0,8314.0,13.6,736.0,39560.0,0.28,1,0,1,0.089,0
26.0,50072.0,4182.0,5.3,535.0,3212.0,0.38,1,0,0,-1.559,0
21.0,62341.0,5255.0,0.4,671.0,41332.0,0.29,0,3,1,0.391,0
34.0,37023.0,3027.0,1.4,603.0,24138.0,0.35,1,4,0,1.347,1
46.0,54286.0,4372.0,23.5,697.0,23411.0,0.224,2,3,0,0.07,0
57.0,29662.0,2458.0,13.3,611.0,9882.0,0.22,0,0,0,-0.018,0
47.0,57528.0,4798.0,10.8,628.0,10324.0,0.112,1,3,0,-0.505,1
22.0,64983.0,5451.0,0.5,728.0,6933.0,0.337,1,4,0,-0.58,0
35.0,63536.0,5144.0,6.5,721.0,18662.0,0.235,0,2,0,-0.85,0
41.0,36625.0,3092.0,10.8,771.0,27582.0,0.52,0,2,0,-0.214,0
40.0,47154.0,3864.0,16.8,653.0,4789.0,0.253,1,2,0,-1.376,0
44.0,70040.0,5908.0,17.2,567.0,53360.0,0.425,4,2,1,-1.967,0
28.0,50008.0,4245.0,4.1,727.0,22329.0,0.414,0,2,0,-0.079,0
39.0,48330.0,3996.0,14.3,732.0,18397.0,0.275,3,1,0,0.798,0
43.0,129528.0,10586.0,19.2,714.0,18421.0,0.226,1,0,0,-1.566,0
47.0,35852.0,3080.0,1.6,609.0,3712.0,0.287,2,1,0,2.229,0
29.0,89436.0,7583.0,5.4,588.0,40993.0,0.413,3,7,0,0.897,1
34.0,32712.0,2734.0,0.6,698.0,16322.0,0.529,0,1,0,0.226,1
21.0,73846.0,6335.0,0.3,598.0,27735.0,0.177,2,3,0,1.576,0
31.0,75641.0,6314.0,8.5,643.0,20083.0,0.301,0,6,0,-0.41,1
32.0,43714.0,3598.0,9.7,850.0,2620.0,0.24,0,1,0,0.035,0
27.0,31800.0,2597.0,6.0,812.0,7950.0,0.264,1,0,0,-1.588,0
40.0,22661.0,1884.0,9.9,720.0,13282.0,0.471,0,1,0,0.113,0
37.0,41701.0,3529.0,1.5,614.0,21039.0,0.223,1,0,0,0.592,0
21.0,69695.0,5969.0,0.1,610.0,11749.0,0.139,1,0,0,-0.27,0
40.0,33866.0,2823.0,5.0,713.0,21846.0,0.32,0,3,1,-0.226,0
28.0,57453.0,4904.0,2.9,766.0,9271.0,0.338,1,2,0,-1.164,0
43.0,28302.0,2348.0,12.3,630.0,18300.0,0.258,0,3,0,1.521,1
24.0,49505.0,4061.0,2.5,629.0,21508.0,0.232,3,1,1,-1.811,0
38.0,32824.0,2664.0,3.0,668.0,19291.0,0.316,0,2,0,1.709,0
35.0,53103.0,4380.0,2.8,564.0,5962.0,0.165,1,3,0,-0.788,0
41.0,43897.0,3565.0,3.7,567.0,26590.0,0.342,2,0,0,-1.684,1
39.0,32190.0,2790.0,14.6,585.0,19028.0,0.265,3,0,0,-0.217,1
35.0,40888.0,3437.0,4.6,701.0,7419.0,0.439,0,3,0,-0.191,0
21.0,36124.0,3005.0,0.2,679.0,5533.0,0.332,1,3,0,0.106,0
22.0,30449.0,2625.0,0.8,740.0,18620.0,0.285,1,2,1,-0.665,0
32.0,89530.0,7266.0,2.9,540.0,32420.0,0.277,1,2,0,1.562,0
38.0,46771.0,3887.0,6.6,557.0,25058.0,0.107,2,4,0,0.654,1
31.0,20416.0,1769.0,9.3,697.0,1159.0,0.288,0,2,0,0.076,0
45.0,41548.0,3452.0,8.3,603.0,7800.0,0.28,2,3,0,-0.299,1
35.0,83009.0,7256.0,2.6,605.0,50590.0,0.305,1,2,0,2.557,1
27.0,39045.0,3305.0,1.7,732.0,7776.0,0.281,0,3,0,-0.301,0
35.0,107912.0,9228.0,0.5,622.0,11893.0,0.443,2,4,0,-0.103,0
40.0,37406.0,3200.0,18.5,639.0,6783.0,0.273,0,4,0,-0.4,0
42.0,68983.0,5749.0,15.0,650.0,46516.0,0.216,1,2,0,1.184,0
59.0,87691.0,7236.0,17.9,656.0,27175.0,0.134,3,0,0,0.083,0
31.0,67351.0,5600.0,6.0,711.0,30143.0,0.255,0,1,0,-0.901,0
37.0,29631.0,2420.0,4.4,577.0,14315.0,0.195,2,5,0,0.504,0
43.0,35989.0,2995.0,9.2,651.0,11858.0,0.17,2,1,0,0.659,0
38.0,93118.0,7759.0,5.7,744.0,11200.0,0.269,1,0,0,-0.64,0
32.0,38293.0,3299.0,10.3,814.0,9290.0,0.414,2,3,0,0.562,0
21.0,85318.0,7194.0,0.7,565.0,14364.0,0.394,1,1,0,2.151,0
32.0,45318.0,3955.0,3.5,685.0,33179.0,0.172,2,1,0,1.56,1
26.0,58614.0,4674.0,4.7,649.0,35466.0,0.304,2,3,0,1.182,0
21.0,29476.0,2397.0,0.1,653.0,19669.0,0.342,1,3,1,0.159,1
29.0,41830.0,3461.0,1.9,606.0,27574.0,0.358,1,2,1,0.107,1
26.0,37094.0,3183.0,0.7,713.0,1915.0,0.46,0,2,0,1.146,0
44.0,60877.0,5062.0,5.8,712.0,37242.0,0.183,1,3,0,-1.758,0
45.0,57356.0,4639.0,5.6,839.0,23604.0,0.211,0,4,0,-0.16,0
28.0,67730.0,5616.0,7.3,571.0,42736.0,0.234,1,5,0,-0.73,0
35.0,44106.0,3587.0,5.0,540.0,33957.0,0.337,3,4,0,-0.632,1
21.0,36188.0,2932.0,0.4,804.0,11518.0,0.028,0,3,0,0.371,0
33.0,59714.0,5175.0,1.3,657.0,30071.0,0.277,2,1,0,0.556,0
42.0,34606.0,2864.0,1.5,629.0,9636.0,0.122,2,0,0,-0.812,0
47.0,89356.0,7472.0,5.9,676.0,64368.0,0.3,1,5,0,-1.673,1
30.0,52237.0,4345.0,1.4,563.0,12564.0,0.507,4,3,0,1.088,1
50.0,47493.0,3938.0,10.2,691.0,14886.0,0.39,0,0,0,0.285,0
21.0,67715.0,5548.0,0.2,655.0,48481.0,0.177,0,1,1,-0.204,0
24.0,53142.0,4401.0,0.8,736.0,6677.0,0.258,0,1,1,-0.97,0
46.0,26081.0,2188.0,16.7,728.0,10967.0,0.211,0,3,0,0.332,0
56.0,34113.0,2923.0,34.3,743.0,16578.0,0.429,1,3,0,-0.827,0
43.0,88527.0,7517.0,0.3,674.0,42870.0,0.08,1,4,0,-0.522,1
38.0,57116.0,4644.0,12.4,778.0,7999.0,0.256,1,3,1,0.881,0
21.0,25807.0,2193.0,0.7,701.0,2055.0,0.23,0,2,0,0.571,0
21.0,64443.0,5421.0,0.6,623.0,23359.0,0.183,2,4,0,0.454,1
39.0,42763.0,3519.0,13.4,610.0,16694.0,0.466,1,1,0,1.022,1
34.0,37107.0,3104.0,7.2,615.0,28090.0,0.143,2,2,1,-1.109,1
26.0,32856.0,2769.0,5.4,704.0,20264.0,0.181,0,5,1,0.91,0
39.0,86254.0,7195.0,3.0,568.0,43039.0,0.46,1,5,1,0.904,1
39.0,22711.0,1911.0,9.1,675.0,4715.0,0.29,1,0,0,1.188,0
48.0,37730.0,3090.0,18.5,611.0,27395.0,0.282,3,2,1,0.379,1
40.0,58055.0,5031.0,17.7,581.0,11329.0,0.237,4,1,0,0.081,0
52.0,111899.0,8965.0,15.4,591.0,85103.0,0.3,1,4,0,0.598,0
38.0,70567.0,5949.0,17.7,667.0,53593.0,0.257,0,2,0,1.128,0
37.0,37586.0,3155.0,11.0,719.0,29445.0,0.227,0,4,0,0.043,0
50.0,109458.0,9239.0,20.8,623.0,28707.0,0.16,1,4,0,0.912,0
27.0,29890.0,2456.0,5.9,518.0,4577.0,0.304,1,3,0,-3.234,0
69.0,61975.0,5285.0,35.9,850.0,32325.0,0.24,0,5,0,-1.722,0
42.0,68500.0,5696.0,11.6,744.0,25148.0,0.253,0,2,0,1.015,0
42.0,36997.0,3010.0,17.1,734.0,12630.0,0.366,1,3,1,0.348,0
44.0,75283.0,6136.0,0.8,774.0,35174.0,0.249,3,4,0,0.437,0
59.0,43645.0,3646.0,36.1,684.0,24751.0,0.289,1,5,0,-0.445,0
47.0,75200.0,6067.0,22.0,662.0,22492.0,0.467,0,2,0,-1.715,0
21.0,24035.0,2075.0,0.6,755.0,7243.0,0.338,0,4,0,1.204,0
53.0,63948.0,5441.0,2.3,756.0,32471.0,0.246,0,2,0,0.723,1
34.0,45690.0,3947.0,4.2,705.0,4728.0,0.19,0,3,1,1.258,0
39.0,92268.0,7954.0,4.9,724.0,53051.0,0.287,0,5,0,-2.067,0
24.0,53922.0,4462.0,1.0,574.0,35009.0,0.379,3,3,0,1.043,1
44.0,96495.0,7901.0,16.0,650.0,68493.0,0.241,1,6,0,0.958,0
31.0,69114.0,5451.0,9.5,784.0,42531.0,0.296,0,5,0,0.573,0
39.0,51933.0,4293.0,13.0,723.0,22334.0,0.238,0,3,1,0.088,0
35.0,78397.0,6764.0,5.8,561.0,55298.0,0.259,5,2,0,-0.64,1
59.0,78623.0,6443.0,38.0,642.0,32883.0,0.172,1,3,0,0.567,0
60.0,68013.0,5644.0,34.3,785.0,43549.0,0.321,2,1,0,-0.432,0
39.0,19605.0,1616.0,12.7,698.0,1916.0,0.308,0,7,1,0.716,0
39.0,35346.0,2968.0,7.4,676.0,20563.0,0.441,2,1,0,-0.454,0
34.0,102533.0,8764.0,9.5,680.0,11594.0,0.304,3,3,1,-0.251,0
50.0,31254.0,2524.0,12.3,660.0,2212.0,0.222,1,3,1,-0.849,0
34.0,81813.0,6634.0,2.2,624.0,34908.0,0.439,1,3,0,-0.023,0
33.0,75583.0,6486.0,8.3,606.0,10550.0,0.33,0,3,1,0.038,0
49.0,39676.0,3355.0,20.1,741.0,11658.0,0.312,0,2,0,1.258,0
32.0,22409.0,1858.0,4.2,679.0,14133.0,0.292,1,0,1,0.129,0
38.0,42577.0,3669.0,16.3,718.0,19701.0,0.309,0,1,0,-2.803,0
21.0,140112.0,11357.0,0.9,699.0,84072.0,0.207,1,1,0,2.501,1
46.0,37295.0,3166.0,15.0,766.0,23782.0,0.285,0,2,0,-0.583,0
59.0,38471.0,3202.0,2.4,693.0,15781.0,0.271,0,4,0,-1.656,1
46.0,35108.0,2961.0,0.4,718.0,27708.0,0.329,1,1,0,1.087,1
54.0,95010.0,7540.0,21.8,683.0,19151.0,0.405,1,3,0,0.865,0
29.0,49305.0,4087.0,7.1,597.0,5605.0,0.389,1,3,0,-0.324,0
41.0,41499.0,3509.0,10.3,649.0,11988.0,0.344,2,3,0,-1.216,1
28.0,103897.0,8647.0,0.2,701.0,64611.0,0.121,2,1,0,0.262,0
35.0,71386.0,6098.0,2.2,709.0,8722.0,0.249,1,6,0,-0.398,0
46.0,36367.0,3105.0,5.6,764.0,14549.0,0.111,1,5,0,0.046,0
39.0,31713.0,2592.0,12.0,634.0,15175.0,0.401,1,1,0,0.071,0
22.0,92620.0,7846.0,1.2,676.0,60756.0,0.281,1,3,0,-1.912,1
24.0,55417.0,4526.0,0.4,651.0,37929.0,0.278,0,3,0,-0.566,0
23.0,27392.0,2285.0,1.4,774.0,6278.0,0.224,0,3,1,-0.46,0
43.0,24654.0,2081.0,20.4,697.0,6301.0,0.419,1,4,0,-0.087,0
61.0,33285.0,2727.0,17.9,697.0,18739.0,0.303,1,3,0,0.024,0
53.0,31487.0,2665.0,4.9,660.0,21878.0,0.281,0,4,0,-1.641,0
21.0,21902.0,1807.0,0.6,645.0,3861.0,0.305,1,1,0,-0.62,1
54.0,33534.0,2762.0,31.3,574.0,19851.0,0.313,2,1,0,-0.268,0
48.0,36370.0,3074.0,3.3,573.0,8302.0,0.279,1,2,0,-0.245,0
21.0,44662.0,3660.0,0.2,673.0,8285.0,0.419,0,5,0,1.044,0
35.0,117818.0,9644.0,8.3,668.0,35718.0,0.418,0,3,1,0.707,0
50.0,48777.0,4149.0,10.2,678.0,31509.0,0.302,0,6,0,2.776,0
44.0,51005.0,4260.0,21.5,737.0,30956.0,0.215,0,1,0,-1.071,0
24.0,69165.0,5596.0,2.6,668.0,28290.0,0.326,2,3,0,0.919,0
45.0,49429.0,4190.0,3.6,637.0,28948.0,0.233,2,2,0,0.34,0
21.0,65851.0,5443.0,0.9,646.0,23337.0,0.436,0,4,1,-0.318,0
36.0,62403.0,5054.0,10.0,682.0,12972.0,0.45,0,7,1,0.352,0
51.0,58119.0,4600.0,15.1,641.0,39653.0,0.365,3,3,0,1.181,1
38.0,190994.0,16204.0,4.7,737.0,17255.0,0.177,0,1,0,-0.289,0
33.0,82876.0,6788.0,8.1,663.0,60148.0,0.246,0,4,0,1.03,0
48.0,33803.0,2747.0,25.0,690.0,21690.0,0.273,1,2,0,0.301,0
49.0,64970.0,5483.0,1.1,603.0,38507.0,0.209,1,1,0,0.08,1
52.0,38515.0,3261.0,12.2,741.0,18366.0,0.263,1,3,0,2.367,0
48.0,67232.0,5514.0,25.8,774.0,44206.0,0.316,0,4,0,-0.898,0
50.0,29621.0,2514.0,11.4,570.0,2108.0,0.346,3,2,0,0.701,0
46.0,33409.0,2899.0,0.9,689.0,16479.0,0.422,1,2,1,1.114,0
41.0,64206.0,5495.0,2.1,654.0,15780.0,0.291,0,3,0,0.46,0
39.0,86167.0,7352.0,13.1,686.0,45621.0,0.263,1,1,0,-0.275,0
35.0,68960.0,5783.0,10.8,697.0,38345.0,0.164,2,3,0,0.25,0
25.0,80776.0,6672.0,0.5,504.0,17048.0,0.328,4,2,0,-1.36,0
27.0,65076.0,5417.0,1.6,714.0,10809.0,0.248,0,1,0,-0.867,0
35.0,59439.0,4997.0,8.4,742.0,29161.0,0.272,0,4,1,0.86,0
41.0,43845.0,3562.0,14.2,753.0,33122.0,0.237,2,4,0,-0.557,0
54.0,79296.0,6506.0,5.3,597.0,43421.0,0.239,4,3,0,-1.083,0
38.0,87228.0,7061.0,8.0,662.0,36036.0,0.365,2,4,0,0.383,0
49.0,53460.0,4476.0,16.3,630.0,40181.0,0.288,1,5,0,-0.484,1
50.0,52181.0,4356.0,1.5,527.0,34658.0,0.449,3,3,0,0.504,1
35.0,112558.0,9257.0,3.5,618.0,67490.0,0.181,1,6,0,1.889,1
45.0,54497.0,4616.0,22.6,595.0,20602.0,0.418,0,2,1,-0.114,0
35.0,56905.0,4643.0,13.5,690.0,23818.0,0.244,1,2,0,-0.426,0
53.0,68391.0,5621.0,10.5,551.0,16993.0,0.288,3,0,1,-1.037,1
45.0,52632.0,4454.0,21.7,602.0,34877.0,0.343,1,3,0,-0.789,0
25.0,38023.0,3227.0,3.1,625.0,10019.0,0.396,1,2,0,-0.408,0
40.0,65197.0,5347.0,19.4,724.0,37672.0,0.4,0,3,0,-1.485,0
56.0,54049.0,4525.0,34.9,850.0,38171.0,0.398,1,2,0,0.971,0
36.0,126008.0,10337.0,9.9,686.0,58483.0,0.272,1,4,1,-0.305,0
43.0,78424.0,6510.0,10.7,593.0,13127.0,0.475,0,0,0,0.553,0
44.0,42071.0,3516.0,3.4,614.0,2889.0,0.355,2,2,0,0.419,0
27.0,76356.0,6434.0,3.5,708.0,42372.0,0.02,0,0,0,0.491,0
44.0,63173.0,5298.0,9.4,570.0,13802.0,0.299,4,2,0,-0.229,1
23.0,99144.0,8307.0,1.7,738.0,7862.0,0.258,0,3,0,0.876,0
31.0,43438.0,3542.0,1.0,680.0,13355.0,0.265,2,2,1,0.977,0
50.0,59874.0,5028.0,24.9,664.0,29134.0,0.36,0,3,0,0.246,0
42.0,52601.0,4432.0,21.2,553.0,24389.0,0.327,5,2,0,-1.199,1
35.0,56467.0,4770.0,3.1,726.0,9913.0,0.228,0,2,0,1.266,0
43.0,36929.0,3033.0,14.5,614.0,18575.0,0.446,1,4,0,-0.557,0
37.0,71271.0,6048.0,13.9,678.0,25521.0,0.167,1,1,0,0.998,0
38.0,66381.0,5386.0,10.1,654.0,27098.0,0.161,0,1,0,0.459,0
45.0,98070.0,8102.0,23.6,561.0,69220.0,0.187,3,6,0,-0.895,0
30.0,54752.0,4538.0,5.1,646.0,5962.0,0.34,3,2,0,0.371,0
38.0,45696.0,3712.0,5.0,578.0,20376.0,0.333,1,3,0,-0.485,0
35.0,78454.0,6500.0,6.9,618.0,14139.0,0.215,0,2,1,-0.524,0
21.0,38472.0,3220.0,0.5,691.0,7197.0,0.236,0,3,0,1.374,0
28.0,89620.0,7196.0,2.0,710.0,45513.0,0.296,0,3,0,-1.222,0
55.0,89533.0,7402.0,27.7,673.0,49448.0,0.189,0,3,0,0.11,0
42.0,96845.0,7788.0,13.7,605.0,48875.0,0.376,1,2,0,0.978,1
23.0,65158.0,5652.0,1.3,615.0,48388.0,0.453,0,3,0,0.092,1
21.0,44186.0,3698.0,0.4,614.0,28544.0,0.278,2,0,1,-0.849,1
37.0,57770.0,4826.0,6.2,514.0,11494.0,0.331,3,3,0,0.58,1
55.0,65259.0,5463.0,15.8,673.0,34385.0,0.307,1,2,0,-0.498,0
36.0,42746.0,3605.0,8.4,548.0,22025.0,0.433,2,0,0,-0.336,0
52.0,100207.0,8514.0,10.7,671.0,53600.0,0.49,1,3,0,-2.046,0
42.0,71405.0,5764.0,17.9,567.0,26549.0,0.26,3,4,0,0.994,0
43.0,36812.0,3148.0,21.5,586.0,28004.0,0.299,3,6,0,0.645,1
23.0,128333.0,10961.0,1.7,708.0,51051.0,0.382,0,4,0,0.674,0
48.0,57464.0,4782.0,20.1,672.0,36893.0,0.331,1,3,0,-0.92,0
34.0,33615.0,2795.0,13.3,535.0,13815.0,0.205,2,3,1,-1.111,1
47.0,37853.0,2959.0,5.3,624.0,24248.0,0.115,1,4,0,0.49,0
29.0,107430.0,8730.0,1.7,679.0,37249.0,0.236,3,1,0,0.19,0
40.0,125033.0,10528.0,1.4,617.0,6328.0,0.329,2,4,0,1.931,0
42.0,86626.0,7392.0,9.7,641.0,36807.0,0.257,1,1,0,0.635,0
36.0,99586.0,8420.0,5.4,680.0,45909.0,0.191,1,3,0,-0.886,0
42.0,95089.0,7912.0,12.6,669.0,13000.0,0.238,1,0,1,-0.962,0
35.0,70665.0,6116.0,6.8,594.0,38787.0,0.479,4,5,0,0.285,0
31.0,63778.0,5422.0,2.1,663.0,44026.0,0.183,2,1,1,0.683,0
56.0,70124.0,5798.0,13.9,647.0,49175.0,0.265,0,2,0,1.129,0
50.0,76596.0,6662.0,0.9,781.0,25481.0,0.244,1,4,0,0.385,0
30.0,39394.0,3211.0,5.2,655.0,14084.0,0.492,0,2,0,-0.624,0
44.0,76456.0,6184.0,6.6,673.0,53044.0,0.149,0,5,1,-0.431,0
30.0,106029.0,8761.0,1.1,679.0,84690.0,0.218,1,8,1,-1.214,1
25.0,50122.0,4113.0,0.3,638.0,4484.0,0.303,4,1,1,1.214,0
49.0,47769.0,3952.0,21.0,620.0,4602.0,0.313,0,2,1,0.057,0
21.0,68155.0,5770.0,0.2,692.0,6181.0,0.408,0,0,0,-3.107,0
48.0,41058.0,3419.0,18.6,702.0,16294.0,0.398,2,2,1,0.585,0
35.0,30410.0,2534.0,12.4,812.0,19414.0,0.226,1,2,0,-0.038,0
36.0,92186.0,7691.0,7.8,716.0,11086.0,0.328,1,2,0,-0.526,0
43.0,44899.0,3569.0,3.0,715.0,25444.0,0.279,1,4,0,0.256,0
44.0,55459.0,4481.0,15.0,718.0,9892.0,0.25,0,2,0,0.244,1
29.0,41795.0,3456.0,0.6,612.0,3123.0,0.398,0,3,0,0.697,0
46.0,97697.0,8004.0,21.2,583.0,48525.0,0.322,2,3,0,0.414,1
39.0,80742.0,6697.0,14.7,597.0,39999.0,0.456,1,4,0,0.322,1
24.0,49353.0,4228.0,1.7,709.0,12954.0,0.344,0,2,0,-0.393,0
36.0,32342.0,2691.0,4.3,762.0,9434.0,0.389,2,1,0,0.953,0
53.0,47050.0,3817.0,23.6,723.0,14844.0,0.025,1,3,1,-2.02,0
56.0,71087.0,5830.0,20.7,659.0,53096.0,0.305,0,5,1,0.273,0
46.0,59873.0,5160.0,3.8,779.0,41895.0,0.34,1,2,0,-1.134,1
25.0,57768.0,4962.0,3.7,631.0,25743.0,0.349,3,0,0,-0.241,0
43.0,60497.0,5102.0,7.8,584.0,46740.0,0.451,3,1,0,0.564,1
47.0,77385.0,6247.0,24.5,690.0,37631.0,0.358,0,3,0,-0.356,1
46.0,53974.0,4525.0,21.6,761.0,6809.0,0.175,0,1,0,-0.221,0
47.0,67346.0,5655.0,7.3,605.0,27973.0,0.351,0,1,0,0.822,1
42.0,35277.0,2941.0,5.6,543.0,25431.0,0.38,1,2,0,-1.27,1
37.0,173567.0,14299.0,6.8,666.0,94940.0,0.236,1,4,0,0.752,0
31.0,48405.0,4004.0,9.1,719.0,37005.0,0.256,0,5,0,-0.205,1
21.0,60277.0,4959.0,0.1,453.0,27014.0,0.376,4,7,0,1.36,1
42.0,70969.0,5779.0,6.9,732.0,52083.0,0.297,1,4,0,-0.801,0
40.0,45717.0,3914.0,13.2,571.0,28571.0,0.406,4,3,0,0.541,1
44.0,55194.0,4681.0,0.8,711.0,36816.0,0.316,0,5,0,0.447,0
23.0,54893.0,4548.0,0.2,520.0,43563.0,0.079,3,3,0,-1.823,1
45.0,36453.0,3059.0,19.1,566.0,10086.0,0.303,1,2,0,0.301,0
61.0,67000.0,5627.0,21.2,714.0,34910.0,0.257,1,1,0,0.632,0
39.0,26185.0,2284.0,10.5,750.0,6346.0,0.359,0,2,0,-0.516,0
37.0,121032.0,10262.0,4.3,662.0,83563.0,0.34,1,2,0,1.335,0
41.0,78584.0,6658.0,11.4,833.0,38460.0,0.203,0,2,0,-1.267,0
60.0,73328.0,6115.0,22.0,599.0,13337.0,0.317,3,1,1,-1.188,1
27.0,25175.0,2080.0,2.8,589.0,9212.0,0.351,4,4,0,-0.608,1
40.0,38501.0,3297.0,19.5,649.0,7173.0,0.342,1,2,0,-0.838,0
29.0,102775.0,8676.0,0.5,636.0,40438.0,0.395,0,1,0,0.321,0
32.0,300000.0,24585.0,5.0,682.0,32457.0,0.195,3,3,1,0.744,0
37.0,94155.0,7917.0,15.0,615.0,72872.0,0.282,5,3,1,-1.22,1
53.0,87703.0,7431.0,6.8,703.0,43629.0,0.075,0,5,1,-0.529,0
58.0,69656.0,5561.0,35.4,716.0,55237.0,0.415,0,1,1,-0.341,0
43.0,37561.0,3072.0,9.8,778.0,6773.0,0.31,0,0,1,0.418,0
34.0,86070.0,7225.0,2.2,627.0,29118.0,0.289,0,4,0,-1.223,0
65.0,33508.0,2685.0,4.2,686.0,25079.0,0.287,2,4,0,-1.318,0
33.0,31899.0,2564.0,4.3,705.0,18150.0,0.348,0,1,0,-0.025,0
32.0,31008.0,2570.0,10.8,665.0,3179.0,0.404,0,2,0,0.247,0
21.0,85320.0,7180.0,0.9,646.0,60781.0,0.271,4,1,0,0.836,1
53.0,53597.0,4514.0,18.8,525.0,10271.0,0.341,2,1,1,2.455,1
49.0,57554.0,4948.0,3.4,668.0,14179.0,0.34,1,4,1,-0.635,1
65.0,54620.0,4559.0,20.4,712.0,32707.0,0.08,0,0,0,-0.782,0
23.0,33141.0,2741.0,1.1,657.0,19322.0,0.229,0,5,0,0.452,0
54.0,40671.0,3301.0,7.9,609.0,22184.0,0.344,2,5,0,0.162,0
39.0,41602.0,3440.0,1.4,543.0,2249.0,0.423,1,5,0,1.029,0
47.0,29223.0,2470.0,10.3,697.0,6927.0,0.436,0,2,0,-0.395,0
21.0,43835.0,3708.0,0.4,663.0,13531.0,0.178,0,4,0,-0.831,0
54.0,33810.0,2832.0,24.0,769.0,11842.0,0.4,1,1,0,0.779,0
47.0,71328.0,6009.0,10.5,564.0,7522.0,0.403,2,2,0,0.07,0
38.0,74052.0,6329.0,0.2,627.0,41213.0,0.341,3,2,1,1.063,0
45.0,30729.0,2565.0,0.5,568.0,22077.0,0.098,2,2,0,0.048,1
30.0,48127.0,4120.0,6.6,735.0,38129.0,0.246,0,4,0,0.146,1
32.0,126794.0,10413.0,7.7,751.0,82224.0,0.311,0,2,0,-1.636,0
33.0,35374.0,2944.0,2.1,796.0,7144.0,0.276,0,4,0,-0.765,0
21.0,66641.0,5500.0,0.9,697.0,28887.0,0.083,1,4,0,0.834,0
47.0,57675.0,4882.0,18.2,724.0,42495.0,0.274,1,5,0,2.115,1
51.0,89939.0,7343.0,4.8,693.0,8989.0,0.207,1,3,0,1.469,0
30.0,62821.0,5201.0,3.0,702.0,13899.0,0.359,1,4,1,1.741,0
42.0,45297.0,3634.0,21.3,674.0,11259.0,0.348,0,1,0,-0.167,0
35.0,56677.0,4779.0,6.1,706.0,28746.0,0.352,0,0,0,0.464,0
42.0,57051.0,4873.0,5.1,812.0,43567.0,0.263,2,3,0,0.343,1
31.0,52777.0,4478.0,5.8,678.0,21741.0,0.302,2,1,0,-0.499,0
28.0,30378.0,2573.0,1.7,663.0,14367.0,0.292,0,1,0,0.041,1
50.0,96228.0,8154.0,23.4,686.0,50991.0,0.391,0,7,0,0.254,0
37.0,88875.0,7510.0,13.7,656.0,61204.0,0.247,3,3,0,-0.847,1
60.0,34379.0,2900.0,32.2,693.0,9102.0,0.224,0,1,0,0.428,0
39.0,48039.0,4058.0,11.4,653.0,24965.0,0.396,0,3,0,0.501,1
28.0,49702.0,4088.0,5.4,743.0,36977.0,0.382,1,3,0,-0.82,1
51.0,32684.0,2713.0,10.1,738.0,24651.0,0.347,1,1,0,-0.852,0
45.0,23743.0,1981.0,21.9,823.0,8001.0,0.458,0,2,0,-0.036,0
46.0,40673.0,3367.0,3.7,660.0,5444.0,0.509,3,3,1,0.189,0
51.0,46850.0,3782.0,7.9,684.0,34823.0,0.423,0,2,0,-0.61,0
31.0,28754.0,2337.0,10.7,683.0,21299.0,0.225,0,1,1,1.409,0
37.0,59559.0,4986.0,15.9,682.0,7322.0,0.383,1,4,0,2.766,0
36.0,92816.0,7875.0,8.2,743.0,10303.0,0.311,1,2,0,3.507,0
24.0,80341.0,6696.0,1.9,547.0,15173.0,0.244,1,4,0,-0.4,0
35.0,51952.0,4569.0,1.8,693.0,27802.0,0.226,0,2,0,-0.482,1
53.0,24026.0,1965.0,21.6,810.0,6654.0,0.327,0,3,0,-0.793,0
41.0,75899.0,6381.0,0.6,756.0,17468.0,0.382,0,1,0,0.898,0
23.0,58745.0,5022.0,1.0,748.0,38168.0,0.438,0,4,1,-0.845,0
21.0,66572.0,5666.0,0.4,719.0,15506.0,0.367,0,5,1,0.599,0
56.0,131444.0,11097.0,32.5,635.0,101253.0,0.357,0,1,0,0.582,0
37.0,37946.0,3230.0,16.5,616.0,14375.0,0.279,1,2,0,1.178,0
31.0,15084.0,1258.0,10.6,613.0,5535.0,0.322,2,1,0,0.911,0
35.0,34236.0,2948.0,12.0,586.0,25942.0,0.151,3,1,0,0.37,1
22.0,68447.0,5850.0,0.5,727.0,9589.0,0.357,2,1,0,-0.3,0
54.0,55670.0,4560.0,1.5,764.0,7583.0,0.343,0,2,0,0.881,0
34.0,31826.0,2669.0,5.8,693.0,11941.0,0.491,0,4,0,1.528,0
53.0,29034.0,2345.0,9.8,721.0,14235.0,0.296,0,2,1,0.241,0
39.0,46888.0,4026.0,12.2,687.0,20211.0,0.419,3,2,0,0.318,1
54.0,31393.0,2628.0,12.5,706.0,24053.0,0.253,0,2,0,-1.359,1
41.0,69520.0,5950.0,18.5,521.0,55260.0,0.47,2,2,0,-0.715,1
47.0,45704.0,3800.0,10.2,687.0,3686.0,0.445,2,0,0,-0.668,0
46.0,41477.0,3328.0,9.8,635.0,7222.0,0.413,2,4,0,-0.492,0
45.0,39099.0,3430.0,18.9,667.0,18190.0,0.306,0,1,0,1.703,1
42.0,61914.0,5173.0,12.9,682.0,47215.0,0.278,0,1,0,-0.407,0
35.0,56065.0,4579.0,3.9,612.0,14573.0,0.263,3,2,0,0.237,1
59.0,60233.0,5134.0,26.4,598.0,19594.0,0.203,3,2,0,-0.06,0
28.0,59644.0,5173.0,4.5,610.0,13318.0,0.347,4,1,0,0.625,1
38.0,53242.0,4419.0,1.9,560.0,41293.0,0.275,2,0,0,-0.5,1
38.0,34551.0,2874.0,8.5,583.0,5714.0,0.338,3,4,0,-1.446,0
42.0,39593.0,3315.0,20.6,599.0,18744.0,0.317,2,2,0,1.069,0
33.0,46050.0,3752.0,2.8,561.0,3095.0,0.193,1,2,1,0.353,0
41.0,139306.0,11448.0,8.9,701.0,69828.0,0.406,0,1,1,0.986,0
36.0,29975.0,2587.0,4.5,599.0,10322.0,0.31,6,4,0,1.127,0
21.0,45549.0,3786.0,0.5,530.0,21601.0,0.386,5,4,0,-0.784,1
38.0,57487.0,4710.0,17.7,641.0,6334.0,0.183,1,3,0,0.283,0
26.0,47982.0,3962.0,1.8,583.0,5676.0,0.224,2,1,0,-0.737,0
21.0,89177.0,7591.0,0.8,763.0,10628.0,0.261,1,0,0,-2.247,0
40.0,47871.0,3832.0,16.4,677.0,32379.0,0.324,3,0,0,-0.543,1
43.0,49491.0,4145.0,6.1,560.0,29355.0,0.29,2,4,0,-0.72,1
44.0,79354.0,6938.0,18.4,709.0,11608.0,0.436,1,2,0,0.766,0
44.0,124232.0,10773.0,24.0,678.0,35659.0,0.403,0,3,0,-0.218,1
21.0,103618.0,8734.0,1.0,644.0,39097.0,0.227,3,2,0,0.66,1
23.0,51720.0,4423.0,1.8,771.0,6412.0,0.595,1,5,0,0.638,0
60.0,53788.0,4599.0,6.0,595.0,36575.0,0.292,1,1,0,-1.175,1
26.0,56169.0,4669.0,0.8,733.0,18098.0,0.429,0,2,0,-1.053,0
45.0,58761.0,4987.0,6.6,635.0,32487.0,0.272,1,4,0,0.442,0
30.0,37563.0,3242.0,6.3,662.0,19964.0,0.362,2,2,0,-1.28,1
39.0,83831.0,6809.0,7.3,611.0,61676.0,0.395,2,1,1,-0.755,1
31.0,60359.0,5088.0,7.7,616.0,36605.0,0.15,2,1,0,1.107,0
44.0,53901.0,4524.0,19.0,639.0,4087.0,0.475,3,1,0,-0.15,0
40.0,31041.0,2592.0,3.5,529.0,5162.0,0.222,1,4,0,-1.988,0
33.0,56563.0,4715.0,11.8,690.0,21701.0,0.265,0,0,0,-1.417,0
26.0,23462.0,1964.0,0.4,668.0,2810.0,0.239,0,2,0,1.213,0
41.0,42334.0,3550.0,5.5,558.0,14558.0,0.243,2,1,0,0.658,1
25.0,42689.0,3637.0,3.8,708.0,33428.0,0.248,0,1,0,-0.533,0
43.0,62582.0,5265.0,4.2,764.0,12773.0,0.181,1,2,0,0.224,0
67.0,128158.0,10642.0,10.3,619.0,74146.0,0.376,1,4,1,0.918,1
53.0,71143.0,5829.0,32.1,621.0,17427.0,0.312,0,6,0,-0.914,0
46.0,105543.0,8712.0,23.6,750.0,7981.0,0.286,0,2,0,0.472,0
37.0,73529.0,6159.0,13.9,695.0,9103.0,0.402,2,2,0,-0.862,0
21.0,91250.0,7497.0,0.2,651.0,11673.0,0.477,1,1,0,0.439,0
23.0,126854.0,10771.0,0.9,717.0,34791.0,0.144,1,3,0,1.074,0
52.0,39567.0,3326.0,7.6,683.0,30483.0,0.462,0,7,0,1.207,1
29.0,38422.0,3275.0,1.8,761.0,19806.0,0.298,0,7,0,-0.199,1
30.0,74314.0,6114.0,10.0,664.0,10571.0,0.165,1,2,0,0.737,0
36.0,54909.0,4500.0,2.7,691.0,5639.0,0.341,0,3,0,0.483,0
26.0,60733.0,5176.0,4.7,739.0,47255.0,0.288,1,2,0,-0.553,0
25.0,49177.0,4109.0,0.2,489.0,8779.0,0.386,1,1,0,-1.293,1
37.0,42057.0,3491.0,9.5,744.0,10634.0,0.315,0,2,0,1.292,0
28.0,114055.0,9637.0,0.6,625.0,77701.0,0.336,0,3,0,-0.022,1
30.0,33528.0,2831.0,0.6,695.0,15630.0,0.256,0,2,1,-0.23,0
29.0,74904.0,6085.0,2.2,778.0,16479.0,0.197,0,4,0,0.528,0
44.0,69633.0,5963.0,22.0,650.0,38183.0,0.374,1,2,0,2.126,1
35.0,27025.0,2234.0,9.9,633.0,8882.0,0.248,4,6,0,-2.069,0
36.0,37844.0,3261.0,10.4,661.0,18399.0,0.34,1,2,0,1.902,0
45.0,40818.0,3311.0,7.3,562.0,5003.0,0.449,2,2,1,-0.125,0
36.0,70909.0,5947.0,11.9,820.0,50356.0,0.284,0,0,0,0.105,0
35.0,46626.0,3871.0,10.2,662.0,23155.0,0.37,0,2,0,-0.975,0
43.0,52922.0,4236.0,10.7,781.0,2818.0,0.297,0,0,0,-1.579,0
45.0,28542.0,2410.0,17.3,645.0,13395.0,0.264,0,2,0,0.461,1
36.0,156647.0,12552.0,14.2,669.0,50370.0,0.144,1,3,0,-0.346,0
39.0,56791.0,4705.0,18.1,735.0,41409.0,0.296,0,3,0,-0.594,0
29.0,68847.0,5864.0,9.4,588.0,10596.0,0.284,5,5,0,-0.873,1
29.0,43123.0,3555.0,4.2,655.0,12949.0,0.213,1,2,0,-1.832,0
46.0,41003.0,3355.0,0.9,724.0,25562.0,0.096,0,3,0,-0.144,0
43.0,130066.0,11012.0,5.2,648.0,28475.0,0.133,1,3,0,0.13,1
43.0,23215.0,1925.0,4.5,628.0,6613.0,0.479,0,1,0,0.702,1
41.0,62348.0,5154.0,6.3,741.0,39181.0,0.304,1,0,0,0.228,1
39.0,31886.0,2725.0,6.7,761.0,18629.0,0.156,0,4,1,0.037,0
46.0,45837.0,3731.0,17.2,778.0,14657.0,0.24,1,6,0,-1.092,0
48.0,41272.0,3408.0,14.9,620.0,16532.0,0.301,1,1,0,0.924,0
48.0,35292.0,2992.0,18.2,629.0,16385.0,0.345,2,1,0,-0.356,0
37.0,55884.0,4542.0,16.4,635.0,40011.0,0.277,2,2,0,0.198,0
53.0,17318.0,1494.0,1.6,711.0,9458.0,0.502,0,4,0,-0.729,1
41.0,47721.0,3959.0,0.3,576.0,23592.0,0.507,0,8,0,0.876,1
45.0,52810.0,4478.0,16.6,588.0,34760.0,0.338,4,3,0,1.215,1
41.0,29834.0,2530.0,11.5,616.0,8301.0,0.263,1,5,0,-0.587,0
41.0,108666.0,9028.0,10.0,599.0,41617.0,0.338,0,0,1,1.608,0
30.0,42091.0,3474.0,8.5,726.0,23781.0,0.167,0,5,0,0.998,0
46.0,49425.0,4115.0,4.1,719.0,17443.0,0.4,0,0,0,2.056,0
69.0,42133.0,3561.0,28.3,640.0,17246.0,0.317,0,1,0,1.356,0
34.0,53018.0,4331.0,12.9,653.0,9028.0,0.179,3,1,0,0.031,0
39.0,99087.0,8059.0,8.4,486.0,50288.0,0.242,4,1,0,-1.212,0
33.0,167367.0,14361.0,7.6,632.0,88734.0,0.357,2,2,0,0.452,1
33.0,76928.0,6316.0,0.9,748.0,53245.0,0.133,2,1,0,-1.59,0
55.0,89741.0,7531.0,12.2,630.0,10236.0,0.211,2,3,1,1.033,0
31.0,119072.0,9883.0,0.4,584.0,86289.0,0.253,3,6,1,0.267,0
33.0,61518.0,5110.0,7.3,760.0,7041.0,0.398,0,3,0,-0.526,0
21.0,111491.0,9557.0,0.6,582.0,67895.0,0.471,4,2,0,-0.207,1
30.0,78564.0,6536.0,9.2,773.0,38635.0,0.338,0,3,1,1.356,0
21.0,58682.0,4855.0,0.6,850.0,20805.0,0.02,1,1,0,0.44,0
45.0,64392.0,5337.0,0.1,652.0,47818.0,0.188,3,1,0,-0.018,0
69.0,24233.0,1999.0,40.0,767.0,9509.0,0.65,0,2,0,-0.345,0
34.0,62727.0,5157.0,4.6,545.0,4301.0,0.316,1,2,0,0.191,1
21.0,27458.0,2265.0,0.7,540.0,12094.0,0.039,2,2,0,0.843,1
48.0,26469.0,2279.0,7.4,608.0,11894.0,0.537,3,1,1,0.541,1
30.0,59987.0,5070.0,7.6,721.0,36489.0,0.166,1,1,1,-0.995,0
52.0,33315.0,2757.0,30.0,675.0,10617.0,0.357,1,3,0,0.541,0
35.0,54824.0,4658.0,1.2,648.0,5781.0,0.185,0,4,0,-0.877,0
31.0,58535.0,4723.0,6.0,573.0,18269.0,0.52,8,4,0,0.08,1
36.0,59722.0,5114.0,8.7,655.0,29978.0,0.158,1,3,1,-1.941,0
46.0,36616.0,3130.0,7.5,619.0,16791.0,0.241,0,3,0,-0.298,0
35.0,82413.0,7175.0,5.3,598.0,56473.0,0.405,2,4,1,-0.577,1
33.0,52835.0,4492.0,8.5,594.0,13349.0,0.245,4,1,0,-1.12,0
36.0,67075.0,5638.0,4.6,676.0,31991.0,0.349,0,7,0,-0.328,0
24.0,32103.0,2744.0,0.1,610.0,25094.0,0.383,1,0,0,0.96,1
42.0,50759.0,4177.0,17.2,668.0,14479.0,0.318,1,2,1,-0.685,0
21.0,90118.0,7450.0,0.6,536.0,33981.0,0.189,2,7,0,-1.383,1
33.0,85107.0,7083.0,3.3,697.0,67717.0,0.221,0,2,1,1.587,0
46.0,38419.0,3289.0,25.3,690.0,6082.0,0.262,0,1,0,-0.347,0
41.0,43027.0,3524.0,19.2,653.0,20661.0,0.359,2,2,0,1.3,0
44.0,35249.0,2881.0,23.6,683.0,11553.0,0.381,1,3,0,-0.959,0
37.0,40933.0,3427.0,8.9,730.0,3463.0,0.321,0,3,0,1.098,0
51.0,29305.0,2477.0,7.3,562.0,18186.0,0.37,3,6,0,0.886,0
48.0,51684.0,4246.0,4.9,667.0,10292.0,0.141,0,4,0,0.873,0
43.0,73130.0,6176.0,21.7,580.0,52584.0,0.33,1,5,0,0.614,0
48.0,38631.0,3307.0,25.1,679.0,14038.0,0.294,1,3,1,1.083,0
46.0,52803.0,4506.0,19.5,652.0,8368.0,0.35,0,4,1,-0.085,0
33.0,49805.0,4180.0,6.7,662.0,11680.0,0.375,1,2,0,-0.17,0
23.0,88423.0,7355.0,1.2,720.0,59655.0,0.195,1,0,0,0.79,0
43.0,41767.0,3601.0,15.9,725.0,13800.0,0.289,1,2,0,1.757,0
44.0,42457.0,3539.0,0.2,736.0,10283.0,0.433,1,2,0,2.987,0
50.0,37586.0,3191.0,15.7,640.0,8897.0,0.33,2,3,0,0.229,1
28.0,32965.0,2855.0,5.2,712.0,16067.0,0.29,2,2,0,-0.705,0
28.0,69788.0,5913.0,6.1,698.0,16932.0,0.178,2,2,1,-0.066,0
43.0,51756.0,4227.0,10.4,639.0,38894.0,0.354,0,4,0,-0.686,1
37.0,56373.0,4581.0,12.8,675.0,4906.0,0.161,1,4,1,0.007,0
21.0,97604.0,8085.0,0.1,651.0,16289.0,0.282,0,3,0,0.019,0
42.0,100160.0,8465.0,5.2,760.0,37231.0,0.251,0,0,0,0.338,0
21.0,26220.0,2204.0,0.1,717.0,5407.0,0.339,0,1,1,0.434,0
28.0,73616.0,6405.0,2.6,638.0,46670.0,0.24,1,2,0,0.364,1
53.0,60878.0,5117.0,11.3,637.0,44892.0,0.267,1,2,0,-1.375,0
58.0,44684.0,3699.0,14.2,734.0,22348.0,0.209,0,3,1,-0.707,0
25.0,63739.0,5191.0,2.2,755.0,44012.0,0.275,1,2,0,-0.987,0
34.0,25291.0,2157.0,6.3,685.0,16450.0,0.321,1,1,0,0.696,0
38.0,106221.0,8851.0,9.1,711.0,17948.0,0.265,0,3,0,-1.886,0
58.0,69343.0,5604.0,28.3,765.0,7531.0,0.269,2,1,0,1.321,0
33.0,37263.0,3107.0,1.8,649.0,19443.0,0.316,0,1,1,0.67,0
33.0,42262.0,3452.0,4.5,668.0,33256.0,0.4,0,2,0,0.268,0
55.0,25557.0,2112.0,0.0,694.0,17224.0,0.374,0,2,1,-1.055,0
34.0,47754.0,3980.0,0.4,630.0,24461.0,0.171,1,2,0,-0.006,0
46.0,44261.0,3622.0,15.7,787.0,5896.0,0.377,3,1,1,-1.464,0
22.0,30297.0,2500.0,1.5,630.0,19232.0,0.437,0,1,0,0.906,1
36.0,78011.0,6404.0,4.9,667.0,43860.0,0.371,0,2,0,0.057,0
21.0,97699.0,8025.0,0.4,794.0,73314.0,0.059,0,1,0,1.622,0
26.0,54327.0,4436.0,1.3,530.0,31621.0,0.326,5,3,0,1.532,1
47.0,47932.0,3956.0,3.9,677.0,6118.0,0.438,0,2,0,0.291,0
37.0,66892.0,5475.0,15.4,621.0,33907.0,0.255,4,1,0,0.874,0
34.0,54516.0,4596.0,8.3,664.0,19234.0,0.59,1,3,0,1.697,0
30.0,33796.0,2828.0,6.9,579.0,12371.0,0.082,2,5,0,-1.447,0
36.0,41002.0,3499.0,13.7,641.0,21515.0,0.315,1,3,0,-0.216,1
41.0,48132.0,4162.0,12.5,668.0,34883.0,0.372,0,2,0,-0.074,0
49.0,61499.0,5194.0,5.2,679.0,38119.0,0.317,0,1,1,0.845,0
21.0,55232.0,4644.0,0.7,723.0,3685.0,0.315,0,2,1,0.29,0
29.0,60461.0,5113.0,6.6,501.0,9689.0,0.196,1,3,0,0.221,0
40.0,27692.0,2329.0,8.2,655.0,8928.0,0.242,1,2,1,-1.31,0
37.0,74194.0,6189.0,10.4,653.0,41810.0,0.357,0,1,0,-0.687,0
42.0,55085.0,4588.0,10.9,661.0,28955.0,0.089,0,3,0,0.681,0
41.0,173478.0,14161.0,7.0,666.0,74208.0,0.391,1,6,0,0.015,1
35.0,46196.0,3914.0,9.8,607.0,17213.0,0.289,3,2,0,-0.344,1
32.0,63618.0,5298.0,3.0,553.0,40853.0,0.355,1,3,1,-0.207,0
35.0,196465.0,16847.0,5.0,678.0,23924.0,0.385,2,2,1,0.953,0
51.0,60020.0,5093.0,12.4,597.0,29787.0,0.673,3,2,0,0.516,1
30.0,53351.0,4390.0,6.1,691.0,35018.0,0.44,0,2,0,-0.573,0
37.0,35277.0,3013.0,14.8,602.0,8971.0,0.18,2,1,0,1.993,0
40.0,109405.0,8650.0,12.3,715.0,22066.0,0.516,0,3,0,0.053,0
55.0,32646.0,2826.0,25.5,669.0,18122.0,0.029,4,0,0,-0.66,0
35.0,66656.0,5406.0,4.3,663.0,12113.0,0.256,1,4,0,-0.719,0
49.0,44444.0,3740.0,16.8,651.0,18496.0,0.317,0,3,0,0.569,0
52.0,50508.0,4245.0,3.3,633.0,37483.0,0.268,2,0,1,1.002,0
37.0,28979.0,2469.0,8.0,648.0,2768.0,0.328,1,2,0,1.356,0
36.0,100659.0,8333.0,10.8,748.0,73669.0,0.283,0,4,0,0.877,1
34.0,48537.0,3871.0,2.6,554.0,9357.0,0.428,5,1,0,0.447,1
35.0,31834.0,2635.0,13.7,621.0,13108.0,0.252,0,3,0,-0.998,0
47.0,96645.0,8018.0,11.4,740.0,14417.0,0.288,0,4,0,0.999,0
41.0,43837.0,3503.0,13.8,724.0,25531.0,0.477,0,1,0,0.321,0
41.0,63938.0,5333.0,9.7,759.0,51043.0,0.397,1,0,0,0.836,1
26.0,80316.0,6549.0,4.1,658.0,22213.0,0.283,2,0,0,0.287,1
27.0,68078.0,5747.0,4.3,570.0,50617.0,0.347,0,1,0,-0.113,1
62.0,20468.0,1697.0,5.1,585.0,12229.0,0.487,1,5,1,-0.041,1
36.0,75207.0,6513.0,14.8,647.0,58215.0,0.162,0,0,0,0.347,1
29.0,52565.0,4358.0,6.3,716.0,29113.0,0.191,2,2,1,-0.09,0
54.0,47431.0,3987.0,15.9,650.0,26633.0,0.243,0,5,1,-1.412,0
41.0,52366.0,4345.0,14.3,644.0,39683.0,0.322,0,2,1,2.019,0
44.0,26651.0,2149.0,6.4,691.0,15872.0,0.397,2,1,0,-0.834,1
36.0,59968.0,4977.0,12.7,668.0,41113.0,0.224,1,0,1,-1.798,0
34.0,29766.0,2518.0,6.0,632.0,7841.0,0.206,2,2,0,-0.468,0
36.0,48362.0,4079.0,13.0,596.0,8544.0,0.169,2,4,0,-1.098,0
23.0,59007.0,4888.0,0.8,727.0,31276.0,0.206,1,3,0,2.934,0
37.0,89179.0,7215.0,13.5,740.0,21355.0,0.234,0,3,0,-0.159,0
41.0,38035.0,3210.0,19.3,596.0,14163.0,0.084,0,4,0,0.96,0
58.0,105694.0,8882.0,37.6,651.0,73107.0,0.244,0,4,0,0.149,0
39.0,84219.0,7137.0,14.7,714.0,44073.0,0.195,0,1,1,-2.187,0
21.0,45336.0,3757.0,0.7,581.0,34360.0,0.284,4,4,0,1.044,1
37.0,33395.0,2689.0,8.8,690.0,10554.0,0.47,0,3,0,-1.17,0
68.0,28721.0,2419.0,5.1,640.0,7481.0,0.141,1,4,0,0.479,0
48.0,62154.0,5179.0,15.4,583.0,13070.0,0.401,0,1,0,-1.466,0
29.0,39471.0,3381.0,5.1,787.0,30877.0,0.467,1,5,1,0.204,0
45.0,94353.0,7867.0,1.6,637.0,35121.0,0.396,1,5,0,-0.137,1
30.0,40510.0,3373.0,6.8,700.0,29980.0,0.334,3,2,0,-0.216,1
23.0,36673.0,3082.0,0.5,582.0,11320.0,0.431,1,4,0,-0.023,1
34.0,61097.0,5031.0,8.5,773.0,16239.0,0.363,0,1,1,-0.59,1
39.0,40391.0,3323.0,9.0,801.0,25371.0,0.411,2,2,1,-2.331,0
21.0,55212.0,4592.0,0.9,555.0,28354.0,0.312,4,0,0,0.754,1
25.0,85715.0,7011.0,1.2,649.0,38014.0,0.194,0,0,0,1.14,0
38.0,57979.0,4809.0,3.1,755.0,22042.0,0.416,0,3,0,0.301,1
34.0,58077.0,5027.0,7.4,631.0,23221.0,0.561,0,9,1,-1.48,1
42.0,60319.0,5131.0,10.3,694.0,40766.0,0.266,0,2,1,-0.427,0
25.0,25673.0,2153.0,0.7,543.0,4232.0,0.302,4,1,0,0.226,0
46.0,65606.0,5637.0,15.9,613.0,5792.0,0.311,1,2,0,-1.025,0
25.0,59104.0,4844.0,4.5,684.0,3219.0,0.153,1,2,0,0.592,0
56.0,82198.0,7191.0,26.7,632.0,34626.0,0.215,2,7,0,0.913,0
21.0,72237.0,5964.0,0.2,635.0,47929.0,0.33,5,4,1,-0.729,0
26.0,50222.0,4353.0,1.4,555.0,27784.0,0.291,5,4,0,1.207,1
43.0,87524.0,7585.0,12.6,712.0,69392.0,0.302,0,7,0,-0.554,0
56.0,48214.0,3877.0,24.6,579.0,24467.0,0.303,2,2,0,-0.178,0
41.0,61470.0,5273.0,21.0,778.0,26544.0,0.288,0,2,0,-0.016,0
44.0,47814.0,3962.0,2.5,613.0,23248.0,0.223,4,1,0,1.177,0
38.0,67703.0,5578.0,9.9,721.0,48179.0,0.343,0,6,1,-0.217,0
27.0,46428.0,3910.0,6.6,712.0,2831.0,0.333,0,1,0,1.35,0
33.0,115438.0,9426.0,1.4,592.0,46161.0,0.212,4,5,0,-0.852,1
25.0,136339.0,11476.0,4.5,622.0,48861.0,0.341,5,2,0,2.306,1
24.0,81500.0,6664.0,1.8,629.0,62347.0,0.238,2,3,0,-1.376,1
42.0,110048.0,9203.0,16.1,641.0,20958.0,0.365,1,3,0,0.569,0
26.0,27514.0,2354.0,2.4,570.0,1903.0,0.296,2,3,1,-0.402,0
42.0,29012.0,2436.0,18.1,706.0,15195.0,0.339,3,1,1,-2.318,0
24.0,47590.0,3937.0,3.3,613.0,24688.0,0.318,1,4,0,0.434,0
41.0,56030.0,4720.0,3.5,654.0,16221.0,0.294,1,1,0,0.6,0
33.0,50307.0,4074.0,9.4,735.0,22880.0,0.333,0,1,0,1.027,0
53.0,26269.0,2152.0,0.7,700.0,13069.0,0.384,0,3,1,-0.485,0
42.0,92347.0,7629.0,6.0,619.0,29069.0,0.312,1,0,0,0.127,0
52.0,144998.0,12273.0,17.5,742.0,52980.0,0.31,0,1,0,0.796,0
30.0,97883.0,8223.0,5.8,710.0,15304.0,0.265,1,1,1,-0.185,0
39.0,89642.0,7550.0,6.8,614.0,56319.0,0.118,1,3,0,-0.535,0
27.0,60891.0,5071.0,1.9,625.0,20818.0,0.303,1,3,0,0.181,0
33.0,37637.0,3087.0,2.3,731.0,20103.0,0.173,3,2,0,1.581,0
35.0,56825.0,4876.0,3.6,716.0,21024.0,0.243,0,0,0,-0.537,0
30.0,141861.0,11657.0,1.3,555.0,24356.0,0.213,2,3,0,-0.208,0
25.0,46943.0,3945.0,1.2,590.0,27015.0,0.228,2,3,0,-1.002,1
22.0,44818.0,3726.0,2.0,710.0,16269.0,0.234,0,1,0,0.133,0
21.0,90524.0,7629.0,0.3,578.0,17111.0,0.349,1,2,0,1.035,0
26.0,93269.0,7678.0,5.8,719.0,69964.0,0.333,0,3,1,-1.584,0
45.0,37554.0,3195.0,6.1,799.0,27038.0,0.311,0,3,0,-0.267,0
21.0,48895.0,4187.0,0.5,686.0,29110.0,0.421,1,3,1,1.014,0
23.0,43881.0,3729.0,0.5,596.0,21153.0,0.606,2,0,1,-0.487,1
58.0,56752.0,4744.0,0.6,673.0,29448.0,0.351,2,1,0,-0.635,0
31.0,90377.0,7466.0,6.9,736.0,28935.0,0.391,0,3,0,-0.578,0
42.0,38303.0,3372.0,7.3,671.0,9469.0,0.328,2,3,0,0.649,0
45.0,89809.0,7336.0,8.6,698.0,44370.0,0.365,0,2,0,0.142,1
45.0,57574.0,4882.0,10.3,609.0,34833.0,0.138,1,2,1,1.12,0
21.0,156667.0,13142.0,1.0,610.0,66013.0,0.03,1,5,1,-0.428,0
35.0,63485.0,5284.0,6.2,727.0,45815.0,0.089,1,6,0,0.095,0
21.0,52653.0,4404.0,0.1,610.0,17971.0,0.238,0,1,1,-0.081,0
65.0,71233.0,5876.0,12.5,485.0,23675.0,0.437,4,2,0,0.431,1
21.0,47258.0,3972.0,0.6,639.0,17445.0,0.326,1,2,1,-1.569,0
26.0,24519.0,2056.0,6.4,685.0,14176.0,0.261,1,2,0,0.043,0
27.0,49358.0,4333.0,0.9,735.0,3484.0,0.357,1,4,0,0.456,0
22.0,49009.0,4172.0,0.5,775.0,15455.0,0.335,1,0,0,-3.214,0
53.0,26864.0,2262.0,16.0,674.0,16312.0,0.164,0,2,0,-0.543,0
65.0,53222.0,4486.0,40.0,726.0,24805.0,0.347,3,3,0,-0.014,0
33.0,21696.0,1875.0,1.4,669.0,6127.0,0.383,2,5,0,0.499,0
23.0,47034.0,3843.0,2.8,686.0,25518.0,0.51,1,1,0,1.337,1
21.0,61372.0,5096.0,0.7,647.0,44547.0,0.292,0,4,0,2.265,0
35.0,57454.0,4605.0,4.7,689.0,24639.0,0.469,3,3,1,0.18,1
35.0,45712.0,3852.0,11.2,615.0,27629.0,0.26,2,2,0,0.656,0
31.0,52923.0,4485.0,6.2,802.0,10522.0,0.533,1,2,0,-0.179,0
40.0,38648.0,3157.0,3.5,494.0,15643.0,0.241,2,2,1,0.769,1
42.0,55268.0,4738.0,6.4,703.0,14838.0,0.364,1,0,0,-0.103,0
42.0,56457.0,4637.0,7.1,686.0,44860.0,0.329,1,6,0,2.008,0
35.0,36680.0,3036.0,4.7,688.0,7851.0,0.449,0,1,0,1.483,0
26.0,62041.0,5182.0,4.4,579.0,47186.0,0.435,1,3,0,0.187,1
45.0,61867.0,5320.0,16.7,551.0,22058.0,0.196,1,5,0,-0.329,0
38.0,51036.0,4180.0,14.9,710.0,21627.0,0.266,0,2,0,0.214,0
48.0,163499.0,13704.0,14.2,761.0,72417.0,0.513,2,0,0,-0.408,0
47.0,51626.0,4369.0,9.4,680.0,11944.0,0.31,0,3,0,0.223,0
22.0,48506.0,4088.0,0.2,716.0,11118.0,0.381,0,5,0,-1.14,0
22.0,45479.0,3836.0,1.8,629.0,15100.0,0.193,1,2,0,1.451,0
30.0,35531.0,3006.0,0.7,684.0,21635.0,0.275,0,3,0,-0.554,1
26.0,74888.0,6171.0,1.9,747.0,43104.0,0.229,2,0,0,0.681,0
46.0,40388.0,3479.0,17.6,647.0,32238.0,0.393,1,3,0,-2.242,1
42.0,42596.0,3542.0,16.7,751.0,4953.0,0.374,0,3,0,-0.795,0
50.0,43169.0,3580.0,2.1,547.0,26742.0,0.422,2,4,0,1.817,1
42.0,35308.0,3022.0,13.6,624.0,6927.0,0.191,2,5,1,0.426,0
40.0,25012.0,2058.0,2.8,700.0,10837.0,0.355,2,1,1,1.684,0
51.0,44657.0,3745.0,23.6,805.0,8810.0,0.302,1,1,0,-0.012,0
43.0,81478.0,6692.0,16.9,669.0,61278.0,0.056,2,4,0,-0.293,1
39.0,60098.0,5260.0,14.0,595.0,25866.0,0.346,0,1,0,1.009,0
54.0,111007.0,9678.0,2.2,793.0,44639.0,0.429,1,1,0,0.192,0
39.0,77112.0,6412.0,10.8,657.0,21634.0,0.457,0,4,0,-0.107,0
35.0,69625.0,5862.0,3.5,708.0,26925.0,0.296,0,3,0,1.771,0
29.0,128320.0,10694.0,4.4,639.0,17070.0,0.383,4,1,0,1.722,0
46.0,52647.0,4357.0,25.5,683.0,29648.0,0.355,1,1,0,1.467,0
52.0,56583.0,4727.0,2.9,622.0,27047.0,0.224,2,0,0,-0.397,0
37.0,54717.0,4556.0,10.4,823.0,6822.0,0.21,0,2,0,-3.208,0
52.0,110171.0,8902.0,5.3,746.0,13968.0,0.295,0,6,0,-0.643,0
21.0,55062.0,4613.0,0.5,784.0,14851.0,0.276,1,1,0,-0.168,0
37.0,41084.0,3421.0,9.1,609.0,16632.0,0.309,0,0,0,-0.813,0
38.0,71650.0,6008.0,8.0,536.0,15548.0,0.258,5,2,0,-0.484,0
30.0,38092.0,3169.0,6.4,643.0,5657.0,0.321,1,2,0,0.807,1
64.0,69923.0,5785.0,40.0,850.0,8549.0,0.193,0,0,1,-1.207,0
37.0,66258.0,5618.0,13.9,644.0,18475.0,0.452,1,0,1,-0.987,0
34.0,50506.0,4254.0,13.0,740.0,26375.0,0.118,2,4,0,-0.376,0
38.0,70948.0,6077.0,3.5,590.0,39644.0,0.292,0,3,1,-0.031,0
21.0,28158.0,2370.0,1.0,602.0,7382.0,0.28,2,2,0,1.904,0
30.0,59185.0,4913.0,2.9,656.0,22516.0,0.286,0,2,1,-0.43,0
49.0,44660.0,3768.0,1.0,808.0,23284.0,0.216,0,1,0,1.414,0
31.0,199408.0,15959.0,4.8,739.0,63817.0,0.149,0,1,0,0.001,0
29.0,58995.0,5123.0,2.2,517.0,46250.0,0.324,6,1,0,0.546,1
52.0,42054.0,3524.0,24.7,719.0,23952.0,0.28,1,3,0,0.962,0
53.0,29580.0,2573.0,2.8,581.0,14311.0,0.338,0,1,0,2.429,0
44.0,98965.0,8104.0,13.0,619.0,41905.0,0.135,3,3,1,-0.76,1
33.0,46985.0,3828.0,3.8,698.0,19685.0,0.472,1,1,0,0.454,0
35.0,38522.0,3234.0,3.2,759.0,10355.0,0.292,1,3,0,0.799,0
29.0,63986.0,5371.0,8.0,758.0,6906.0,0.02,0,0,1,-1.259,0
27.0,73678.0,6181.0,3.6,685.0,49986.0,0.319,0,5,0,-1.583,0
27.0,73157.0,6119.0,2.1,685.0,53336.0,0.253,1,3,0,-1.746,0
31.0,55491.0,4566.0,8.4,758.0,43332.0,0.187,0,2,1,-2.031,0
27.0,59085.0,4777.0,5.6,553.0,20856.0,0.423,2,0,0,-0.697,1
21.0,61053.0,5117.0,0.4,788.0,46389.0,0.393,0,0,0,0.731,1
40.0,63989.0,5196.0,3.7,610.0,36907.0,0.334,2,0,0,-0.573,1
41.0,66588.0,5396.0,20.5,688.0,24411.0,0.308,0,2,0,-0.239,0
57.0,90002.0,7443.0,13.2,632.0,66502.0,0.35,2,1,0,-0.399,1
31.0,56414.0,4742.0,2.2,580.0,43800.0,0.142,1,2,1,0.888,0
41.0,38083.0,3300.0,2.2,693.0,17155.0,0.319,0,0,0,0.69,0
41.0,51542.0,4379.0,2.7,678.0,32716.0,0.424,3,0,0,0.349,1
35.0,77210.0,6619.0,14.3,660.0,48832.0,0.404,1,0,1,1.529,0
46.0,24616.0,2078.0,24.8,662.0,12471.0,0.195,1,1,0,-0.245,0
47.0,24680.0,2072.0,13.5,774.0,9060.0,0.319,1,2,1,0.602,0
42.0,83143.0,7276.0,15.0,821.0,12534.0,0.188,0,5,0,-0.408,0
35.0,109004.0,8843.0,12.6,754.0,87036.0,0.316,0,6,1,-1.12,0
34.0,31124.0,2572.0,7.8,683.0,3229.0,0.225,1,3,1,0.528,0
23.0,57543.0,4763.0,2.0,546.0,8697.0,0.213,1,3,1,0.026,0
29.0,45949.0,3898.0,8.8,708.0,15213.0,0.336,0,4,0,-0.201,0
31.0,48909.0,3996.0,1.9,708.0,17065.0,0.227,1,3,0,0.282,0
26.0,63106.0,5339.0,0.8,714.0,15800.0,0.221,2,3,0,0.193,0
43.0,30739.0,2591.0,17.2,589.0,3337.0,0.335,2,4,0,-0.146,1
51.0,33418.0,2830.0,21.9,730.0,24213.0,0.152,0,2,1,-1.939,0
28.0,48027.0,4066.0,1.5,770.0,20889.0,0.268,0,0,0,-0.781,0
41.0,51517.0,4425.0,6.4,594.0,40048.0,0.146,2,3,0,-0.134,0
27.0,33137.0,2759.0,4.5,710.0,23477.0,0.164,0,5,0,0.235,0
35.0,78467.0,6608.0,7.2,607.0,32996.0,0.417,4,0,1,0.24,1
30.0,45578.0,3742.0,9.3,657.0,15550.0,0.258,0,1,0,-1.004,0
45.0,45491.0,3718.0,20.6,604.0,10976.0,0.228,1,6,0,-0.313,0
31.0,62460.0,5389.0,5.1,638.0,49643.0,0.385,1,3,1,-3.149,0
49.0,51900.0,4255.0,19.4,646.0,26147.0,0.462,0,1,1,0.353,0
35.0,80174.0,6767.0,9.8,694.0,54561.0,0.325,0,1,0,0.919,0
31.0,36136.0,3043.0,1.0,723.0,28493.0,0.402,0,2,0,1.279,0
24.0,29327.0,2501.0,1.8,746.0,6392.0,0.245,0,3,0,-1.136,0
41.0,47843.0,3855.0,9.1,619.0,35578.0,0.305,3,1,1,-1.077,1
48.0,56511.0,4793.0,25.0,698.0,36498.0,0.301,0,2,0,1.023,0
41.0,31469.0,2619.0,18.6,592.0,12304.0,0.332,1,2,0,1.194,0
63.0,29454.0,2425.0,2.5,653.0,22432.0,0.396,1,3,0,-0.296,1
54.0,59702.0,4950.0,28.5,677.0,29399.0,0.153,1,3,0,0.153,0
35.0,39108.0,3327.0,8.9,600.0,13503.0,0.211,0,1,0,0.578,0
35.0,28608.0,2419.0,0.2,699.0,4861.0,0.251,0,3,0,-1.29,0
43.0,84922.0,7059.0,8.8,654.0,50607.0,0.203,0,1,0,0.574,0
29.0,41389.0,3371.0,7.8,675.0,26097.0,0.323,2,1,0,0.99,0
51.0,92273.0,7525.0,11.0,751.0,18933.0,0.322,0,1,0,-0.226,0
42.0,55709.0,4712.0,14.9,637.0,18322.0,0.306,1,2,0,1.737,0
41.0,62801.0,5100.0,11.8,725.0,5733.0,0.26,0,1,0,-0.32,0
46.0,50007.0,4157.0,15.1,769.0,23400.0,0.435,1,4,0,-1.694,0
57.0,16652.0,1462.0,17.8,766.0,8327.0,0.322,0,2,0,-0.097,0
40.0,32976.0,2773.0,9.6,652.0,22628.0,0.285,0,2,0,-1.357,0
37.0,51975.0,4396.0,15.1,599.0,3618.0,0.307,1,4,0,0.457,0
55.0,64810.0,5286.0,14.3,617.0,9056.0,0.374,0,3,0,1.075,0
49.0,24581.0,1998.0,5.5,552.0,1811.0,0.321,4,0,1,-1.156,0
34.0,53689.0,4545.0,6.1,711.0,40714.0,0.214,1,1,0,0.783,0
38.0,33192.0,2750.0,13.2,719.0,14427.0,0.476,2,4,0,0.619,0
40.0,61124.0,5213.0,9.6,673.0,14334.0,0.346,0,5,1,-0.735,1
42.0,54522.0,4556.0,16.1,572.0,3507.0,0.185,1,2,1,-0.186,1
23.0,76854.0,6860.0,0.7,635.0,9406.0,0.118,0,1,0,0.138,0
21.0,88890.0,7338.0,0.6,757.0,52456.0,0.369,2,3,0,0.143,1
28.0,67618.0,5679.0,7.1,706.0,27738.0,0.429,0,1,0,-0.38,0
27.0,81005.0,6643.0,3.9,717.0,48669.0,0.345,0,1,0,-0.672,0
31.0,46978.0,4003.0,7.0,850.0,11693.0,0.361,0,1,0,-1.217,0
45.0,195926.0,16504.0,17.0,691.0,74386.0,0.364,1,3,0,-0.943,0
36.0,31781.0,2603.0,11.9,515.0,16459.0,0.3,5,1,1,-0.594,0
40.0,43373.0,3599.0,7.1,586.0,9075.0,0.132,2,0,0,0.838,1
25.0,82512.0,7078.0,2.8,683.0,21919.0,0.23,1,3,1,-1.775,1
33.0,77174.0,6605.0,5.4,664.0,12055.0,0.379,1,2,0,-0.106,1
44.0,68488.0,5557.0,9.6,653.0,39986.0,0.359,1,4,1,1.423,0
45.0,74532.0,6166.0,11.7,655.0,36276.0,0.28,1,2,1,-2.388,0
30.0,21536.0,1864.0,4.1,607.0,8259.0,0.245,1,1,0,0.32,0
40.0,112451.0,9358.0,0.5,686.0,53471.0,0.317,0,2,1,-0.395,0
62.0,50178.0,4205.0,31.3,773.0,8899.0,0.266,0,4,0,0.018,0
38.0,96350.0,8210.0,10.4,786.0,63559.0,0.292,0,3,0,-0.084,0
30.0,22026.0,1790.0,1.4,780.0,13582.0,0.313,0,2,0,1.233,0
36.0,61731.0,5058.0,4.2,595.0,11513.0,0.222,2,2,1,-0.439,0
39.0,42681.0,3541.0,11.6,664.0,30486.0,0.38,2,0,0,-0.281,0
36.0,71150.0,6084.0,8.5,642.0,24581.0,0.284,2,3,0,-0.394,1
38.0,63435.0,5405.0,12.8,708.0,25230.0,0.349,0,3,1,0.466,0
22.0,64849.0,5493.0,1.0,655.0,29081.0,0.306,1,2,0,-0.338,1
27.0,34152.0,2844.0,6.3,647.0,22017.0,0.454,2,1,1,0.248,0
36.0,53608.0,4577.0,1.3,762.0,9275.0,0.354,2,0,1,0.806,0
36.0,50717.0,4222.0,9.9,672.0,12617.0,0.341,2,1,1,-0.127,0
32.0,68733.0,5805.0,4.4,671.0,51708.0,0.337,1,3,0,-0.841,1
36.0,85843.0,7298.0,4.9,691.0,64670.0,0.508,2,3,0,-2.399,1
39.0,58853.0,5081.0,17.6,716.0,38651.0,0.296,0,1,1,1.319,0
48.0,30971.0,2583.0,24.0,720.0,5461.0,0.316,1,0,1,0.654,0
37.0,57728.0,4785.0,3.1,770.0,28647.0,0.31,0,2,0,-0.964,0
42.0,178095.0,15255.0,1.3,571.0,68474.0,0.103,1,0,0,-0.238,1
32.0,115357.0,9896.0,10.4,688.0,12754.0,0.309,0,2,0,1.936,0
44.0,15000.0,1239.0,4.1,655.0,1600.0,0.402,1,3,0,-0.877,1
42.0,56590.0,4621.0,20.5,649.0,39196.0,0.351,2,2,0,1.03,0
48.0,83662.0,7156.0,7.6,717.0,9862.0,0.451,3,1,0,1.658,0
46.0,50668.0,4092.0,10.6,756.0,12846.0,0.379,2,1,0,-0.33,0
44.0,44714.0,3607.0,1.1,619.0,7290.0,0.35,1,1,0,-1.099,0
37.0,48774.0,4051.0,9.1,783.0,23476.0,0.389,0,2,1,0.232,0
41.0,70515.0,5888.0,3.9,562.0,43720.0,0.336,1,3,0,-0.258,0
50.0,32803.0,2676.0,12.8,708.0,8164.0,0.272,1,6,0,0.252,0
31.0,93901.0,7860.0,10.0,603.0,59771.0,0.287,3,2,0,-0.595,1
31.0,53631.0,4493.0,2.8,616.0,9719.0,0.062,1,2,0,-0.59,0
40.0,36110.0,2980.0,12.7,671.0,11467.0,0.46,0,2,1,0.582,0
43.0,91222.0,7911.0,4.6,634.0,21178.0,0.28,1,3,1,-1.988,1
29.0,27441.0,2306.0,5.4,462.0,10723.0,0.196,3,1,0,0.272,1
37.0,42841.0,3651.0,5.0,705.0,33662.0,0.263,3,0,0,-0.617,1
37.0,42524.0,3440.0,11.6,720.0,25625.0,0.476,1,5,0,0.057,0
21.0,144331.0,11675.0,0.8,649.0,29490.0,0.307,0,7,0,-1.665,0
36.0,40410.0,3398.0,13.7,650.0,31311.0,0.326,2,1,0,1.916,1
36.0,20855.0,1802.0,14.9,641.0,11700.0,0.509,0,1,0,0.184,1
36.0,42331.0,3456.0,3.9,542.0,16536.0,0.384,3,1,0,0.997,1
54.0,67514.0,5642.0,4.3,535.0,49770.0,0.271,2,3,1,-1.082,1
25.0,78271.0,6361.0,0.2,716.0,48694.0,0.13,1,2,0,-0.649,0
29.0,153205.0,12584.0,6.4,738.0,91447.0,0.364,0,2,0,0.075,0
21.0,103590.0,8666.0,0.2,702.0,20790.0,0.232,0,5,0,0.001,0
33.0,59853.0,4939.0,10.2,692.0,8737.0,0.366,1,1,1,0.367,0
34.0,36826.0,2989.0,13.2,721.0,25749.0,0.295,0,2,0,-0.082,0
32.0,114222.0,9266.0,1.8,711.0,63978.0,0.341,0,3,1,-0.097,0
50.0,46594.0,3736.0,8.6,609.0,30889.0,0.39,3,2,0,0.094,1
47.0,40901.0,3441.0,14.4,683.0,25535.0,0.127,0,2,0,-0.128,0
39.0,45588.0,3844.0,8.1,643.0,33158.0,0.313,0,5,0,-0.359,1
34.0,31306.0,2640.0,5.9,643.0,10382.0,0.298,1,1,0,-0.562,0
49.0,44615.0,3650.0,6.4,743.0,13949.0,0.329,1,1,0,0.912,0
38.0,49523.0,4210.0,15.8,778.0,11274.0,0.35,0,2,0,-0.919,0
29.0,76411.0,6458.0,6.1,499.0,9863.0,0.315,2,0,0,-1.249,1
21.0,46187.0,3849.0,0.2,642.0,19037.0,0.235,0,2,0,-0.005,0
33.0,31093.0,2583.0,0.1,639.0,13173.0,0.187,0,3,1,0.516,1
46.0,26726.0,2198.0,20.1,751.0,3631.0,0.141,0,3,0,3.504,0
63.0,60439.0,5056.0,0.7,559.0,30379.0,0.312,2,6,1,-0.666,0
39.0,56827.0,4889.0,16.4,459.0,18328.0,0.353,3,2,0,0.109,1
30.0,42858.0,3653.0,5.1,720.0,16808.0,0.266,1,2,0,-0.396,0
25.0,44566.0,3695.0,4.6,730.0,19276.0,0.383,1,2,0,0.045,0
44.0,65507.0,5518.0,18.6,544.0,18532.0,0.289,2,4,0,0.608,1
21.0,102830.0,8380.0,0.9,652.0,57975.0,0.291,3,6,0,-0.796,0
44.0,38717.0,3273.0,17.9,776.0,16741.0,0.156,1,2,1,0.36,0
47.0,57245.0,4691.0,15.6,592.0,21815.0,0.256,2,2,0,-0.817,0
43.0,84653.0,7152.0,3.9,669.0,30238.0,0.392,0,2,1,-0.436,0
36.0,38787.0,3424.0,11.3,701.0,2629.0,0.44,1,2,0,0.822,0
44.0,54614.0,4499.0,14.3,567.0,34321.0,0.281,3,2,0,-0.368,1
40.0,54068.0,4769.0,9.0,625.0,41895.0,0.387,3,2,0,-0.142,1
29.0,30485.0,2565.0,5.3,544.0,4519.0,0.441,1,2,0,1.063,1
58.0,59333.0,4870.0,8.9,653.0,15847.0,0.206,0,2,1,2.146,0
34.0,55786.0,4575.0,5.7,607.0,38224.0,0.332,1,3,0,1.049,0
47.0,70606.0,6162.0,3.3,676.0,41059.0,0.319,3,2,0,0.028,0
21.0,32241.0,2713.0,0.4,705.0,9166.0,0.408,0,2,1,-0.819,0
52.0,55247.0,4552.0,15.0,765.0,29676.0,0.216,1,3,0,-0.754,0
54.0,102423.0,8501.0,29.3,838.0,75581.0,0.332,0,2,1,-1.048,0
38.0,140079.0,11774.0,9.7,679.0,30083.0,0.274,1,3,0,-0.688,0
44.0,97846.0,8152.0,21.9,649.0,54767.0,0.342,1,3,0,-0.037,0
44.0,32384.0,2717.0,23.4,645.0,21340.0,0.422,1,2,1,-0.221,0
31.0,67377.0,5814.0,0.5,593.0,8185.0,0.448,5,7,1,-0.256,1
44.0,44253.0,3605.0,14.3,699.0,33229.0,0.423,0,5,0,0.45,1
29.0,62495.0,5275.0,2.7,627.0,48090.0,0.201,4,2,0,0.5,0
31.0,38855.0,3233.0,9.6,701.0,23305.0,0.253,1,2,0,0.208,1
50.0,25439.0,2099.0,15.0,602.0,11109.0,0.401,2,1,0,0.551,1
49.0,47101.0,4009.0,2.2,628.0,23690.0,0.36,3,0,0,2.901,1
30.0,76135.0,6159.0,2.2,691.0,40833.0,0.274,0,1,0,0.567,1
30.0,62611.0,4971.0,6.7,655.0,10368.0,0.208,1,2,0,1.065,0
31.0,65934.0,5519.0,0.9,526.0,17879.0,0.02,2,6,0,0.806,0
46.0,60624.0,5038.0,9.9,664.0,7618.0,0.141,2,1,0,-0.295,0
27.0,65981.0,5350.0,6.1,607.0,21632.0,0.269,1,3,0,0.934,0
42.0,69799.0,5618.0,0.6,743.0,42495.0,0.271,0,3,1,-0.676,0
46.0,48605.0,4207.0,18.3,737.0,34711.0,0.341,0,3,0,-1.168,0
37.0,57090.0,4802.0,11.5,506.0,18752.0,0.36,3,3,0,1.104,1
49.0,120518.0,10047.0,9.3,721.0,61715.0,0.526,1,2,1,2.121,0
35.0,58630.0,5100.0,1.7,688.0,29088.0,0.223,1,2,0,-0.421,0
36.0,56064.0,4767.0,1.6,557.0,22672.0,0.105,1,2,0,0.614,1
27.0,57606.0,4970.0,7.0,725.0,32873.0,0.207,1,4,0,-1.377,1
49.0,49863.0,4057.0,19.8,580.0,8133.0,0.468,5,2,0,1.877,1
30.0,45215.0,3676.0,3.6,742.0,4799.0,0.301,0,2,1,-0.267,0
42.0,60415.0,5097.0,18.2,624.0,18791.0,0.401,1,3,0,0.256,1
37.0,43806.0,3681.0,1.8,555.0,34036.0,0.244,4,3,1,-0.248,1
26.0,51514.0,4400.0,0.8,809.0,39400.0,0.25,0,3,0,-0.091,0
31.0,38536.0,3107.0,2.2,553.0,20224.0,0.129,4,2,0,-1.521,1
53.0,57739.0,4879.0,25.4,616.0,27948.0,0.267,2,1,0,-0.853,0
40.0,71537.0,6079.0,8.3,621.0,37551.0,0.301,2,1,0,0.017,0
27.0,49997.0,4244.0,4.4,630.0,18601.0,0.387,1,1,0,0.382,0
41.0,22277.0,1841.0,5.0,711.0,5932.0,0.356,0,1,0,1.05,0
36.0,71737.0,6040.0,12.7,670.0,3886.0,0.499,2,2,0,0.07,0
70.0,58056.0,4763.0,40.0,750.0,3739.0,0.285,1,1,0,2.371,0
41.0,35177.0,2914.0,8.7,690.0,27407.0,0.324,2,3,0,0.548,0
34.0,77891.0,6355.0,2.9,544.0,47391.0,0.298,2,1,0,0.687,1
54.0,29313.0,2406.0,21.2,709.0,16639.0,0.23,0,3,0,-0.703,1
21.0,88038.0,7301.0,0.3,676.0,60159.0,0.341,1,2,1,1.088,1
39.0,53598.0,4423.0,2.8,618.0,27078.0,0.272,4,4,1,0.556,0
60.0,19813.0,1626.0,24.6,817.0,10912.0,0.466,1,3,0,1.521,0
37.0,59596.0,4837.0,8.6,707.0,38295.0,0.221,0,2,1,-1.358,0
21.0,45812.0,3967.0,0.8,726.0,6591.0,0.266,2,3,0,-2.392,0
34.0,42809.0,3532.0,4.0,730.0,8165.0,0.176,0,1,0,0.093,0
54.0,39463.0,3310.0,7.7,634.0,18428.0,0.334,3,3,0,0.721,1
42.0,51940.0,4176.0,14.2,711.0,6371.0,0.167,0,5,1,0.954,0
29.0,44212.0,3784.0,6.2,685.0,24076.0,0.299,1,3,0,0.078,0
30.0,23851.0,1994.0,4.3,623.0,16079.0,0.183,1,2,1,2.184,0
32.0,97491.0,8052.0,5.2,577.0,66118.0,0.202,2,5,0,-0.129,0
42.0,49273.0,4070.0,2.7,663.0,14412.0,0.224,2,2,0,-0.033,0
53.0,39566.0,3354.0,15.4,709.0,7993.0,0.373,0,5,0,0.356,0
50.0,33100.0,2595.0,28.4,675.0,25455.0,0.291,0,6,0,-0.996,1
43.0,77802.0,6377.0,2.6,649.0,57129.0,0.288,1,5,1,0.02,1
23.0,30662.0,2549.0,1.9,663.0,8743.0,0.356,1,2,0,-0.594,1
23.0,58418.0,4855.0,0.1,640.0,42097.0,0.234,0,2,0,0.612,0
44.0,42296.0,3701.0,7.8,772.0,30062.0,0.103,0,2,0,-0.206,0
23.0,43419.0,3594.0,2.4,680.0,13179.0,0.19,1,4,0,-0.112,0
36.0,33473.0,2845.0,8.8,630.0,10791.0,0.271,0,2,0,-0.313,0
41.0,41604.0,3593.0,1.7,534.0,31158.0,0.295,3,1,0,0.406,1
25.0,55219.0,4663.0,2.5,647.0,33485.0,0.356,2,4,0,1.375,0
27.0,61144.0,5027.0,0.5,620.0,31376.0,0.285,1,0,1,-0.79,0
37.0,38622.0,3136.0,6.3,620.0,29533.0,0.402,0,3,0,0.043,1
44.0,52795.0,4465.0,18.1,735.0,36886.0,0.336,1,0,0,0.795,0
50.0,82034.0,7061.0,7.7,669.0,8701.0,0.159,0,7,0,0.403,0
45.0,26027.0,2193.0,11.2,548.0,11038.0,0.045,2,2,0,1.487,1
39.0,54845.0,4683.0,9.4,708.0,39586.0,0.199,0,3,1,-1.97,0
30.0,35855.0,3143.0,8.4,553.0,4782.0,0.314,3,1,0,-0.616,0
26.0,34248.0,2902.0,0.8,709.0,3568.0,0.337,1,2,0,-0.079,0
32.0,61855.0,5041.0,6.8,630.0,42945.0,0.289,2,4,0,0.533,0
43.0,43033.0,3590.0,0.7,666.0,27242.0,0.312,1,2,0,-0.213,1
42.0,31810.0,2723.0,2.0,659.0,5580.0,0.432,2,0,0,-0.292,0
21.0,99809.0,8276.0,0.2,650.0,18547.0,0.301,1,3,0,-0.112,0
29.0,83210.0,7143.0,6.7,678.0,56122.0,0.335,0,2,1,-0.31,0
51.0,23053.0,1919.0,1.3,666.0,4769.0,0.46,0,1,0,1.293,0
39.0,28328.0,2376.0,17.8,800.0,4475.0,0.119,0,4,0,0.387,0
22.0,71836.0,5944.0,1.0,676.0,52488.0,0.471,2,2,0,-0.142,1
64.0,48383.0,4045.0,36.8,696.0,31632.0,0.044,0,3,0,0.341,0
38.0,108050.0,9042.0,3.9,612.0,38124.0,0.217,1,2,0,-1.262,0
42.0,72580.0,5854.0,7.5,690.0,37707.0,0.244,1,0,0,-0.554,1
42.0,62934.0,5198.0,16.3,596.0,23462.0,0.137,1,3,0,-0.534,0
34.0,34726.0,2822.0,5.3,743.0,8885.0,0.284,0,3,0,1.135,0
30.0,68613.0,5671.0,5.1,559.0,54211.0,0.295,2,3,0,1.4,1
61.0,30977.0,2540.0,33.5,618.0,14225.0,0.374,2,3,0,-0.647,1
49.0,98958.0,8413.0,18.9,555.0,52267.0,0.371,3,2,1,1.237,1
47.0,66506.0,5656.0,22.6,701.0,23690.0,0.317,1,1,0,0.244,0
44.0,37946.0,3198.0,2.1,631.0,16148.0,0.412,1,2,0,-0.212,0
27.0,78999.0,6416.0,4.2,710.0,20997.0,0.364,0,4,0,-0.508,1
52.0,150810.0,12543.0,19.3,601.0,56095.0,0.268,2,4,0,-0.238,0
29.0,49869.0,4044.0,5.3,700.0,25975.0,0.312,1,0,0,-0.146,0
41.0,70458.0,5854.0,12.4,707.0,46438.0,0.236,0,1,0,-1.39,0
21.0,45287.0,3823.0,0.7,675.0,29515.0,0.177,1,2,0,-0.21,1
21.0,57154.0,4857.0,0.8,663.0,3347.0,0.343,2,1,1,0.043,0
42.0,27913.0,2348.0,4.9,672.0,12593.0,0.15,1,3,0,-1.252,0
29.0,54987.0,4698.0,1.0,597.0,18145.0,0.281,3,2,0,-0.468,1
21.0,56089.0,4698.0,0.1,585.0,28341.0,0.07,3,0,0,-0.42,0
44.0,123579.0,10250.0,3.8,700.0,87896.0,0.307,0,2,1,-1.338,1
61.0,24522.0,2079.0,27.1,648.0,15480.0,0.227,2,2,0,1.209,0
53.0,48470.0,4112.0,13.9,699.0,14446.0,0.357,0,3,0,0.016,0
35.0,98198.0,8097.0,5.3,771.0,59348.0,0.278,1,5,0,-1.669,0
38.0,49330.0,4142.0,16.5,636.0,6217.0,0.287,2,1,0,0.624,0
48.0,50919.0,4218.0,25.0,630.0,7440.0,0.305,1,3,0,-0.703,0
50.0,37802.0,3024.0,16.4,645.0,8285.0,0.239,1,3,0,-1.331,0
34.0,36149.0,3039.0,6.5,666.0,12645.0,0.243,3,2,0,-0.093,0
38.0,24184.0,1963.0,5.0,705.0,10472.0,0.243,0,3,1,1.743,0
41.0,41438.0,3476.0,9.8,663.0,14436.0,0.287,0,4,0,-0.024,1
44.0,35238.0,2846.0,9.9,810.0,18354.0,0.244,1,4,0,-0.619,0
37.0,58000.0,4764.0,0.1,690.0,8302.0,0.345,1,4,0,0.697,0
37.0,38586.0,3188.0,12.7,721.0,17021.0,0.123,1,3,0,-0.785,0
53.0,44324.0,3782.0,14.6,665.0,11272.0,0.15,0,3,0,1.54,0
51.0,44873.0,3700.0,7.0,734.0,14516.0,0.489,0,1,1,-0.085,0
43.0,53821.0,4389.0,15.5,653.0,23232.0,0.257,0,1,0,0.668,0
57.0,43358.0,3640.0,16.5,623.0,6482.0,0.199,0,4,0,-1.704,0
34.0,34108.0,2830.0,4.3,726.0,11637.0,0.297,0,5,0,0.03,0
56.0,57164.0,4839.0,8.3,660.0,35473.0,0.377,1,5,0,-1.097,1
44.0,88917.0,7260.0,1.4,678.0,22956.0,0.364,0,0,0,-0.301,0
70.0,58273.0,4877.0,25.2,741.0,36329.0,0.225,0,3,1,0.21,0
25.0,41801.0,3655.0,1.8,671.0,9329.0,0.249,0,2,0,-0.454,0
30.0,52035.0,4316.0,0.4,650.0,32034.0,0.267,0,2,0,-0.481,0
43.0,21858.0,1828.0,18.4,632.0,4280.0,0.331,3,0,0,1.395,0
42.0,51656.0,4162.0,18.1,743.0,39435.0,0.305,0,2,1,-2.266,0
59.0,45933.0,3762.0,19.3,646.0,7594.0,0.208,2,3,0,0.76,0
31.0,36136.0,3039.0,8.9,661.0,28904.0,0.249,0,6,0,-0.231,1
48.0,39208.0,3246.0,13.4,687.0,8694.0,0.273,0,1,0,-0.671,0
51.0,45729.0,3858.0,5.2,682.0,26644.0,0.448,0,3,1,-0.55,1
46.0,85965.0,7225.0,13.3,738.0,23970.0,0.282,0,5,0,0.255,0
27.0,89906.0,7295.0,2.3,656.0,10037.0,0.631,1,2,0,0.5,0
53.0,36222.0,3080.0,15.1,764.0,2487.0,0.273,2,3,0,-0.625,0
52.0,43563.0,3540.0,30.6,658.0,6990.0,0.132,2,2,1,0.266,0
45.0,44065.0,3616.0,8.7,690.0,15690.0,0.335,1,2,0,-2.022,0
40.0,79172.0,6628.0,4.4,649.0,38411.0,0.405,0,7,0,0.961,1
40.0,58722.0,5047.0,2.6,808.0,24011.0,0.348,0,2,0,0.214,0
37.0,57345.0,4683.0,15.1,643.0,29983.0,0.32,1,1,0,-1.457,1
45.0,70011.0,5851.0,0.4,642.0,8532.0,0.262,4,2,0,1.117,0
38.0,42054.0,3515.0,16.6,676.0,23437.0,0.271,2,5,0,0.356,1
29.0,101604.0,8578.0,0.5,642.0,64913.0,0.067,3,2,0,0.205,0
26.0,54957.0,4688.0,4.9,684.0,12255.0,0.386,0,0,0,-0.848,0
30.0,37419.0,3093.0,2.9,747.0,24095.0,0.262,1,1,0,-1.192,0
40.0,49600.0,4217.0,5.1,673.0,11780.0,0.415,1,1,0,-0.812,0
38.0,95746.0,8191.0,3.2,674.0,36676.0,0.247,0,1,0,2.803,0
40.0,45423.0,3920.0,2.7,645.0,29723.0,0.295,2,1,0,-0.385,0
44.0,84321.0,7097.0,1.6,625.0,47677.0,0.425,1,4,0,0.666,1
31.0,41510.0,3470.0,1.7,668.0,17758.0,0.434,0,2,1,0.752,0
54.0,38970.0,3217.0,20.1,671.0,12753.0,0.384,3,4,0,1.777,1
35.0,74006.0,5987.0,8.6,746.0,34986.0,0.113,0,3,0,0.486,0
33.0,37116.0,3076.0,3.7,595.0,16325.0,0.172,3,2,0,-1.239,1
43.0,79637.0,6651.0,15.8,770.0,62004.0,0.37,1,2,0,-0.394,1
21.0,64429.0,5357.0,0.8,650.0,43143.0,0.23,1,1,0,-0.766,0
29.0,37122.0,3130.0,9.1,675.0,5098.0,0.307,0,1,0,0.438,0
49.0,53260.0,4309.0,12.7,592.0,19136.0,0.321,1,4,0,0.803,0
21.0,42965.0,3567.0,0.4,700.0,21073.0,0.326,0,3,0,0.814,0
50.0,64352.0,5577.0,29.5,608.0,37261.0,0.194,1,1,0,0.849,0
55.0,128617.0,10932.0,32.6,702.0,23540.0,0.402,0,3,0,2.211,0
34.0,46549.0,3927.0,12.9,686.0,31331.0,0.248,0,3,1,1.017,0
41.0,69933.0,5873.0,12.9,644.0,36540.0,0.359,1,3,0,-1.455,1
50.0,55608.0,4600.0,18.7,525.0,5593.0,0.279,0,2,0,-0.669,0
33.0,55599.0,4471.0,11.9,817.0,5244.0,0.492,0,5,0,1.734,0
48.0,51059.0,4294.0,13.2,593.0,28830.0,0.445,1,3,0,-0.431,0
31.0,37393.0,2964.0,2.3,680.0,23059.0,0.513,1,1,0,0.266,1
33.0,63953.0,5295.0,12.6,615.0,18087.0,0.465,0,1,0,-0.55,0
29.0,48298.0,4025.0,7.8,737.0,8282.0,0.287,0,1,0,-1.307,0
42.0,36605.0,3023.0,1.2,634.0,7865.0,0.247,0,5,0,0.333,1
51.0,86809.0,7548.0,3.5,609.0,29877.0,0.186,2,3,0,1.203,0
36.0,57506.0,4967.0,14.1,709.0,30128.0,0.327,1,1,0,-0.205,1
24.0,49635.0,4222.0,1.2,572.0,9470.0,0.302,2,5,1,-2.195,1
26.0,100520.0,8222.0,4.2,633.0,64684.0,0.296,0,2,0,-0.172,0
42.0,24073.0,2083.0,2.6,710.0,5697.0,0.217,0,4,0,-0.242,0
58.0,97524.0,8228.0,6.5,769.0,64090.0,0.336,1,1,0,-0.008,0
42.0,37012.0,3026.0,16.7,601.0,27501.0,0.262,1,3,0,-0.564,1
34.0,60493.0,5044.0,13.5,624.0,10473.0,0.252,1,0,0,-1.552,0
46.0,42212.0,3585.0,13.3,691.0,31165.0,0.316,0,4,0,-0.8,0
35.0,36306.0,2989.0,0.7,521.0,21022.0,0.292,2,2,0,-0.961,1
34.0,99343.0,8302.0,3.2,757.0,71069.0,0.157,0,2,0,0.802,0
27.0,126802.0,10634.0,1.6,591.0,39323.0,0.221,3,5,1,0.034,0
53.0,49788.0,4058.0,31.3,645.0,34740.0,0.353,1,2,0,0.746,0
21.0,63962.0,5301.0,0.4,678.0,26070.0,0.295,0,2,0,-0.343,0
47.0,56429.0,4606.0,25.4,676.0,10848.0,0.106,1,2,0,-0.564,0
33.0,119828.0,10159.0,11.1,598.0,95556.0,0.37,0,1,0,-0.362,1
33.0,21251.0,1739.0,6.1,784.0,16173.0,0.295,0,3,0,-0.813,1
57.0,65173.0,5463.0,0.9,480.0,9360.0,0.194,3,1,0,0.576,1
30.0,39651.0,3212.0,9.9,586.0,15549.0,0.233,0,1,0,-1.829,0
31.0,19052.0,1552.0,0.1,615.0,15044.0,0.317,6,2,1,-0.306,0
37.0,46763.0,3805.0,14.2,601.0,21574.0,0.079,1,1,0,-0.383,0
43.0,126337.0,10467.0,9.3,750.0,53417.0,0.342,1,4,0,-0.278,0
33.0,40940.0,3424.0,4.0,546.0,8046.0,0.399,4,2,1,0.417,0
21.0,78506.0,6590.0,0.4,769.0,28627.0,0.389,1,2,0,-1.749,0
28.0,94324.0,7582.0,3.0,642.0,39960.0,0.415,2,2,0,0.399,1
52.0,54687.0,4542.0,22.1,576.0,32021.0,0.222,3,1,0,0.167,0
39.0,58064.0,4766.0,10.8,518.0,22501.0,0.403,1,1,1,0.433,1
43.0,25406.0,2140.0,5.9,648.0,13370.0,0.327,1,0,0,0.486,0
35.0,39847.0,3303.0,8.0,615.0,5026.0,0.216,5,3,0,-0.235,0
31.0,82722.0,6882.0,4.4,679.0,51523.0,0.347,1,2,0,0.147,0
56.0,56522.0,4640.0,33.6,645.0,2965.0,0.344,0,5,0,1.365,0
36.0,64886.0,5594.0,14.2,734.0,34495.0,0.454,0,1,0,-1.749,0
33.0,58396.0,4741.0,8.1,654.0,39110.0,0.42,2,2,0,1.454,1
50.0,147486.0,12192.0,29.0,645.0,92193.0,0.231,4,4,0,2.213,0
30.0,45313.0,3784.0,3.8,730.0,7272.0,0.334,0,4,0,0.876,0
31.0,113269.0,9392.0,1.0,676.0,77384.0,0.333,0,2,0,-0.213,0
38.0,58405.0,4793.0,0.9,715.0,6389.0,0.325,0,2,0,0.014,0
38.0,117887.0,9468.0,15.0,748.0,11761.0,0.27,1,0,0,1.037,0
41.0,31693.0,2605.0,8.0,643.0,21138.0,0.475,1,3,0,0.793,1
61.0,59765.0,4885.0,35.3,680.0,11170.0,0.238,0,3,0,0.38,0
42.0,46071.0,3968.0,10.0,724.0,17751.0,0.467,0,3,0,-1.011,0
21.0,58563.0,5101.0,0.0,488.0,44067.0,0.158,6,0,0,1.482,1
42.0,95336.0,7937.0,11.4,659.0,19708.0,0.262,2,6,0,0.664,0
38.0,65222.0,5282.0,10.9,650.0,41445.0,0.376,0,4,0,0.465,0
38.0,95250.0,8055.0,8.3,690.0,46513.0,0.195,0,2,0,1.072,0
41.0,40680.0,3323.0,17.4,613.0,14412.0,0.227,2,2,1,-0.095,0
38.0,37980.0,3130.0,11.4,742.0,14980.0,0.353,2,1,0,0.392,0
37.0,55400.0,4559.0,6.4,612.0,19818.0,0.127,1,0,1,-0.507,0
45.0,54052.0,4459.0,17.8,637.0,36240.0,0.41,0,5,0,-0.194,1
32.0,50587.0,4186.0,3.8,615.0,33412.0,0.448,0,4,0,0.613,1
28.0,35729.0,2899.0,6.4,749.0,11793.0,0.452,0,1,0,0.098,0
70.0,94323.0,7750.0,14.0,521.0,54041.0,0.333,3,2,0,0.182,0
30.0,46715.0,3972.0,6.7,788.0,20970.0,0.257,0,2,1,-0.201,0
39.0,104488.0,8701.0,7.9,767.0,63859.0,0.264,0,0,0,-1.814,0
22.0,55316.0,4621.0,0.2,621.0,4842.0,0.329,0,2,0,1.3,0
39.0,73635.0,5862.0,12.1,738.0,22240.0,0.313,0,3,0,-0.809,0
28.0,70690.0,6002.0,3.0,671.0,21338.0,0.262,0,5,0,0.897,0
33.0,37955.0,3120.0,8.3,780.0,18887.0,0.458,0,3,0,0.029,0
49.0,64882.0,5528.0,15.9,735.0,13348.0,0.275,0,4,0,0.454,0
43.0,130985.0,10949.0,1.0,814.0,58782.0,0.444,0,2,0,-0.201,0
44.0,61594.0,5075.0,5.0,553.0,48345.0,0.31,0,1,1,-0.368,0
21.0,82509.0,6645.0,0.7,674.0,6818.0,0.304,2,2,0,-0.962,0
58.0,75136.0,6534.0,17.9,548.0,32127.0,0.352,3,3,0,1.315,1
25.0,63150.0,5347.0,2.3,625.0,9707.0,0.351,1,1,0,0.763,0
55.0,59815.0,5071.0,0.1,818.0,29118.0,0.286,0,2,0,0.481,0
49.0,70360.0,6077.0,8.9,697.0,16228.0,0.356,1,5,0,0.776,0
44.0,77541.0,6491.0,16.3,737.0,56363.0,0.369,1,3,1,0.443,0
29.0,29930.0,2562.0,7.6,700.0,8635.0,0.465,0,4,0,-1.125,0
40.0,61474.0,5074.0,11.3,697.0,47257.0,0.307,0,1,0,0.614,1
33.0,50628.0,4281.0,6.9,627.0,2688.0,0.222,1,1,1,-0.403,1
38.0,46115.0,3795.0,8.6,615.0,31086.0,0.232,2,5,1,0.534,0
35.0,98545.0,8129.0,10.3,627.0,24268.0,0.537,1,3,0,-0.624,1
21.0,39544.0,3302.0,0.8,469.0,7957.0,0.112,4,5,0,-2.062,1
50.0,29362.0,2385.0,6.7,658.0,20938.0,0.181,1,2,1,-0.444,0
37.0,78681.0,6600.0,12.2,683.0,21895.0,0.303,0,3,1,-0.466,0
33.0,29025.0,2404.0,3.1,618.0,14162.0,0.238,1,4,0,1.416,0
32.0,23098.0,1848.0,0.4,651.0,13919.0,0.382,2,1,0,0.767,0
42.0,82769.0,6834.0,1.6,698.0,30161.0,0.373,0,1,0,3.001,0
28.0,59072.0,4889.0,0.4,722.0,7443.0,0.247,1,3,0,0.106,0
21.0,68037.0,5766.0,0.3,576.0,50467.0,0.45,2,2,0,-0.089,1
42.0,45071.0,3777.0,2.9,606.0,24141.0,0.19,2,1,0,-0.125,0
44.0,29499.0,2529.0,2.0,714.0,21218.0,0.226,1,3,0,0.029,0
36.0,32257.0,2716.0,2.3,702.0,20186.0,0.457,0,4,0,0.139,0
25.0,48660.0,4010.0,0.2,754.0,30679.0,0.169,3,5,0,-0.635,0
39.0,31024.0,2582.0,6.5,754.0,15276.0,0.335,0,4,0,-0.179,0
22.0,63150.0,5226.0,1.6,830.0,3451.0,0.457,0,0,0,-0.56,0
27.0,44667.0,3759.0,3.7,641.0,31802.0,0.04,2,4,0,0.045,0
30.0,59776.0,4987.0,0.6,771.0,40241.0,0.266,0,3,0,1.744,0
47.0,58977.0,4853.0,10.2,601.0,35107.0,0.395,2,3,0,1.225,1
34.0,65457.0,5456.0,6.0,831.0,46384.0,0.273,0,4,0,3.115,0
33.0,68862.0,5791.0,2.3,693.0,12957.0,0.306,0,2,1,0.196,0
60.0,47114.0,3847.0,14.7,705.0,12315.0,0.319,0,2,1,1.356,0
42.0,59747.0,5010.0,7.4,733.0,10028.0,0.331,0,2,0,-0.211,0
42.0,61163.0,4936.0,10.7,570.0,32720.0,0.219,1,3,0,0.595,1
34.0,18437.0,1570.0,9.7,590.0,6984.0,0.377,2,3,0,-0.172,0
31.0,73572.0,6196.0,5.5,671.0,9342.0,0.326,0,4,0,2.253,0
21.0,58839.0,5063.0,0.1,684.0,28344.0,0.185,0,2,0,-0.009,0
49.0,70892.0,5776.0,1.6,807.0,21568.0,0.253,0,3,0,-0.556,0
43.0,30823.0,2627.0,20.4,604.0,12880.0,0.159,3,2,0,0.345,0
36.0,47714.0,4051.0,11.1,773.0,11740.0,0.321,0,2,0,-0.412,0
36.0,33654.0,2794.0,10.8,647.0,5750.0,0.349,0,3,0,2.143,0
46.0,76892.0,6359.0,23.8,652.0,29843.0,0.321,0,1,1,0.413,0
21.0,29225.0,2383.0,0.5,649.0,6418.0,0.355,0,1,0,2.146,0
32.0,36214.0,2937.0,0.8,639.0,12811.0,0.313,1,1,1,0.309,0
26.0,69950.0,5742.0,3.9,696.0,23552.0,0.376,0,0,0,0.312,0
57.0,41435.0,3366.0,6.1,635.0,31296.0,0.287,0,2,0,0.344,0
48.0,36218.0,3114.0,18.4,570.0,6886.0,0.37,2,2,1,0.341,0
21.0,82711.0,6686.0,0.4,641.0,21905.0,0.171,4,3,0,0.738,0
21.0,84251.0,7042.0,0.0,692.0,54249.0,0.16,0,0,0,0.574,0
37.0,76117.0,6398.0,0.9,562.0,20696.0,0.309,2,2,1,-0.673,0
33.0,80580.0,6763.0,5.0,703.0,33054.0,0.368,0,2,0,0.122,0
23.0,49557.0,4167.0,2.0,744.0,30798.0,0.272,0,2,0,-0.197,0
59.0,50162.0,4259.0,6.7,767.0,2673.0,0.364,0,3,0,-0.411,0
41.0,41087.0,3393.0,2.3,685.0,31531.0,0.331,2,4,0,-1.495,0
43.0,59312.0,4951.0,8.7,538.0,23554.0,0.095,8,4,0,-1.273,1
30.0,43370.0,3593.0,8.4,710.0,26872.0,0.532,2,1,0,-0.277,1
46.0,45261.0,3870.0,20.3,738.0,33521.0,0.174,0,2,1,-0.242,0
34.0,72045.0,6256.0,9.5,616.0,50979.0,0.206,0,3,0,1.491,0
35.0,93726.0,7624.0,6.3,658.0,20178.0,0.415,2,2,1,-0.51,0
45.0,65795.0,5260.0,10.9,699.0,30686.0,0.302,1,2,0,-1.435,0
21.0,123319.0,10394.0,0.2,785.0,44147.0,0.223,2,4,1,-1.214,0
56.0,40039.0,3408.0,4.9,645.0,17988.0,0.253,1,5,1,-0.048,0
40.0,24053.0,2083.0,0.3,723.0,15267.0,0.212,0,3,0,0.844,0
52.0,75862.0,6415.0,27.6,696.0,23962.0,0.22,0,3,1,1.028,0
26.0,38862.0,3329.0,3.1,675.0,15852.0,0.379,1,3,0,-0.128,1
28.0,48627.0,4187.0,0.0,753.0,24604.0,0.25,1,2,1,2.015,0
25.0,24802.0,2127.0,2.8,603.0,6273.0,0.193,1,3,1,-0.471,0
41.0,36697.0,3112.0,5.4,679.0,18530.0,0.224,0,5,0,-1.159,0
39.0,27976.0,2272.0,8.0,666.0,4523.0,0.284,0,4,0,-0.376,1
33.0,45236.0,3769.0,8.7,559.0,23352.0,0.225,4,5,0,-1.12,1
27.0,46053.0,3861.0,5.5,749.0,7250.0,0.269,0,2,1,-0.365,0
24.0,57272.0,4763.0,2.8,719.0,36181.0,0.335,0,3,0,-0.222,0
37.0,96083.0,8001.0,15.7,670.0,18786.0,0.252,0,4,0,1.65,0
33.0,74585.0,6410.0,3.0,643.0,39872.0,0.214,0,0,0,-0.981,1
30.0,26506.0,2175.0,6.9,663.0,12879.0,0.23,1,3,0,2.066,0
55.0,72308.0,6122.0,31.2,725.0,26682.0,0.439,1,1,0,0.379,0
37.0,57837.0,4850.0,5.3,666.0,30890.0,0.517,1,1,0,1.963,0
52.0,52631.0,4311.0,25.6,626.0,36047.0,0.305,2,2,0,0.911,1
32.0,54441.0,4439.0,11.4,630.0,7629.0,0.372,1,4,0,-0.521,0
41.0,60303.0,4854.0,13.3,666.0,33608.0,0.206,0,1,1,-0.294,0
37.0,40285.0,3390.0,2.9,596.0,14406.0,0.241,1,3,0,-0.12,1
21.0,50667.0,4217.0,0.3,683.0,28143.0,0.345,1,4,0,-0.328,1
54.0,93701.0,7679.0,22.9,616.0,66179.0,0.064,1,2,1,1.627,0
37.0,40068.0,3214.0,14.3,600.0,21622.0,0.377,0,5,1,-0.336,0
46.0,34601.0,2908.0,0.6,850.0,5878.0,0.244,0,2,0,-1.851,0
30.0,53494.0,4442.0,3.2,797.0,19370.0,0.192,1,0,0,-0.218,0
36.0,33068.0,2716.0,3.8,672.0,15280.0,0.339,0,2,0,-0.213,0
28.0,25332.0,2070.0,3.6,721.0,3677.0,0.444,1,2,1,-0.228,0
52.0,47102.0,3906.0,24.3,744.0,25092.0,0.269,0,2,0,0.085,0
41.0,105553.0,8879.0,10.8,660.0,61741.0,0.329,0,4,0,0.284,0
42.0,54053.0,4475.0,11.4,686.0,33615.0,0.345,3,3,0,1.542,1
53.0,59602.0,4849.0,20.1,652.0,8340.0,0.324,1,3,0,0.56,0
51.0,21089.0,1755.0,15.8,756.0,12208.0,0.2,0,1,0,-2.114,0
46.0,66986.0,5699.0,18.2,758.0,21746.0,0.322,0,3,0,-1.11,0
22.0,57360.0,4784.0,0.3,769.0,11955.0,0.318,0,1,0,-0.335,0
30.0,40777.0,3403.0,0.2,679.0,18075.0,0.027,0,1,0,0.695,0
27.0,59642.0,4938.0,5.8,815.0,28601.0,0.386,0,2,0,0.348,0
46.0,59376.0,4860.0,12.5,661.0,23309.0,0.15,4,1,0,-1.04,1
40.0,34143.0,2793.0,5.9,806.0,23239.0,0.313,0,2,0,0.651,0
23.0,63858.0,5145.0,1.2,628.0,10655.0,0.452,0,3,0,0.609,1
36.0,94259.0,8040.0,10.4,574.0,33496.0,0.276,1,2,1,1.097,0
22.0,49638.0,4175.0,0.2,802.0,12423.0,0.195,1,3,0,-0.476,0
37.0,37223.0,3107.0,9.1,711.0,3223.0,0.356,1,4,0,0.722,0
21.0,50776.0,4256.0,0.1,696.0,15451.0,0.44,0,6,0,0.274,0
44.0,80795.0,6779.0,20.5,645.0,47552.0,0.189,1,3,0,-1.523,0
42.0,31674.0,2601.0,12.5,607.0,14014.0,0.064,0,3,0,0.845,0
59.0,71356.0,5908.0,31.6,623.0,25978.0,0.418,1,2,0,0.071,0
47.0,40537.0,3346.0,19.7,680.0,16459.0,0.385,1,1,0,0.641,0
33.0,61330.0,5368.0,10.9,655.0,17441.0,0.338,0,1,0,-2.201,0
47.0,42665.0,3628.0,9.2,529.0,6042.0,0.12,3,2,0,-0.145,0
23.0,42614.0,3563.0,0.4,779.0,21001.0,0.36,3,2,0,-0.62,0
27.0,109150.0,9344.0,6.6,634.0,72208.0,0.403,1,1,0,1.192,1
42.0,29173.0,2491.0,19.2,756.0,18723.0,0.516,1,5,1,-0.258,0
21.0,68426.0,5545.0,0.9,611.0,15396.0,0.272,2,5,0,0.055,0
38.0,119873.0,9945.0,17.4,680.0,45038.0,0.316,0,0,1,-0.2,0
27.0,74875.0,6238.0,4.0,730.0,34749.0,0.085,1,4,0,0.392,0
39.0,30215.0,2549.0,9.8,723.0,19695.0,0.397,0,2,0,0.035,0
26.0,30896.0,2563.0,4.9,644.0,6098.0,0.394,3,5,0,-0.536,1
43.0,39217.0,3262.0,2.5,697.0,5850.0,0.34,1,2,1,0.506,0
38.0,59050.0,4875.0,14.3,714.0,44212.0,0.419,0,4,0,-0.005,1
53.0,60886.0,5180.0,27.1,663.0,9699.0,0.222,0,1,0,-0.427,0
38.0,31034.0,2511.0,10.4,587.0,24573.0,0.278,1,5,1,-0.39,0
30.0,37136.0,3068.0,3.7,618.0,18540.0,0.282,0,3,0,0.839,0
35.0,38174.0,3064.0,10.0,638.0,16195.0,0.41,2,1,0,0.354,1
23.0,50704.0,4138.0,2.9,663.0,9720.0,0.412,1,2,0,-1.333,0
42.0,134350.0,11267.0,3.5,773.0,93424.0,0.332,0,3,0,-0.033,0
44.0,36140.0,3032.0,7.6,727.0,6474.0,0.327,1,1,0,1.544,0
65.0,35435.0,2934.0,30.3,618.0,12436.0,0.355,3,3,0,-0.644,0
31.0,33030.0,2814.0,9.3,793.0,2841.0,0.266,0,1,0,0.146,0
35.0,73210.0,6266.0,9.8,659.0,4899.0,0.436,0,2,0,-0.94,1
32.0,53986.0,4493.0,6.9,711.0,32240.0,0.255,0,1,0,-0.385,0
40.0,36746.0,3078.0,1.7,595.0,7563.0,0.343,1,1,0,-0.18,0
42.0,46715.0,3858.0,9.6,633.0,23385.0,0.24,1,2,0,0.614,0
37.0,38519.0,3250.0,15.5,740.0,22825.0,0.395,1,4,0,-0.522,1
50.0,62833.0,5111.0,10.8,604.0,26317.0,0.29,2,4,1,1.537,0
31.0,184068.0,15890.0,4.3,666.0,99824.0,0.507,0,7,0,-0.997,0
49.0,70472.0,6007.0,10.3,698.0,16269.0,0.287,0,3,1,0.309,0
44.0,52746.0,4290.0,8.7,593.0,34992.0,0.394,2,2,0,-1.489,1
38.0,40776.0,3344.0,7.2,539.0,8346.0,0.237,3,1,0,0.139,0
35.0,30048.0,2525.0,11.2,729.0,14813.0,0.269,0,4,0,1.088,0
65.0,76516.0,6333.0,20.3,850.0,51793.0,0.296,0,0,1,0.339,0
29.0,74667.0,6290.0,5.5,695.0,48153.0,0.335,1,3,0,-1.204,0
41.0,44593.0,3689.0,9.4,710.0,3944.0,0.225,2,0,1,2.032,0
30.0,94948.0,8154.0,8.5,602.0,30895.0,0.243,1,2,0,1.049,0
58.0,55525.0,4628.0,6.7,766.0,38281.0,0.309,0,4,1,-0.329,0
48.0,77943.0,6810.0,3.4,635.0,53641.0,0.34,0,2,0,0.111,1
31.0,62842.0,5300.0,4.3,744.0,33137.0,0.296,0,5,0,0.174,0
44.0,50786.0,4118.0,23.0,714.0,6673.0,0.282,0,2,1,-1.545,0
41.0,35789.0,3107.0,14.6,712.0,12641.0,0.167,1,4,1,-0.727,0
32.0,51513.0,4387.0,7.6,705.0,39710.0,0.35,2,2,0,0.022,0
46.0,80339.0,6746.0,10.3,704.0,10436.0,0.384,0,1,0,1.393,0
42.0,43758.0,3694.0,6.6,683.0,28489.0,0.396,1,4,0,-0.66,1
40.0,67035.0,5453.0,19.5,738.0,24358.0,0.315,0,3,0,-0.201,1
38.0,33788.0,2714.0,7.5,613.0,20562.0,0.24,2,4,0,0.926,1
43.0,78129.0,6505.0,16.2,651.0,7089.0,0.268,2,3,0,0.671,0
41.0,63317.0,5422.0,16.6,771.0,3656.0,0.315,1,6,0,1.415,0
39.0,32021.0,2690.0,12.3,678.0,8821.0,0.298,1,0,0,0.74,0
31.0,49726.0,4285.0,2.5,638.0,34939.0,0.215,3,4,0,0.332,1
57.0,83637.0,7154.0,10.5,738.0,46824.0,0.132,0,5,0,0.34,0
26.0,31211.0,2602.0,0.1,719.0,15882.0,0.244,0,2,0,1.311,0
43.0,33968.0,2898.0,22.0,580.0,27115.0,0.272,1,3,0,-0.623,1
34.0,53307.0,4577.0,12.1,717.0,16550.0,0.331,0,3,0,0.765,0
57.0,143643.0,11951.0,15.1,677.0,98782.0,0.259,1,2,0,-0.432,0
28.0,40637.0,3372.0,7.2,713.0,5374.0,0.275,1,3,1,-0.36,0
30.0,68731.0,5744.0,1.5,662.0,12237.0,0.311,0,3,0,0.231,0
27.0,61830.0,4904.0,0.3,693.0,25262.0,0.457,1,3,0,0.011,1
42.0,42184.0,3535.0,2.9,533.0,32465.0,0.283,1,1,1,-0.563,0
23.0,59136.0,4999.0,2.6,599.0,34154.0,0.145,3,4,0,-0.153,1
33.0,44962.0,3758.0,2.0,713.0,6043.0,0.232,1,3,0,-0.047,0
21.0,46820.0,3929.0,0.1,844.0,35873.0,0.481,0,0,0,0.555,0
41.0,26043.0,2168.0,3.8,688.0,16259.0,0.443,0,3,0,0.019,0
32.0,54399.0,4352.0,5.2,614.0,32773.0,0.394,0,0,0,0.42,0
22.0,82428.0,7097.0,0.8,670.0,38215.0,0.37,0,2,0,0.368,0
50.0,56440.0,4669.0,7.1,601.0,19480.0,0.371,0,5,0,-0.57,0
24.0,89843.0,7394.0,2.9,749.0,11897.0,0.276,0,2,0,0.363,0
47.0,71413.0,6113.0,25.7,676.0,36767.0,0.387,1,3,1,-2.467,0
30.0,53546.0,4550.0,3.0,735.0,7805.0,0.391,0,1,0,1.931,0
56.0,41462.0,3474.0,33.2,666.0,20418.0,0.384,0,2,0,2.173,0
46.0,44191.0,3739.0,21.5,751.0,20095.0,0.24,0,3,0,0.203,0
27.0,28378.0,2310.0,6.1,549.0,14115.0,0.268,1,2,0,-0.617,1
28.0,48772.0,4058.0,0.5,662.0,32681.0,0.236,1,1,0,0.495,0
45.0,58735.0,5021.0,20.6,708.0,21050.0,0.4,0,1,0,-1.313,0
35.0,119018.0,9784.0,8.9,646.0,44923.0,0.33,3,4,0,1.369,0
36.0,69761.0,5697.0,0.6,685.0,6626.0,0.339,0,0,0,0.53,0
52.0,37269.0,3111.0,24.1,696.0,9906.0,0.358,2,3,0,-0.697,0
30.0,28778.0,2403.0,2.4,735.0,3188.0,0.159,1,3,0,-1.185,0
39.0,50118.0,4231.0,15.1,711.0,7834.0,0.388,1,3,0,-2.393,0
49.0,79252.0,6422.0,17.8,696.0,29331.0,0.246,1,2,0,0.454,0
47.0,49802.0,3939.0,13.2,728.0,17699.0,0.255,0,0,0,-1.57,0
36.0,70191.0,5957.0,0.4,565.0,52776.0,0.216,0,4,1,-0.399,0
35.0,50695.0,4133.0,13.2,614.0,7071.0,0.308,4,3,0,-0.037,0
21.0,75943.0,6251.0,0.1,563.0,12301.0,0.293,0,2,0,-0.53,0
26.0,26804.0,2136.0,5.3,701.0,16435.0,0.161,0,1,0,-1.372,1
42.0,113207.0,9627.0,14.8,696.0,7562.0,0.121,0,2,1,0.045,0
36.0,33339.0,2798.0,1.1,758.0,17943.0,0.28,1,3,0,0.024,0
39.0,78611.0,6592.0,10.2,690.0,48005.0,0.381,0,2,0,-0.134,0
49.0,48660.0,4080.0,28.3,630.0,25388.0,0.372,2,2,1,1.716,0
25.0,52207.0,4171.0,4.6,672.0,13879.0,0.4,2,2,0,1.897,0
35.0,49345.0,4031.0,2.3,530.0,6301.0,0.28,2,4,0,-0.174,0
40.0,61704.0,5096.0,3.5,633.0,49094.0,0.265,1,3,0,0.849,1
30.0,67574.0,5547.0,1.6,496.0,46931.0,0.289,3,5,1,-0.466,0
54.0,88553.0,7339.0,25.5,696.0,52952.0,0.38,1,3,0,-1.49,0
48.0,103639.0,8679.0,4.5,643.0,19720.0,0.461,1,4,1,0.387,1
41.0,63857.0,5429.0,1.4,651.0,23830.0,0.254,1,2,0,-1.396,0
58.0,118924.0,9617.0,14.7,602.0,69257.0,0.273,2,3,0,1.092,0
22.0,57350.0,4778.0,1.5,614.0,7230.0,0.303,2,1,0,-0.053,0
38.0,89316.0,7549.0,5.5,711.0,68594.0,0.273,1,3,0,-0.311,1
42.0,66703.0,5456.0,16.0,567.0,51123.0,0.242,6,4,0,-0.999,1
28.0,42957.0,3566.0,1.1,696.0,6996.0,0.287,1,1,0,-0.012,0
41.0,59674.0,5019.0,13.2,610.0,11803.0,0.221,3,3,0,-0.389,1
26.0,68976.0,5749.0,3.4,544.0,22283.0,0.373,5,3,0,-1.598,1
46.0,54209.0,4578.0,23.1,757.0,21034.0,0.447,0,3,1,-0.23,0
50.0,66229.0,5530.0,21.2,764.0,25204.0,0.272,1,5,0,-0.013,0
41.0,81186.0,6723.0,2.5,624.0,45964.0,0.466,1,3,0,0.471,1
21.0,54425.0,4429.0,0.4,622.0,21915.0,0.289,2,1,1,-0.527,1
27.0,15000.0,1256.0,0.0,642.0,2823.0,0.23,0,3,0,-0.111,0
44.0,117045.0,9773.0,5.8,606.0,28766.0,0.369,0,2,1,-0.459,0
38.0,48106.0,3929.0,17.7,624.0,17241.0,0.208,0,3,0,-0.473,1
21.0,37972.0,3201.0,0.5,692.0,16688.0,0.362,0,4,0,-0.38,0
52.0,33165.0,2834.0,27.5,819.0,24617.0,0.325,1,3,1,0.256,0
40.0,47273.0,3887.0,0.5,635.0,5775.0,0.26,3,3,0,-0.351,0
29.0,42696.0,3506.0,7.9,736.0,27891.0,0.249,0,0,0,-0.326,0
49.0,39475.0,3239.0,25.7,698.0,11177.0,0.213,0,0,0,0.986,0
31.0,40463.0,3259.0,6.9,546.0,24086.0,0.403,4,4,1,0.036,1
30.0,69806.0,6050.0,1.2,659.0,17011.0,0.278,2,3,0,0.868,0
42.0,137139.0,11326.0,19.2,659.0,46471.0,0.331,0,3,0,-1.569,0
58.0,79566.0,6517.0,33.8,779.0,30430.0,0.299,0,2,0,1.626,0
56.0,91150.0,7425.0,7.2,769.0,55882.0,0.279,0,0,1,0.303,0
42.0,46409.0,3837.0,20.6,697.0,8107.0,0.333,1,4,0,-0.136,0
43.0,57652.0,4738.0,20.3,755.0,17867.0,0.351,1,1,0,0.747,0
47.0,66636.0,5713.0,5.5,652.0,29747.0,0.314,2,3,0,1.599,0
24.0,40876.0,3321.0,1.6,739.0,22203.0,0.281,0,1,0,-0.861,0
45.0,45411.0,3668.0,8.4,671.0,4861.0,0.191,0,1,0,-1.977,0
30.0,80792.0,6807.0,4.9,739.0,9779.0,0.24,0,3,1,0.218,0
42.0,89834.0,7470.0,19.1,754.0,52900.0,0.269,2,3,0,-1.577,1
35.0,56694.0,4703.0,13.6,717.0,18404.0,0.302,1,2,0,-1.016,0
44.0,32121.0,2707.0,4.1,610.0,5596.0,0.126,2,3,0,2.056,0
39.0,48150.0,4023.0,10.6,636.0,11912.0,0.362,0,3,0,-1.108,0
21.0,28753.0,2394.0,0.5,713.0,14338.0,0.332,0,3,0,-1.33,0
40.0,56893.0,4608.0,9.0,727.0,43522.0,0.242,3,5,0,0.702,1
45.0,61699.0,4970.0,17.9,680.0,36953.0,0.208,0,0,0,0.75,0
43.0,48692.0,4001.0,14.8,646.0,31542.0,0.231,0,1,0,1.378,0
37.0,61320.0,4999.0,4.6,676.0,31048.0,0.168,0,1,0,-1.467,0
56.0,66350.0,5559.0,12.6,647.0,21788.0,0.266,1,3,0,-0.326,0
41.0,61739.0,4960.0,19.0,650.0,47642.0,0.282,1,3,0,0.659,0
43.0,32029.0,2645.0,7.4,801.0,3554.0,0.392,0,5,1,-0.445,0
49.0,49076.0,4075.0,13.1,633.0,32217.0,0.347,0,3,1,1.365,0
42.0,66139.0,5507.0,21.4,706.0,16118.0,0.425,0,1,0,-0.468,0
28.0,111917.0,9401.0,7.0,674.0,56618.0,0.311,3,2,0,-0.311,1
21.0,48665.0,4029.0,0.7,574.0,38289.0,0.209,2,3,0,-0.35,1
33.0,70472.0,5794.0,3.9,574.0,48042.0,0.474,1,4,0,1.16,1
46.0,81655.0,6974.0,16.6,663.0,56146.0,0.268,0,2,0,0.381,0
34.0,50343.0,4168.0,9.1,528.0,33594.0,0.145,5,2,0,-0.377,1
47.0,92214.0,7903.0,11.0,794.0,35995.0,0.322,0,4,1,-0.81,0
40.0,94473.0,7822.0,0.7,635.0,32573.0,0.141,3,4,0,0.12,0
52.0,102361.0,8527.0,11.8,635.0,44928.0,0.292,1,2,1,0.375,0
35.0,67601.0,5618.0,7.5,749.0,17836.0,0.252,1,0,0,0.236,1
43.0,159078.0,13318.0,22.0,661.0,65001.0,0.352,0,3,0,0.009,1
44.0,41698.0,3446.0,17.1,714.0,6050.0,0.395,1,3,0,0.294,0
55.0,143046.0,11943.0,3.7,622.0,102908.0,0.268,2,1,0,-0.637,1
21.0,77717.0,6675.0,0.3,663.0,46766.0,0.26,1,2,0,0.172,1
33.0,100535.0,8554.0,6.8,731.0,9704.0,0.376,0,1,0,-0.148,0
47.0,47623.0,4052.0,12.3,606.0,25953.0,0.223,3,1,0,-1.046,1
55.0,80427.0,6522.0,0.2,697.0,49786.0,0.306,0,3,1,0.038,0
41.0,104530.0,8505.0,19.3,500.0,72775.0,0.354,4,2,0,0.026,1
35.0,33718.0,2822.0,13.4,755.0,10009.0,0.221,0,1,1,-1.285,0
46.0,51103.0,4324.0,24.3,633.0,26729.0,0.27,1,2,0,0.919,0
48.0,20984.0,1731.0,11.8,660.0,5394.0,0.31,2,3,1,-0.453,0
34.0,50759.0,4171.0,11.7,659.0,34854.0,0.433,0,3,0,0.042,1
42.0,38097.0,3263.0,15.3,599.0,26910.0,0.179,2,0,0,-0.752,0
51.0,49866.0,4212.0,15.9,594.0,5356.0,0.285,1,5,0,-0.169,0
59.0,204992.0,17444.0,3.0,698.0,54078.0,0.435,1,1,1,2.147,0
46.0,119145.0,9841.0,4.4,702.0,15144.0,0.397,0,2,0,0.478,0
38.0,28777.0,2373.0,4.4,600.0,10045.0,0.272,1,4,0,-0.248,0
37.0,70627.0,5997.0,15.6,706.0,3804.0,0.293,1,1,1,-1.187,0
44.0,78795.0,6532.0,16.1,707.0,50202.0,0.346,0,3,0,-0.367,0
37.0,47242.0,3889.0,16.4,642.0,17649.0,0.348,1,4,0,-0.481,0
40.0,59595.0,4876.0,11.4,575.0,26861.0,0.438,1,0,0,0.394,1
26.0,62273.0,5136.0,0.5,658.0,37797.0,0.413,0,5,0,-0.667,1
52.0,30005.0,2544.0,15.4,693.0,17530.0,0.162,0,0,0,0.743,0
25.0,34579.0,2795.0,0.6,656.0,9889.0,0.14,0,0,0,-0.222,0
33.0,59434.0,5015.0,11.9,624.0,37864.0,0.246,1,0,0,-1.434,0
39.0,57516.0,4725.0,5.3,695.0,30516.0,0.115,0,4,0,1.06,0
60.0,39984.0,3318.0,7.9,753.0,8542.0,0.431,0,3,0,-0.387,0
33.0,38469.0,3196.0,6.8,609.0,2767.0,0.15,1,1,0,-0.793,0
31.0,52822.0,4382.0,8.6,643.0,32598.0,0.27,0,0,0,-0.056,0
32.0,81949.0,6790.0,6.1,850.0,14278.0,0.213,1,1,1,0.386,0
56.0,53139.0,4389.0,1.4,681.0,7145.0,0.141,1,1,0,-0.527,0
21.0,114156.0,9404.0,0.7,572.0,41702.0,0.418,2,4,0,0.636,1
27.0,40214.0,3440.0,0.2,627.0,29810.0,0.242,2,2,0,-0.922,0
68.0,59993.0,5002.0,29.0,622.0,35313.0,0.491,2,2,0,1.154,0
44.0,46894.0,3898.0,15.1,694.0,30413.0,0.441,0,1,0,-1.607,1
26.0,71659.0,5895.0,1.2,682.0,18088.0,0.3,2,2,1,-0.545,0
38.0,38691.0,3198.0,7.8,619.0,26167.0,0.09,1,3,1,1.055,0
39.0,130930.0,10771.0,0.1,790.0,47336.0,0.266,0,3,1,-0.566,0
47.0,25702.0,2175.0,7.7,670.0,20164.0,0.529,4,2,0,-0.401,0
58.0,119021.0,9769.0,23.7,640.0,56811.0,0.343,0,6,0,-1.55,0
42.0,57273.0,4558.0,6.3,578.0,28904.0,0.283,1,4,0,0.946,1
32.0,70522.0,5884.0,0.6,598.0,51929.0,0.239,3,5,0,-0.073,1
47.0,100270.0,8309.0,18.0,582.0,76336.0,0.389,2,1,0,0.714,1
30.0,80905.0,6663.0,7.7,650.0,5116.0,0.337,2,1,0,0.345,0
27.0,39600.0,3360.0,5.7,601.0,8884.0,0.328,1,1,1,-1.757,0
21.0,72051.0,5676.0,0.9,715.0,36795.0,0.414,0,3,0,-1.852,0
21.0,127446.0,10955.0,0.5,619.0,6718.0,0.408,1,1,0,-0.617,0
28.0,36894.0,3139.0,3.3,720.0,10631.0,0.344,0,3,0,1.773,0
25.0,142683.0,11741.0,3.0,696.0,28142.0,0.141,0,3,0,-0.325,0
41.0,65425.0,5403.0,17.0,714.0,28957.0,0.202,0,3,0,1.702,0
25.0,45258.0,3810.0,2.3,724.0,22538.0,0.238,0,4,0,-1.395,1
21.0,36795.0,3099.0,1.0,800.0,7056.0,0.296,0,2,0,0.614,0
27.0,49742.0,4093.0,4.2,603.0,22498.0,0.45,2,4,0,0.649,1
33.0,22816.0,1840.0,3.9,721.0,7930.0,0.505,1,2,0,-1.329,0
31.0,45626.0,3963.0,9.0,692.0,36191.0,0.339,1,2,0,-1.879,1
55.0,48863.0,4150.0,5.2,737.0,4829.0,0.355,1,1,0,1.447,0
31.0,33915.0,2835.0,10.5,673.0,23079.0,0.149,1,2,0,-0.919,0
48.0,77004.0,6440.0,9.4,747.0,61574.0,0.258,2,2,0,1.2,0
38.0,49844.0,4205.0,12.2,576.0,22738.0,0.245,0,2,0,-0.732,0
38.0,41315.0,3494.0,11.0,595.0,23154.0,0.236,2,2,0,1.041,1
29.0,47510.0,3794.0,0.8,621.0,6935.0,0.358,1,5,1,-0.169,0
37.0,64530.0,5340.0,12.5,661.0,20205.0,0.255,0,3,1,0.87,0
30.0,56842.0,4694.0,3.0,665.0,10579.0,0.11,1,0,0,0.71,0
40.0,40121.0,3333.0,7.6,612.0,19559.0,0.384,4,2,0,1.461,1
35.0,58200.0,4925.0,1.5,591.0,44032.0,0.42,1,2,0,1.398,1
28.0,53760.0,4320.0,6.2,617.0,3881.0,0.329,1,3,0,0.7,0
49.0,32936.0,2671.0,24.9,553.0,13861.0,0.283,2,6,0,-0.304,1
43.0,48304.0,3970.0,3.0,641.0,28628.0,0.21,3,5,0,-1.775,1
33.0,71381.0,5967.0,10.6,661.0,26623.0,0.216,0,2,1,-0.173,1
40.0,71150.0,6028.0,17.6,700.0,32313.0,0.407,0,4,0,-0.267,0
37.0,49593.0,4268.0,1.7,673.0,19328.0,0.225,1,3,0,1.524,0
28.0,74581.0,6179.0,8.4,790.0,37150.0,0.501,1,2,0,1.348,0
39.0,35387.0,2998.0,0.1,717.0,3589.0,0.395,0,3,0,0.123,0
31.0,35884.0,3033.0,9.4,716.0,16510.0,0.334,2,0,0,0.577,0
28.0,49120.0,4138.0,4.2,688.0,21310.0,0.571,2,2,1,1.787,0
21.0,107904.0,8988.0,1.0,698.0,20112.0,0.428,2,1,0,-0.718,0
34.0,59193.0,4893.0,4.8,647.0,26700.0,0.257,1,1,0,0.265,1
44.0,48590.0,3963.0,8.7,671.0,19308.0,0.198,0,2,1,-0.748,0
30.0,110189.0,8975.0,8.7,799.0,54531.0,0.258,1,1,0,0.739,0
66.0,48338.0,4056.0,32.5,671.0,22857.0,0.29,0,3,0,-0.497,0
48.0,150350.0,12515.0,16.7,575.0,53140.0,0.224,6,2,0,-1.77,1
52.0,43696.0,3611.0,20.8,719.0,27784.0,0.188,0,2,0,1.211,0
47.0,34885.0,2946.0,18.3,730.0,11097.0,0.324,0,1,0,-0.069,1
58.0,51033.0,4236.0,1.8,672.0,20714.0,0.389,0,3,0,1.404,0
29.0,49168.0,4023.0,1.1,529.0,18183.0,0.486,1,3,0,1.255,1
21.0,38239.0,3170.0,0.2,750.0,15846.0,0.308,2,2,0,0.323,1
33.0,177367.0,15023.0,2.3,677.0,115313.0,0.36,0,5,0,-1.454,1
44.0,63479.0,5182.0,20.3,648.0,36961.0,0.115,4,5,0,0.433,0
40.0,67779.0,5672.0,7.8,747.0,5536.0,0.386,1,3,0,-0.374,0
41.0,44678.0,3719.0,10.3,523.0,18807.0,0.199,5,4,0,2.303,1
53.0,42410.0,3480.0,2.9,669.0,6089.0,0.33,1,3,0,0.582,0
42.0,87255.0,7229.0,19.3,632.0,52092.0,0.296,1,2,0,1.503,0
47.0,25873.0,2088.0,0.3,765.0,20440.0,0.276,0,1,0,0.282,1
28.0,32886.0,2747.0,0.6,677.0,16907.0,0.152,0,3,0,1.431,0
26.0,49207.0,3989.0,4.8,602.0,16479.0,0.224,1,1,0,0.679,0
56.0,101019.0,8599.0,4.7,742.0,10530.0,0.205,0,1,0,-0.303,0
39.0,46470.0,3865.0,15.2,495.0,13914.0,0.241,4,2,0,1.2,1
31.0,66327.0,5464.0,3.9,698.0,29447.0,0.418,1,3,0,-1.54,0
31.0,55691.0,4749.0,8.7,576.0,39576.0,0.265,5,2,0,1.511,0
31.0,98558.0,8044.0,0.5,628.0,42848.0,0.233,2,1,0,1.589,1
30.0,26956.0,2213.0,3.5,645.0,21250.0,0.365,2,2,1,0.588,0
24.0,76594.0,6149.0,1.9,725.0,25037.0,0.333,2,7,1,-0.493,0
21.0,50291.0,4301.0,0.9,815.0,2533.0,0.503,0,1,0,-1.094,0
36.0,83390.0,7209.0,13.3,542.0,43485.0,0.401,6,1,0,0.874,1
31.0,38041.0,3064.0,2.8,693.0,8154.0,0.101,2,2,0,0.637,0
50.0,55607.0,4558.0,19.9,824.0,12947.0,0.381,1,2,1,-1.93,0
41.0,52521.0,4383.0,3.2,622.0,3312.0,0.369,0,3,0,-0.393,1
41.0,35031.0,2889.0,16.6,624.0,15715.0,0.466,2,0,0,-1.593,0
30.0,30912.0,2574.0,9.2,681.0,7284.0,0.28,1,3,1,-0.057,0
37.0,42358.0,3521.0,0.8,718.0,33705.0,0.41,0,0,0,-0.544,1
42.0,58312.0,4899.0,1.8,707.0,39462.0,0.265,0,2,0,0.044,0
46.0,39123.0,3198.0,20.4,645.0,23118.0,0.329,3,0,0,-1.071,1
37.0,47408.0,3966.0,14.9,611.0,14954.0,0.195,0,3,0,1.364,0
50.0,23541.0,1918.0,19.4,762.0,2441.0,0.163,0,3,0,-1.681,0
38.0,46551.0,3847.0,8.3,610.0,25682.0,0.387,0,3,0,0.937,0
47.0,87178.0,7012.0,20.6,536.0,5817.0,0.3,3,3,0,1.119,0
33.0,75540.0,6244.0,3.8,560.0,28796.0,0.172,2,2,0,-1.283,0
21.0,52890.0,4357.0,1.0,620.0,4738.0,0.381,0,2,0,-0.446,0
41.0,61373.0,5211.0,17.8,773.0,28832.0,0.026,1,1,0,0.063,0
46.0,37887.0,3154.0,23.0,588.0,17794.0,0.219,3,3,1,-1.789,0
44.0,114243.0,9544.0,20.8,777.0,51177.0,0.134,2,5,1,-0.218,0
43.0,139467.0,11617.0,21.1,762.0,81719.0,0.42,0,4,0,-1.468,0
34.0,59234.0,4726.0,0.9,676.0,13098.0,0.257,1,3,1,-0.199,0
29.0,176468.0,14118.0,8.3,486.0,40875.0,0.308,3,4,1,-0.624,0
44.0,40498.0,3353.0,6.0,580.0,14665.0,0.33,5,4,0,0.192,1
43.0,31323.0,2625.0,8.1,620.0,18076.0,0.381,1,1,0,-0.395,1
32.0,39965.0,3315.0,4.4,783.0,5498.0,0.37,0,2,0,0.328,0
50.0,49827.0,4081.0,7.0,624.0,35597.0,0.38,0,3,0,-0.72,1
28.0,155674.0,12910.0,3.6,608.0,37231.0,0.273,2,1,1,-3.387,0
32.0,48464.0,4012.0,5.9,676.0,7072.0,0.385,2,2,0,-0.298,0
56.0,37356.0,3161.0,5.4,564.0,18649.0,0.234,1,5,0,-1.464,1
48.0,36709.0,3103.0,9.9,663.0,9423.0,0.26,1,2,0,0.94,0
34.0,91867.0,7571.0,4.9,607.0,32757.0,0.146,1,2,0,-1.247,0
41.0,86152.0,7172.0,14.3,850.0,8257.0,0.468,1,1,0,1.037,0
40.0,44206.0,3704.0,11.4,601.0,17626.0,0.201,3,2,0,0.566,0
21.0,23647.0,1987.0,0.7,795.0,6568.0,0.441,1,2,0,0.143,0
28.0,33098.0,2849.0,6.3,583.0,5870.0,0.354,2,1,0,1.201,1
37.0,119330.0,9939.0,11.6,684.0,40541.0,0.32,0,7,0,-2.498,1
34.0,74986.0,6395.0,3.4,697.0,47057.0,0.337,1,4,0,-0.132,0
41.0,56644.0,4611.0,10.4,675.0,35275.0,0.193,1,2,0,-0.054,0
50.0,127524.0,10492.0,14.2,673.0,40854.0,0.461,3,9,0,-0.443,0
34.0,132765.0,10591.0,1.1,721.0,103647.0,0.264,0,2,0,0.005,0
26.0,54118.0,4523.0,5.7,692.0,7815.0,0.401,1,1,1,-0.23,0
42.0,54567.0,4606.0,2.0,649.0,37709.0,0.246,2,2,0,-1.396,1
34.0,42326.0,3347.0,14.1,620.0,33193.0,0.157,2,1,0,0.483,1
36.0,48388.0,4048.0,0.5,649.0,23213.0,0.498,0,3,0,-0.532,0
35.0,28176.0,2376.0,10.8,653.0,2680.0,0.24,0,5,0,0.274,0
63.0,28125.0,2369.0,12.3,652.0,20834.0,0.346,1,1,0,0.041,1
21.0,25334.0,2061.0,0.9,666.0,9569.0,0.02,0,2,1,0.954,0
34.0,89594.0,7582.0,11.3,567.0,16030.0,0.293,2,5,0,1.783,1
38.0,27240.0,2270.0,0.4,588.0,19574.0,0.36,0,1,0,-1.752,1
29.0,132266.0,11152.0,0.2,718.0,48960.0,0.314,0,4,1,1.106,0
48.0,39593.0,3291.0,16.8,511.0,16809.0,0.29,5,5,0,0.672,1
47.0,120198.0,10093.0,4.0,746.0,57487.0,0.279,0,1,1,0.356,0
37.0,46668.0,3975.0,0.2,621.0,34065.0,0.387,1,2,0,0.964,1
35.0,27182.0,2256.0,14.5,784.0,11629.0,0.171,1,5,0,1.751,0
37.0,98006.0,8214.0,10.6,751.0,70188.0,0.276,0,2,0,-0.595,0
37.0,103355.0,8828.0,0.2,637.0,18363.0,0.443,1,2,0,3.323,0
37.0,36584.0,3041.0,8.4,649.0,18750.0,0.152,0,2,0,-1.279,0
36.0,47375.0,3859.0,2.5,773.0,21040.0,0.289,1,4,0,-0.316,0
41.0,36588.0,3090.0,16.7,757.0,10749.0,0.19,0,3,0,0.633,0
46.0,52096.0,4466.0,0.8,728.0,10909.0,0.33,0,7,0,-0.501,1
24.0,57735.0,4935.0,1.7,741.0,5915.0,0.303,2,0,0,-0.095,0
26.0,46956.0,3969.0,1.5,585.0,11565.0,0.206,0,5,1,0.56,0
21.0,24260.0,1927.0,1.0,675.0,13596.0,0.302,1,7,0,0.232,0
48.0,42349.0,3484.0,2.2,607.0,10954.0,0.307,0,0,1,1.742,0
41.0,75484.0,6217.0,14.9,590.0,44994.0,0.239,1,0,0,1.386,1
44.0,50065.0,4176.0,11.3,677.0,35364.0,0.258,2,4,0,-0.503,1
22.0,47465.0,4089.0,1.9,632.0,27089.0,0.235,2,1,0,0.327,1
58.0,36179.0,2950.0,8.1,652.0,23654.0,0.072,0,1,0,0.958,0
31.0,41796.0,3639.0,9.7,630.0,20058.0,0.393,0,6,1,-2.072,1
40.0,103685.0,8574.0,18.9,582.0,78796.0,0.419,1,0,1,0.223,1
47.0,32932.0,2702.0,5.8,782.0,20490.0,0.125,0,4,1,-0.379,0
27.0,76074.0,6447.0,1.7,672.0,22214.0,0.421,0,3,0,-0.043,0
32.0,56177.0,4768.0,11.6,565.0,33286.0,0.34,3,2,0,1.898,1
40.0,61405.0,5184.0,8.7,677.0,34012.0,0.19,1,5,1,0.863,1
69.0,39558.0,3246.0,40.0,786.0,24271.0,0.279,0,1,1,0.466,0
41.0,46948.0,3952.0,18.0,736.0,13592.0,0.229,0,4,0,-0.707,0
56.0,54859.0,4477.0,11.1,629.0,23709.0,0.392,0,2,0,1.186,0
51.0,43512.0,3568.0,5.6,628.0,30906.0,0.208,0,6,0,-1.097,1
42.0,63846.0,5310.0,8.1,597.0,49914.0,0.512,1,0,0,-0.122,1
27.0,67571.0,5539.0,4.2,610.0,21620.0,0.416,3,8,0,0.424,1
50.0,146211.0,12441.0,14.7,621.0,60682.0,0.178,2,5,0,0.281,0
22.0,62335.0,5134.0,1.1,558.0,18583.0,0.464,2,3,1,-0.367,1
56.0,23262.0,1930.0,19.5,639.0,13689.0,0.373,1,2,0,-0.693,1
40.0,92823.0,7599.0,16.3,692.0,7341.0,0.285,1,4,0,1.8,1
21.0,50179.0,4268.0,0.1,631.0,38405.0,0.368,1,3,0,-1.234,1
34.0,136006.0,11183.0,6.3,678.0,62838.0,0.392,0,1,1,0.957,0
45.0,106618.0,9088.0,0.4,774.0,26997.0,0.224,0,0,0,-0.249,0
35.0,43814.0,3729.0,1.9,789.0,3416.0,0.383,0,3,0,-0.921,0
46.0,76111.0,6286.0,8.6,660.0,35814.0,0.257,1,1,0,-0.292,0
29.0,42100.0,3510.0,7.8,726.0,20614.0,0.381,1,2,0,-0.225,1
24.0,55067.0,4545.0,1.4,649.0,31467.0,0.286,0,1,0,-1.139,0
37.0,74554.0,6281.0,4.7,628.0,33106.0,0.199,1,1,1,1.438,0
38.0,90757.0,7534.0,12.3,588.0,39641.0,0.363,0,4,1,0.294,0
34.0,82284.0,6800.0,10.0,671.0,22883.0,0.262,0,2,0,-1.017,0
52.0,56888.0,4745.0,15.2,743.0,11123.0,0.315,1,3,1,-0.746,0
29.0,168153.0,13569.0,2.5,572.0,40063.0,0.341,2,5,0,-1.829,0
41.0,46669.0,3883.0,6.5,643.0,15450.0,0.447,2,1,0,0.312,0
39.0,26685.0,2253.0,3.5,638.0,16812.0,0.256,2,3,1,-0.376,1
21.0,29099.0,2432.0,0.4,677.0,4036.0,0.215,1,4,1,-1.519,0
23.0,106766.0,9066.0,0.6,679.0,56881.0,0.465,0,4,0,-0.979,0
38.0,53135.0,4395.0,11.7,703.0,4170.0,0.3,0,2,0,-0.635,0
60.0,59081.0,4878.0,35.6,811.0,4863.0,0.245,1,2,0,-0.869,0
44.0,43086.0,3510.0,6.2,602.0,10997.0,0.336,2,2,0,2.547,1
21.0,44863.0,3708.0,0.2,595.0,14262.0,0.266,1,1,1,0.987,1
21.0,38596.0,3343.0,0.9,678.0,7426.0,0.273,0,3,0,-1.284,1
46.0,67989.0,5697.0,14.8,769.0,48590.0,0.557,0,4,1,0.61,0
37.0,52642.0,4335.0,12.4,564.0,14663.0,0.201,2,1,1,-0.184,1
51.0,66892.0,5462.0,27.2,697.0,26842.0,0.156,0,1,0,0.18,0
28.0,64077.0,5169.0,5.5,649.0,50979.0,0.423,3,2,1,-0.378,1
42.0,45408.0,3721.0,16.2,728.0,10917.0,0.262,0,2,0,0.642,0
47.0,28529.0,2413.0,10.6,709.0,14666.0,0.332,0,3,0,1.342,0
33.0,27432.0,2267.0,12.3,670.0,16731.0,0.364,0,4,0,0.132,0
33.0,214718.0,17550.0,9.4,699.0,54384.0,0.125,0,2,0,-0.945,0
38.0,106966.0,8763.0,1.3,615.0,9960.0,0.414,2,0,0,0.048,1
44.0,100526.0,8486.0,14.3,723.0,64691.0,0.244,2,3,0,0.802,1
38.0,40600.0,3378.0,1.7,758.0,10831.0,0.49,0,1,1,0.915,0
49.0,55236.0,4545.0,15.0,675.0,16071.0,0.22,1,4,0,-0.276,0
33.0,38108.0,3156.0,1.1,632.0,13759.0,0.457,1,3,0,-1.441,0
23.0,30475.0,2652.0,2.1,651.0,2416.0,0.475,2,3,0,1.146,0
60.0,42199.0,3602.0,18.1,724.0,29056.0,0.251,1,1,0,-0.172,0
31.0,99895.0,8569.0,6.3,660.0,69676.0,0.281,0,2,0,0.406,0
32.0,80292.0,6457.0,7.6,580.0,56487.0,0.269,3,2,0,1.975,0
37.0,35545.0,2953.0,4.3,729.0,6646.0,0.452,2,2,0,0.58,0
39.0,47735.0,3927.0,6.0,594.0,37336.0,0.318,1,2,0,0.681,1
34.0,77049.0,6491.0,6.6,693.0,42077.0,0.353,2,2,0,-0.152,0
38.0,42538.0,3620.0,10.1,534.0,21044.0,0.286,1,0,0,0.719,0
38.0,57005.0,4781.0,16.2,676.0,33730.0,0.347,0,5,1,-2.162,0
40.0,65902.0,5396.0,7.0,659.0,40659.0,0.354,0,0,0,-2.259,0
21.0,65579.0,5393.0,0.6,523.0,23746.0,0.24,5,2,0,0.204,1
59.0,61664.0,5202.0,35.7,701.0,30088.0,0.477,0,3,1,-1.555,0
36.0,40983.0,3464.0,11.8,589.0,20035.0,0.28,0,3,0,1.696,1
44.0,42922.0,3587.0,8.0,670.0,2398.0,0.403,0,4,0,1.045,0
23.0,33023.0,2759.0,1.2,632.0,1893.0,0.174,1,1,0,1.644,0
33.0,27241.0,2272.0,11.3,562.0,10979.0,0.368,1,2,0,-0.367,1
31.0,52232.0,4376.0,4.6,589.0,24489.0,0.406,1,0,1,0.317,0
54.0,79412.0,6712.0,8.6,597.0,46092.0,0.327,0,1,1,-0.078,0
32.0,29554.0,2494.0,6.0,732.0,18162.0,0.408,0,0,1,-0.316,0
46.0,62189.0,5185.0,4.9,721.0,30431.0,0.229,0,4,0,-1.008,1
31.0,78290.0,6518.0,6.3,817.0,20613.0,0.347,1,1,1,-0.294,0
33.0,24066.0,2002.0,12.9,631.0,12382.0,0.148,2,3,0,-0.793,1
35.0,48695.0,3995.0,14.8,629.0,11923.0,0.315,1,3,0,0.49,0
52.0,115368.0,9462.0,19.7,679.0,76510.0,0.221,0,1,0,-0.569,0
21.0,70507.0,5939.0,0.9,636.0,25910.0,0.293,4,1,0,1.28,0
24.0,23704.0,1947.0,2.9,621.0,17095.0,0.438,2,0,1,-0.83,1
21.0,73965.0,6264.0,1.0,664.0,10795.0,0.474,1,1,0,-0.262,0
26.0,39285.0,3270.0,5.3,712.0,22750.0,0.172,2,2,0,0.373,1
29.0,75070.0,6358.0,8.2,516.0,27925.0,0.425,6,0,0,-0.062,1
21.0,40318.0,3403.0,0.2,620.0,5868.0,0.44,0,4,1,-0.586,0
30.0,53703.0,4551.0,1.6,563.0,25201.0,0.332,2,1,1,0.78,1
21.0,43183.0,3564.0,0.0,649.0,9020.0,0.436,0,4,1,-0.333,0
27.0,55078.0,4627.0,4.5,693.0,14831.0,0.259,0,5,0,1.095,0
51.0,42609.0,3603.0,29.1,753.0,16710.0,0.249,0,3,0,-0.088,0
42.0,49737.0,4016.0,22.3,641.0,16078.0,0.249,2,3,0,0.611,0
40.0,32405.0,2792.0,17.1,676.0,11067.0,0.371,4,3,0,0.437,1
27.0,68589.0,5975.0,5.8,545.0,23853.0,0.29,3,6,0,-1.66,1
21.0,59514.0,5053.0,0.6,600.0,3733.0,0.228,1,4,0,1.85,0
25.0,26573.0,2250.0,2.5,676.0,8649.0,0.233,2,3,1,-1.55,0
38.0,85983.0,7250.0,11.2,570.0,29675.0,0.3,2,4,0,1.057,1
48.0,50805.0,4206.0,0.6,747.0,25126.0,0.215,0,1,0,-0.4,1
48.0,59153.0,4919.0,22.2,708.0,24293.0,0.367,0,2,0,-0.032,0
45.0,77586.0,6590.0,16.4,605.0,13919.0,0.42,1,2,0,-0.628,0
30.0,63755.0,5209.0,1.7,557.0,31299.0,0.397,2,4,1,0.972,1
38.0,92914.0,7579.0,11.6,615.0,7090.0,0.591,2,5,0,-0.754,1
34.0,48200.0,3985.0,8.7,601.0,14458.0,0.341,3,0,0,-1.122,1
36.0,87604.0,7396.0,12.4,581.0,45124.0,0.47,1,5,1,1.351,0
60.0,58128.0,4760.0,33.8,578.0,30110.0,0.318,0,5,0,1.378,0
21.0,69115.0,5734.0,0.3,644.0,12808.0,0.272,2,3,0,-0.104,0
35.0,65955.0,5484.0,12.6,718.0,20076.0,0.312,0,2,0,-1.19,0
51.0,96126.0,7848.0,5.7,613.0,37804.0,0.317,1,3,0,-0.461,1
22.0,76094.0,6032.0,0.7,692.0,27285.0,0.288,1,3,0,-0.42,0
31.0,45061.0,3678.0,5.4,640.0,25417.0,0.192,2,2,0,0.982,0
32.0,41213.0,3452.0,9.8,708.0,24940.0,0.202,1,2,0,1.607,1
36.0,53782.0,4525.0,14.0,612.0,4337.0,0.413,2,4,0,0.574,0
21.0,39067.0,3288.0,0.0,680.0,23790.0,0.383,1,1,1,-0.179,0
45.0,34255.0,2889.0,18.1,677.0,24283.0,0.478,1,3,0,-1.103,1
45.0,21109.0,1737.0,22.2,766.0,15524.0,0.261,0,3,1,0.554,0
44.0,27390.0,2244.0,22.5,710.0,2519.0,0.251,0,3,0,0.712,0
28.0,134393.0,11283.0,2.3,679.0,95793.0,0.185,0,0,0,-1.371,0
39.0,40932.0,3397.0,3.3,559.0,7072.0,0.406,1,4,0,-0.167,0
28.0,129527.0,10990.0,4.0,625.0,39345.0,0.211,3,3,0,0.726,1
34.0,65940.0,5537.0,12.9,610.0,22172.0,0.297,1,2,0,-0.35,0
62.0,53782.0,4597.0,13.2,609.0,14749.0,0.331,5,3,0,0.045,1
39.0,27996.0,2311.0,9.6,666.0,7588.0,0.144,0,1,0,0.926,0
25.0,55116.0,4691.0,4.9,679.0,9759.0,0.378,1,1,0,0.052,0
40.0,128872.0,11176.0,9.1,684.0,70140.0,0.401,1,2,0,-2.282,0
23.0,110860.0,9248.0,2.0,749.0,53805.0,0.328,0,2,0,1.158,0
25.0,62224.0,5237.0,4.8,696.0,31743.0,0.291,0,2,0,0.456,0
27.0,32800.0,2682.0,2.4,575.0,14465.0,0.297,0,2,1,-1.568,0
33.0,35752.0,3033.0,3.6,676.0,7709.0,0.44,0,4,1,0.919,0
48.0,37475.0,3193.0,8.0,705.0,18353.0,0.305,0,2,1,-0.861,0
44.0,97759.0,8066.0,15.0,756.0,52819.0,0.298,0,0,1,0.886,0
44.0,114618.0,9663.0,3.9,651.0,10194.0,0.231,0,3,0,-1.353,0
26.0,60068.0,5034.0,1.0,650.0,47502.0,0.02,1,3,0,0.589,0
32.0,47988.0,4030.0,3.1,737.0,23266.0,0.41,0,2,1,0.247,0
41.0,110416.0,9351.0,11.4,678.0,58382.0,0.3,1,8,0,-1.0,0
31.0,35409.0,2981.0,9.4,553.0,16899.0,0.212,1,5,0,0.055,1
35.0,56298.0,4678.0,7.9,537.0,31979.0,0.511,3,1,0,1.553,1
43.0,67739.0,5739.0,17.9,798.0,36758.0,0.344,0,1,0,1.941,0
34.0,37303.0,3178.0,13.6,547.0,24223.0,0.279,5,2,0,-0.293,1
40.0,41313.0,3405.0,15.2,656.0,7071.0,0.402,1,1,0,1.03,0
56.0,39891.0,3324.0,22.8,733.0,6893.0,0.337,0,2,0,-1.562,0
36.0,104049.0,8364.0,0.1,537.0,22338.0,0.335,5,2,0,1.341,1
51.0,130164.0,10974.0,13.9,591.0,100564.0,0.239,5,4,0,1.026,1
44.0,57916.0,4944.0,6.5,576.0,18404.0,0.37,2,1,0,1.682,1
22.0,48747.0,4041.0,1.0,787.0,13997.0,0.394,0,5,0,-0.512,0
26.0,41989.0,3508.0,5.6,804.0,9321.0,0.24,0,3,0,-0.518,0
29.0,55043.0,4567.0,2.8,610.0,22626.0,0.111,0,3,1,1.178,0
29.0,42937.0,3551.0,1.4,701.0,31301.0,0.395,0,3,0,0.347,1
37.0,52650.0,4408.0,14.0,689.0,29254.0,0.363,2,3,0,0.024,0
45.0,66240.0,5433.0,24.5,653.0,12640.0,0.384,2,0,0,0.827,0
52.0,45830.0,3801.0,24.8,559.0,31074.0,0.305,1,7,0,0.694,0
41.0,50502.0,4132.0,3.0,823.0,38338.0,0.396,1,3,0,0.056,0
33.0,50596.0,4266.0,7.2,536.0,29588.0,0.235,5,3,0,0.976,1
21.0,47676.0,3992.0,0.4,675.0,23610.0,0.281,1,1,1,0.487,0
39.0,45091.0,3725.0,11.9,621.0,24973.0,0.195,1,3,0,0.004,0
38.0,77503.0,6463.0,12.2,737.0,46656.0,0.416,0,4,0,-1.426,0
40.0,24792.0,2057.0,16.2,727.0,17219.0,0.295,1,2,0,-0.407,0
61.0,111694.0,9521.0,9.9,596.0,60762.0,0.323,3,4,1,0.293,0
52.0,58459.0,4829.0,30.5,620.0,26225.0,0.343,1,2,0,-1.455,1
47.0,72374.0,6108.0,5.7,554.0,13522.0,0.276,6,2,0,-1.309,1
27.0,76220.0,6262.0,0.9,674.0,25203.0,0.382,0,0,0,-1.422,0
32.0,39993.0,3387.0,10.2,715.0,4537.0,0.466,0,4,1,-0.065,0
37.0,36447.0,3100.0,7.9,633.0,21737.0,0.398,2,4,1,-0.079,0
29.0,34564.0,2943.0,4.6,645.0,27451.0,0.128,1,2,0,-1.323,0
44.0,49213.0,4222.0,7.5,797.0,6003.0,0.311,0,2,0,-0.992,0
42.0,75337.0,6315.0,1.0,726.0,28639.0,0.316,1,5,0,1.181,0
26.0,42294.0,3612.0,1.2,755.0,24321.0,0.424,0,3,0,0.577,0
51.0,72306.0,6221.0,23.7,515.0,5238.0,0.245,2,2,0,0.547,0
39.0,18949.0,1544.0,4.3,700.0,7195.0,0.196,1,2,0,-1.32,0
21.0,46239.0,3807.0,1.0,678.0,29874.0,0.384,0,2,0,0.472,1
37.0,92995.0,7518.0,13.7,579.0,25100.0,0.298,1,3,1,-0.441,0
41.0,50927.0,4334.0,17.9,596.0,27744.0,0.238,3,2,0,-1.481,1
49.0,37872.0,3061.0,25.1,657.0,19145.0,0.274,2,3,1,-1.27,0
34.0,40926.0,3289.0,10.3,571.0,23533.0,0.159,1,2,0,1.022,1
47.0,15000.0,1223.0,12.6,610.0,3452.0,0.317,1,4,0,-1.73,0
40.0,34884.0,2806.0,18.4,637.0,6148.0,0.27,1,4,0,2.582,0
24.0,88508.0,7416.0,1.5,701.0,5548.0,0.353,1,5,0,-1.919,0
22.0,42316.0,3450.0,0.2,611.0,17361.0,0.28,3,3,0,1.054,1
50.0,44625.0,3593.0,18.1,638.0,8484.0,0.304,3,1,0,0.279,0
51.0,19260.0,1604.0,3.3,733.0,10370.0,0.254,0,6,0,0.754,1
42.0,26402.0,2201.0,14.1,544.0,12195.0,0.275,3,3,0,0.65,1
54.0,93959.0,7537.0,34.4,693.0,63449.0,0.187,0,5,0,1.032,0
50.0,72611.0,5965.0,20.0,697.0,47303.0,0.403,0,4,1,-0.077,0
46.0,30676.0,2553.0,5.4,692.0,9844.0,0.296,1,3,0,0.349,0
28.0,41412.0,3426.0,1.1,625.0,11272.0,0.101,1,1,0,0.328,0
57.0,54283.0,4494.0,13.2,592.0,6060.0,0.141,3,2,0,0.556,0
44.0,32107.0,2739.0,3.5,768.0,19819.0,0.404,0,3,0,0.162,0
34.0,22320.0,1940.0,7.8,604.0,9422.0,0.296,0,3,0,1.087,0
31.0,51197.0,4240.0,8.3,586.0,15473.0,0.298,1,2,0,-1.241,1
41.0,71165.0,5774.0,13.7,668.0,41110.0,0.3,0,2,0,0.664,0
21.0,71785.0,5954.0,0.6,609.0,18347.0,0.349,4,2,0,-0.469,1
46.0,81548.0,6822.0,11.2,739.0,33314.0,0.453,0,3,0,0.062,0
28.0,27337.0,2276.0,1.3,642.0,10305.0,0.345,1,3,0,2.254,0
42.0,56452.0,4762.0,14.1,750.0,14264.0,0.331,2,1,0,1.305,0
32.0,48741.0,4241.0,5.1,694.0,31332.0,0.243,0,2,0,-1.66,0
35.0,52883.0,4256.0,4.6,635.0,30699.0,0.146,2,1,0,-0.416,0
30.0,50000.0,4124.0,6.4,741.0,21983.0,0.347,1,3,0,-0.723,1
36.0,40859.0,3510.0,6.1,618.0,23226.0,0.356,1,0,0,0.657,0
59.0,15000.0,1237.0,6.5,641.0,1756.0,0.41,0,2,1,1.198,0
53.0,92773.0,7853.0,16.1,705.0,34546.0,0.471,0,3,0,-1.007,1
42.0,63805.0,5384.0,6.3,679.0,31910.0,0.184,1,3,0,-0.232,0
38.0,28202.0,2408.0,13.0,619.0,9740.0,0.239,1,1,0,0.126,0
47.0,68050.0,5888.0,1.3,553.0,39850.0,0.367,2,2,0,-0.605,1
50.0,44972.0,3773.0,26.0,672.0,19863.0,0.3,0,2,0,0.119,0
29.0,45549.0,3663.0,4.1,611.0,15357.0,0.444,2,3,0,0.785,1
37.0,38921.0,3198.0,0.3,662.0,14071.0,0.281,0,5,0,0.502,0
21.0,70032.0,6091.0,0.1,631.0,41122.0,0.5,1,2,0,-0.525,0
50.0,38375.0,3107.0,28.7,624.0,3813.0,0.306,0,4,0,1.554,0
61.0,33574.0,2826.0,21.9,652.0,22784.0,0.463,1,1,0,-2.209,0
39.0,91526.0,7244.0,14.5,662.0,8514.0,0.059,2,2,0,-2.146,0
21.0,50746.0,4115.0,0.9,709.0,7587.0,0.349,1,4,0,-0.464,0
45.0,51468.0,4365.0,7.9,694.0,33848.0,0.302,2,2,0,0.329,0
28.0,75109.0,6264.0,4.4,809.0,24849.0,0.091,0,2,0,-1.06,0
31.0,40728.0,3368.0,7.0,673.0,16070.0,0.298,2,3,0,2.422,1
45.0,44552.0,3652.0,20.9,623.0,14683.0,0.176,1,2,1,0.156,0
41.0,63112.0,5049.0,8.7,653.0,7560.0,0.248,1,3,0,-0.163,0
33.0,27487.0,2322.0,12.0,706.0,13920.0,0.331,1,6,0,1.003,0
31.0,60754.0,5034.0,6.6,734.0,34435.0,0.288,0,1,0,-1.546,1
39.0,39145.0,3163.0,16.9,762.0,7533.0,0.336,1,1,1,1.435,0
33.0,80826.0,6740.0,1.1,589.0,49633.0,0.316,0,1,0,-1.196,0
26.0,70339.0,5930.0,2.7,751.0,8782.0,0.535,1,3,0,-1.276,0
34.0,66279.0,5501.0,2.6,658.0,41830.0,0.326,3,3,1,0.125,0
42.0,26688.0,2229.0,19.8,605.0,15372.0,0.311,0,2,1,-0.545,0
36.0,52500.0,4378.0,3.8,648.0,38539.0,0.342,1,1,0,0.765,0
22.0,32381.0,2660.0,1.7,746.0,21375.0,0.297,1,3,0,-0.401,1
49.0,54095.0,4513.0,1.8,693.0,36967.0,0.142,1,1,0,0.889,0
21.0,19404.0,1641.0,0.2,575.0,14907.0,0.369,3,4,0,0.634,1
33.0,27494.0,2339.0,4.2,578.0,18785.0,0.429,5,3,0,0.364,1
31.0,93916.0,7950.0,8.7,578.0,60792.0,0.456,2,2,0,0.019,1
40.0,64936.0,5338.0,4.9,611.0,12799.0,0.369,0,1,0,-0.4,0
44.0,46905.0,3958.0,19.8,675.0,28908.0,0.273,1,4,0,-0.201,0
50.0,36540.0,3073.0,24.0,593.0,19166.0,0.326,3,0,0,0.043,0
30.0,33765.0,2774.0,10.1,635.0,26038.0,0.479,0,4,0,0.823,1
44.0,60184.0,4969.0,16.6,766.0,35510.0,0.278,0,3,1,0.164,0
40.0,47120.0,3980.0,12.8,780.0,11529.0,0.181,0,2,0,-0.635,0
21.0,110313.0,9446.0,0.6,769.0,19095.0,0.521,0,1,0,0.747,0
59.0,50612.0,4065.0,4.3,536.0,13211.0,0.198,3,2,0,-0.47,0
22.0,56473.0,4860.0,1.1,778.0,23160.0,0.143,0,3,0,1.457,0
43.0,29444.0,2511.0,19.3,676.0,15882.0,0.332,0,1,1,0.532,0
42.0,46760.0,3912.0,0.5,666.0,9881.0,0.341,0,4,0,1.391,0
41.0,59560.0,4939.0,2.7,733.0,13378.0,0.346,1,2,1,-0.017,0
33.0,46506.0,3906.0,7.5,713.0,12854.0,0.388,0,0,0,0.654,0
47.0,44203.0,3636.0,23.0,541.0,28974.0,0.284,1,1,0,-0.037,1
21.0,63716.0,5291.0,0.3,617.0,20648.0,0.285,2,4,0,-0.592,1
37.0,108745.0,8795.0,15.1,642.0,11830.0,0.243,0,0,0,0.705,0
32.0,58708.0,4722.0,4.0,569.0,26934.0,0.314,2,3,0,-0.575,0
31.0,92039.0,8028.0,4.9,732.0,5013.0,0.354,0,3,0,-0.589,0
43.0,72752.0,6070.0,21.6,772.0,40398.0,0.391,0,2,0,-1.713,0
50.0,89594.0,7497.0,12.5,665.0,61064.0,0.21,3,5,0,1.341,0
34.0,41803.0,3481.0,8.5,685.0,7307.0,0.175,1,3,0,-0.371,0
47.0,50110.0,4107.0,24.9,672.0,34248.0,0.388,1,2,0,-0.408,1
39.0,50204.0,4158.0,4.9,669.0,28077.0,0.247,0,4,0,-0.565,0
28.0,70327.0,5871.0,0.8,739.0,8715.0,0.201,0,2,0,-0.391,0
35.0,78564.0,6521.0,14.5,544.0,17357.0,0.115,2,5,1,-0.702,0
35.0,58184.0,4776.0,8.2,698.0,12830.0,0.441,0,2,0,-1.122,0
30.0,81602.0,6865.0,10.0,666.0,16671.0,0.328,0,3,0,0.61,0
43.0,42684.0,3570.0,19.7,620.0,12844.0,0.355,0,1,1,-0.63,0
41.0,81921.0,6880.0,12.2,631.0,59864.0,0.344,1,2,1,0.989,0
21.0,86873.0,7342.0,0.5,789.0,18947.0,0.321,1,2,1,0.101,0
21.0,74605.0,6196.0,0.5,567.0,55583.0,0.298,0,1,0,-2.072,1
43.0,58423.0,4852.0,3.8,650.0,27006.0,0.293,3,2,0,0.609,1
29.0,75817.0,6505.0,4.1,776.0,33191.0,0.202,0,5,1,0.013,0
41.0,36783.0,3007.0,17.5,580.0,20427.0,0.123,2,0,0,0.086,0
47.0,60135.0,4823.0,26.3,641.0,39344.0,0.525,3,1,0,0.684,1
24.0,62964.0,5305.0,3.9,665.0,48371.0,0.304,2,3,0,-0.823,0
22.0,30237.0,2488.0,2.4,690.0,1573.0,0.256,0,2,1,1.274,0
56.0,68094.0,5552.0,0.7,655.0,23738.0,0.22,1,2,0,-0.378,0
42.0,31355.0,2659.0,11.3,603.0,5778.0,0.405,2,3,0,1.661,1
33.0,45366.0,3770.0,2.7,693.0,7432.0,0.314,1,7,1,-1.192,0
28.0,55993.0,4548.0,4.8,655.0,8974.0,0.214,2,2,1,-1.034,0
32.0,39587.0,3427.0,11.7,710.0,23053.0,0.27,0,2,1,0.188,0
25.0,57082.0,4604.0,4.3,727.0,5043.0,0.331,2,1,0,0.369,0
48.0,56672.0,4714.0,24.0,568.0,38398.0,0.261,0,2,0,-0.079,0
29.0,38025.0,3049.0,3.5,734.0,23364.0,0.382,0,3,0,0.151,0
50.0,71017.0,5950.0,15.0,650.0,25350.0,0.512,0,3,0,0.931,1
34.0,38996.0,3208.0,3.8,720.0,14393.0,0.258,0,1,0,-0.279,0
27.0,153995.0,13043.0,3.6,696.0,86048.0,0.272,1,4,0,-1.077,0
33.0,52356.0,4361.0,4.0,792.0,3041.0,0.217,1,4,0,1.389,0
21.0,32468.0,2779.0,0.8,661.0,11050.0,0.285,2,0,0,1.161,0
37.0,35318.0,2918.0,7.7,636.0,6537.0,0.104,0,3,0,1.016,0
36.0,92180.0,7435.0,11.3,630.0,17107.0,0.41,0,2,1,-1.222,0
47.0,45751.0,3831.0,23.6,599.0,21180.0,0.167,4,3,0,-0.86,0
21.0,29774.0,2469.0,0.3,717.0,6980.0,0.219,0,2,1,0.517,0
51.0,80762.0,6485.0,19.1,592.0,26763.0,0.308,2,1,0,1.791,0
47.0,45619.0,3721.0,22.9,727.0,26823.0,0.438,0,2,0,1.484,0
52.0,73801.0,6059.0,30.2,659.0,38045.0,0.215,1,3,1,-0.165,0
37.0,83792.0,7200.0,2.8,538.0,24930.0,0.281,1,1,1,-0.824,1
49.0,62230.0,5259.0,19.9,774.0,5427.0,0.329,0,3,0,-1.07,0
22.0,161659.0,13378.0,0.8,424.0,11316.0,0.233,4,2,0,-0.291,1
46.0,25310.0,2129.0,7.4,658.0,10520.0,0.288,1,3,0,2.756,0
30.0,38063.0,3043.0,1.5,677.0,13937.0,0.141,0,5,0,-1.035,0
21.0,49016.0,4039.0,0.6,499.0,31730.0,0.247,3,2,0,0.007,0
26.0,152149.0,12781.0,1.9,692.0,16967.0,0.423,0,5,0,-0.792,0
38.0,123524.0,10328.0,12.1,619.0,84916.0,0.382,0,2,1,0.28,0
29.0,98223.0,8097.0,2.5,644.0,20568.0,0.256,1,1,0,-1.83,0
42.0,38474.0,3204.0,0.0,754.0,12044.0,0.199,0,3,0,-1.17,0
21.0,40547.0,3402.0,0.8,670.0,28178.0,0.279,1,4,0,-0.988,1
21.0,37882.0,3156.0,0.2,636.0,25693.0,0.154,1,3,0,-1.216,0
53.0,38659.0,3277.0,8.4,652.0,16862.0,0.28,2,6,0,-0.868,0
48.0,107668.0,9030.0,6.6,788.0,11978.0,0.259,2,4,0,-0.0,0
26.0,49286.0,4149.0,2.2,689.0,24291.0,0.255,0,2,0,1.383,0
38.0,52309.0,4508.0,8.7,602.0,32500.0,0.286,0,3,0,-0.241,1
49.0,77930.0,6602.0,23.7,638.0,19228.0,0.354,1,2,0,-0.801,1
43.0,26017.0,2244.0,14.7,584.0,4873.0,0.196,3,2,0,0.479,1
40.0,56319.0,4630.0,2.9,630.0,23810.0,0.396,0,2,0,0.997,1
50.0,33574.0,2709.0,5.5,775.0,20546.0,0.413,0,1,0,-1.2,0
30.0,48175.0,4003.0,8.4,653.0,20651.0,0.52,1,1,0,-0.833,1
38.0,42243.0,3504.0,4.6,569.0,9699.0,0.33,1,0,0,-0.737,0
38.0,41274.0,3540.0,3.9,692.0,28962.0,0.447,1,1,1,-0.304,0
35.0,60876.0,4958.0,0.1,633.0,42857.0,0.398,1,5,1,-0.217,1
34.0,60757.0,5055.0,10.6,705.0,33036.0,0.319,1,1,0,0.13,0
39.0,49820.0,4185.0,13.9,650.0,5267.0,0.178,0,2,0,-0.366,0
38.0,64984.0,5426.0,6.4,764.0,14563.0,0.39,0,1,0,0.548,0
26.0,37206.0,3090.0,0.0,596.0,19124.0,0.324,1,4,0,-0.324,1
47.0,74742.0,6273.0,21.1,589.0,47534.0,0.479,1,2,0,-1.599,1
27.0,50126.0,4267.0,0.7,726.0,20336.0,0.374,0,0,0,0.54,0
36.0,44242.0,3800.0,7.2,523.0,12301.0,0.406,1,3,0,-0.875,1
35.0,38463.0,3207.0,12.4,654.0,27439.0,0.242,0,4,0,-0.472,0
42.0,49338.0,4044.0,5.4,719.0,16578.0,0.324,2,1,0,0.76,1
21.0,127628.0,10962.0,0.4,507.0,94085.0,0.108,0,1,0,0.375,0
48.0,53455.0,4359.0,18.4,674.0,24015.0,0.355,2,2,0,-0.556,0
31.0,32863.0,2837.0,7.1,559.0,16784.0,0.422,3,2,0,1.149,1
51.0,83163.0,7117.0,14.5,538.0,11952.0,0.439,3,2,1,1.078,0
33.0,44477.0,3817.0,5.5,588.0,11150.0,0.265,3,0,0,-1.33,1
37.0,62491.0,5279.0,7.3,651.0,48806.0,0.119,2,2,0,-2.905,0
59.0,41879.0,3342.0,19.0,620.0,24667.0,0.246,3,4,0,-0.045,0
35.0,97874.0,7987.0,5.2,740.0,39914.0,0.292,1,3,1,-0.196,0
52.0,42161.0,3535.0,8.1,670.0,18596.0,0.341,1,3,0,0.843,1
38.0,103169.0,8481.0,5.8,629.0,11952.0,0.097,2,0,0,1.406,0
43.0,34301.0,2840.0,10.8,574.0,21867.0,0.29,2,3,0,1.553,1
39.0,48208.0,4067.0,7.2,679.0,4991.0,0.196,1,3,0,2.01,0
47.0,103268.0,8576.0,16.0,812.0,35136.0,0.445,0,1,0,-1.082,0
30.0,59324.0,4823.0,6.6,614.0,21237.0,0.067,0,2,1,1.462,0
27.0,152855.0,12964.0,7.1,623.0,76781.0,0.401,1,0,0,-1.668,1
31.0,48726.0,4102.0,6.8,589.0,17622.0,0.284,3,3,0,-2.616,1
39.0,61744.0,5120.0,14.0,750.0,47576.0,0.095,0,5,0,-1.289,0
36.0,129626.0,10956.0,1.5,726.0,84053.0,0.468,0,3,0,0.083,0
46.0,27829.0,2323.0,19.6,639.0,21414.0,0.435,2,1,0,0.402,1
52.0,26320.0,2252.0,16.5,626.0,11556.0,0.425,0,1,0,-0.421,0
27.0,38450.0,3214.0,6.3,597.0,10638.0,0.309,2,4,0,-0.102,0
30.0,79309.0,6784.0,9.6,645.0,62335.0,0.233,0,3,0,0.159,0
22.0,26653.0,2138.0,0.5,732.0,2956.0,0.307,0,4,0,-0.028,0
60.0,71952.0,6051.0,37.5,682.0,53627.0,0.355,1,1,0,-1.108,0
41.0,69711.0,5763.0,14.3,757.0,8493.0,0.246,0,1,0,0.126,0
43.0,136157.0,11151.0,17.2,618.0,89207.0,0.214,1,3,0,1.478,0
23.0,88041.0,7507.0,1.5,499.0,55901.0,0.349,2,5,0,-0.19,1
38.0,64790.0,5495.0,6.4,846.0,35296.0,0.32,1,1,0,-1.35,0
44.0,101387.0,8110.0,18.9,684.0,64575.0,0.393,0,2,0,1.741,0
35.0,70094.0,5925.0,0.3,715.0,8134.0,0.452,0,1,0,0.075,0
50.0,44715.0,3771.0,16.1,613.0,14762.0,0.386,0,2,0,-0.258,1
63.0,32860.0,2699.0,3.2,566.0,9936.0,0.185,1,3,0,1.599,0
28.0,42569.0,3488.0,1.9,672.0,33465.0,0.299,1,3,0,-0.82,1
27.0,54017.0,4358.0,4.9,523.0,21845.0,0.339,1,0,0,0.303,1
28.0,59507.0,4925.0,6.3,644.0,5191.0,0.381,1,3,0,-1.742,1
56.0,21041.0,1747.0,31.7,747.0,5144.0,0.386,1,5,0,-0.74,0
49.0,49826.0,4218.0,21.1,702.0,34034.0,0.294,1,2,0,-1.468,1
37.0,55712.0,4668.0,11.1,683.0,40042.0,0.251,1,0,0,-0.173,0
38.0,70367.0,5740.0,17.4,791.0,52460.0,0.401,0,3,0,0.518,0
29.0,114365.0,9576.0,4.8,689.0,18080.0,0.338,0,5,0,-0.184,1
48.0,59792.0,4957.0,18.2,536.0,33846.0,0.328,0,6,0,0.545,1
34.0,36526.0,2987.0,12.0,656.0,12848.0,0.23,2,4,0,-0.007,0
35.0,24269.0,1958.0,11.6,801.0,14600.0,0.51,0,6,0,-1.019,0
45.0,74925.0,6322.0,19.0,648.0,50071.0,0.325,2,3,0,0.947,1
36.0,37198.0,3127.0,8.6,795.0,9148.0,0.291,0,3,0,0.649,0
35.0,81240.0,6845.0,8.1,736.0,34548.0,0.325,0,3,0,0.672,0
38.0,103149.0,8471.0,11.8,637.0,30477.0,0.287,1,5,0,-0.624,0
47.0,27454.0,2296.0,18.7,594.0,10760.0,0.171,1,2,0,-1.603,0
56.0,70569.0,5719.0,19.7,694.0,18910.0,0.33,1,1,0,0.034,0
44.0,98397.0,8038.0,4.5,751.0,29984.0,0.155,1,3,0,0.934,0
47.0,86999.0,7255.0,6.7,553.0,22116.0,0.31,2,1,0,-0.446,1
36.0,21412.0,1794.0,7.8,672.0,5863.0,0.141,0,4,0,-0.666,0
30.0,37457.0,3020.0,2.1,518.0,18109.0,0.085,2,2,0,0.326,0
45.0,30915.0,2522.0,10.7,642.0,15464.0,0.361,1,3,0,-1.716,1
40.0,69609.0,5758.0,2.9,546.0,51549.0,0.19,1,3,1,-1.926,0
22.0,66243.0,5626.0,0.3,700.0,22717.0,0.343,2,2,0,0.735,0
34.0,16335.0,1339.0,12.1,618.0,8871.0,0.317,0,2,0,0.143,0
37.0,48036.0,4014.0,9.3,746.0,37185.0,0.315,1,2,0,0.415,1
32.0,78859.0,6604.0,9.7,627.0,31525.0,0.237,0,3,0,0.119,0
54.0,58787.0,4874.0,0.4,616.0,37292.0,0.287,0,2,0,-1.455,1
43.0,58742.0,4921.0,6.6,550.0,45661.0,0.234,6,3,0,-0.73,1
53.0,46669.0,3784.0,0.6,688.0,29977.0,0.394,2,0,1,-0.342,0
41.0,34152.0,2809.0,0.1,694.0,3770.0,0.252,0,1,0,0.5,0
39.0,54579.0,4679.0,0.6,726.0,10634.0,0.275,1,2,0,-0.493,0
28.0,56305.0,4833.0,4.0,708.0,15268.0,0.374,0,0,0,0.46,1
38.0,72544.0,6147.0,1.6,689.0,40963.0,0.238,0,4,0,-0.813,1
38.0,75246.0,6408.0,14.5,709.0,41654.0,0.121,0,3,1,1.483,0
23.0,57167.0,4590.0,1.5,710.0,8739.0,0.194,0,1,1,0.129,0
32.0,90021.0,7359.0,3.0,725.0,34839.0,0.406,0,2,0,0.386,1
34.0,46461.0,3848.0,12.1,559.0,17022.0,0.308,4,1,0,0.49,1
43.0,28718.0,2509.0,11.5,633.0,16295.0,0.329,2,1,0,-2.512,0
43.0,68170.0,5645.0,8.1,550.0,16750.0,0.33,2,3,0,0.361,0
32.0,58219.0,4924.0,6.6,687.0,13293.0,0.479,0,2,0,-0.109,0
43.0,68783.0,5775.0,15.6,782.0,34222.0,0.092,0,1,0,-0.326,0
36.0,31135.0,2613.0,8.9,727.0,3491.0,0.287,0,1,1,0.355,0
21.0,123124.0,10255.0,0.9,618.0,67920.0,0.303,0,1,1,-0.479,0
33.0,75721.0,6159.0,4.5,698.0,28742.0,0.298,1,0,0,1.294,0
50.0,48315.0,3809.0,12.2,691.0,21851.0,0.38,1,2,0,1.791,0
21.0,36103.0,3086.0,0.9,677.0,23521.0,0.382,2,2,0,0.154,0
39.0,89305.0,7350.0,12.3,575.0,16586.0,0.278,3,5,0,0.765,1
55.0,33500.0,2687.0,34.2,769.0,6950.0,0.131,1,2,0,-0.363,0
30.0,152162.0,12791.0,7.6,581.0,110441.0,0.551,3,4,0,-1.13,1
38.0,41737.0,3507.0,9.2,639.0,25282.0,0.299,0,3,0,0.389,1
24.0,119290.0,10094.0,2.3,728.0,29467.0,0.309,0,1,1,-1.099,0
56.0,50619.0,4312.0,14.6,641.0,29893.0,0.426,0,2,0,-0.699,0
37.0,112019.0,9163.0,2.2,667.0,44011.0,0.261,0,3,0,-0.027,0
39.0,39513.0,3235.0,7.5,672.0,20269.0,0.429,0,4,1,-0.124,0
53.0,55468.0,4593.0,9.3,669.0,35499.0,0.269,0,2,0,-0.055,0
45.0,79002.0,6692.0,17.1,677.0,6602.0,0.483,0,1,0,1.09,0
28.0,74089.0,5914.0,5.6,678.0,37666.0,0.346,0,6,0,0.983,0
31.0,90258.0,7541.0,10.2,670.0,27425.0,0.232,1,1,0,0.967,0
43.0,44167.0,3749.0,1.9,598.0,19306.0,0.518,2,4,0,0.181,1
31.0,57140.0,4846.0,5.2,554.0,18446.0,0.36,2,1,0,-1.276,1
21.0,96458.0,8152.0,0.4,730.0,72902.0,0.239,1,3,0,-0.325,0
37.0,40044.0,3408.0,9.2,738.0,19936.0,0.159,0,2,1,-0.646,0
22.0,71163.0,5604.0,0.2,684.0,48743.0,0.37,2,1,0,0.122,1
56.0,49835.0,4287.0,17.6,692.0,12087.0,0.438,2,3,1,1.117,0
40.0,60339.0,5061.0,13.1,602.0,19517.0,0.339,0,2,0,0.342,0
28.0,57133.0,4888.0,2.5,491.0,36582.0,0.333,2,1,0,-0.147,1
30.0,38575.0,3139.0,6.7,646.0,8711.0,0.456,1,2,0,0.705,1
21.0,48912.0,3933.0,0.3,527.0,39129.0,0.36,1,3,0,-0.075,1
26.0,58707.0,5067.0,2.2,674.0,31999.0,0.234,2,3,0,-0.175,1
49.0,52515.0,4295.0,26.5,765.0,37948.0,0.239,1,4,0,0.7,1
63.0,111616.0,9244.0,1.1,617.0,14330.0,0.356,1,2,0,0.454,1
46.0,86644.0,7297.0,7.1,624.0,31224.0,0.35,0,6,0,-0.661,0
37.0,62666.0,5303.0,15.9,598.0,18922.0,0.409,0,2,0,-1.425,0
33.0,39014.0,3321.0,1.9,664.0,30361.0,0.337,2,3,0,0.172,1
27.0,37960.0,3177.0,3.0,659.0,6019.0,0.368,1,3,0,-0.341,0
61.0,133693.0,10906.0,18.5,598.0,81703.0,0.335,0,4,0,-0.443,0
36.0,34914.0,2951.0,10.4,729.0,18265.0,0.396,0,1,0,-0.527,0
61.0,57891.0,4894.0,25.2,850.0,39859.0,0.375,0,6,0,-0.112,0
53.0,64700.0,5196.0,20.9,754.0,50658.0,0.274,2,4,0,0.037,0
21.0,47810.0,4097.0,0.9,653.0,31288.0,0.281,0,2,0,-0.556,1
31.0,35035.0,2774.0,4.2,654.0,8377.0,0.332,1,4,0,-0.829,0
31.0,38634.0,3286.0,5.2,627.0,26104.0,0.311,0,6,0,-1.724,1
37.0,43009.0,3539.0,16.5,631.0,19142.0,0.431,0,0,1,0.031,0
37.0,39967.0,3378.0,2.2,728.0,21582.0,0.321,0,4,0,0.735,0
70.0,99964.0,8415.0,40.0,750.0,26024.0,0.158,0,1,0,0.132,0
26.0,54775.0,4561.0,5.8,581.0,36261.0,0.182,5,1,1,-1.438,1
41.0,43451.0,3654.0,19.6,695.0,16657.0,0.276,0,2,1,-0.861,0
45.0,57712.0,4801.0,1.7,739.0,37875.0,0.372,1,4,1,-1.055,0
38.0,74285.0,6279.0,10.4,641.0,27518.0,0.227,2,1,0,-0.907,0
39.0,47099.0,4096.0,16.1,653.0,24134.0,0.365,0,4,0,-0.741,1
27.0,82535.0,6693.0,2.0,710.0,10502.0,0.223,0,2,0,-0.662,0
39.0,31041.0,2422.0,11.3,716.0,3705.0,0.316,0,0,0,2.282,0
44.0,93169.0,7700.0,6.1,693.0,71249.0,0.341,0,7,0,-0.564,0
42.0,54779.0,4521.0,2.8,679.0,32569.0,0.186,1,1,1,-1.974,1
44.0,53824.0,4451.0,20.7,698.0,9663.0,0.34,2,3,1,1.001,0
54.0,40265.0,3293.0,32.9,657.0,20064.0,0.462,0,3,0,0.111,0
48.0,31652.0,2684.0,2.0,583.0,20127.0,0.28,0,1,0,0.841,0
39.0,25980.0,2105.0,2.3,552.0,12965.0,0.308,1,3,0,-0.087,0
25.0,39020.0,3281.0,3.0,703.0,15075.0,0.325,1,3,0,1.328,0
31.0,71649.0,6047.0,1.0,668.0,48466.0,0.309,1,1,0,0.156,1
36.0,35686.0,2993.0,9.8,697.0,3143.0,0.302,2,2,1,0.954,0
41.0,27400.0,2306.0,14.9,609.0,14385.0,0.295,1,3,0,0.918,0
33.0,36534.0,3102.0,5.3,670.0,14788.0,0.143,2,5,0,-0.378,0
28.0,46254.0,3859.0,5.8,668.0,24798.0,0.345,1,3,0,0.192,1
25.0,47080.0,3896.0,0.6,750.0,12610.0,0.193,0,3,0,1.161,0
21.0,51901.0,4367.0,0.3,720.0,8919.0,0.338,0,1,0,0.492,0
35.0,87532.0,7382.0,12.5,614.0,68332.0,0.37,0,4,0,1.01,0
22.0,96496.0,8184.0,0.2,695.0,67371.0,0.341,0,2,0,2.419,0
27.0,135611.0,10914.0,2.0,609.0,99228.0,0.212,0,1,1,-0.494,0
34.0,26473.0,2198.0,8.5,481.0,16587.0,0.332,0,2,0,-0.326,1
23.0,37419.0,3052.0,0.8,781.0,3693.0,0.279,0,0,1,-1.555,0
42.0,75313.0,6346.0,10.7,639.0,39233.0,0.241,0,5,0,-1.058,0
46.0,44836.0,3791.0,21.9,744.0,15068.0,0.506,0,2,0,-0.717,1
32.0,81019.0,6715.0,3.2,615.0,24364.0,0.21,1,7,0,0.341,1
33.0,60373.0,4958.0,5.8,606.0,14303.0,0.349,0,3,1,-0.241,0
44.0,111941.0,9440.0,0.4,622.0,20765.0,0.453,1,1,0,-0.574,0
30.0,87931.0,7308.0,7.2,681.0,13593.0,0.338,0,4,0,-0.195,0
29.0,88658.0,7599.0,3.3,674.0,12493.0,0.238,0,4,0,-0.581,0
51.0,45695.0,3943.0,26.8,708.0,26671.0,0.245,0,2,0,-0.3,0
48.0,52640.0,4474.0,2.5,626.0,39365.0,0.16,1,2,0,-1.479,0
45.0,47941.0,4014.0,19.3,672.0,16072.0,0.309,1,1,0,1.368,0
48.0,27929.0,2412.0,22.9,612.0,3617.0,0.313,0,6,0,-0.251,0
21.0,106658.0,8931.0,0.8,763.0,23024.0,0.275,0,3,1,-0.6,0
53.0,76919.0,6349.0,24.2,580.0,46940.0,0.442,1,4,0,-0.255,0
42.0,47090.0,3871.0,5.3,605.0,14664.0,0.296,4,2,1,-0.885,0
49.0,98929.0,8128.0,12.1,636.0,54126.0,0.145,1,3,0,1.112,0
42.0,41416.0,3451.0,8.6,832.0,8458.0,0.452,0,4,0,-1.429,0
39.0,24051.0,2023.0,4.5,716.0,14853.0,0.185,0,4,0,0.095,1
35.0,86544.0,7008.0,7.4,604.0,46853.0,0.355,0,4,0,1.61,0
42.0,30938.0,2555.0,15.4,725.0,6704.0,0.368,0,3,0,-0.783,0
35.0,50362.0,4215.0,7.0,700.0,37720.0,0.296,1,4,0,-2.127,0
48.0,60346.0,5094.0,26.8,693.0,26672.0,0.398,2,2,0,-0.138,0
21.0,65418.0,5449.0,0.7,709.0,14058.0,0.312,0,5,0,-0.2,0
32.0,80569.0,6747.0,5.3,667.0,38271.0,0.268,0,4,0,-0.142,0
60.0,71430.0,5805.0,16.4,680.0,25821.0,0.096,0,6,0,-0.641,0
31.0,70442.0,5763.0,6.5,555.0,51976.0,0.131,0,6,0,0.245,0
35.0,38532.0,3207.0,6.6,764.0,10881.0,0.58,0,1,0,0.83,0
28.0,62787.0,5286.0,1.8,630.0,44876.0,0.378,2,3,0,-0.592,1
42.0,27934.0,2339.0,11.3,579.0,16950.0,0.43,3,6,1,0.205,0
30.0,111085.0,9100.0,6.7,628.0,62199.0,0.556,2,2,0,-0.726,1
36.0,29259.0,2427.0,5.7,630.0,5497.0,0.269,0,4,1,2.097,0
47.0,47061.0,4040.0,7.7,608.0,5393.0,0.291,0,2,0,1.047,0
30.0,30382.0,2559.0,2.2,716.0,21216.0,0.14,0,1,0,1.909,1
47.0,39597.0,3289.0,9.7,733.0,18924.0,0.276,1,1,0,0.879,0
47.0,55333.0,4517.0,6.6,526.0,42826.0,0.273,2,3,0,-1.297,1
50.0,43354.0,3561.0,22.6,635.0,18958.0,0.266,0,0,0,-0.746,1
40.0,92042.0,7671.0,12.5,635.0,45426.0,0.41,1,1,1,0.673,0
70.0,60913.0,5104.0,14.3,655.0,48598.0,0.376,2,2,0,-0.322,0
50.0,44658.0,3764.0,29.4,794.0,26210.0,0.397,0,2,1,0.673,0
42.0,51791.0,4349.0,13.9,610.0,16574.0,0.183,0,1,0,-0.195,0
28.0,95221.0,7876.0,1.2,770.0,63879.0,0.308,0,4,0,0.803,0
37.0,82791.0,6829.0,14.0,657.0,22488.0,0.339,1,2,1,1.962,0
54.0,32947.0,2858.0,25.4,783.0,14622.0,0.492,1,3,0,-1.328,0
57.0,40489.0,3337.0,18.4,647.0,9250.0,0.317,0,1,0,-1.617,0
54.0,68101.0,5528.0,8.0,634.0,54209.0,0.288,0,3,0,-0.276,0
47.0,64480.0,5197.0,21.6,669.0,48417.0,0.414,0,3,1,-0.058,0
24.0,34283.0,2837.0,0.5,751.0,24183.0,0.279,1,4,0,-0.532,0
43.0,77049.0,6541.0,9.8,676.0,27033.0,0.352,2,4,0,0.382,1
24.0,36835.0,3034.0,3.6,676.0,21968.0,0.349,0,4,1,-0.339,0
22.0,98895.0,8485.0,1.3,705.0,24287.0,0.253,0,1,1,-0.805,0
41.0,69797.0,5816.0,13.0,605.0,23905.0,0.236,0,3,0,0.266,1
44.0,33048.0,2815.0,0.2,684.0,21594.0,0.297,2,5,0,0.788,0
48.0,43347.0,3558.0,9.3,621.0,4001.0,0.257,2,1,1,0.212,0
43.0,43010.0,3531.0,20.0,773.0,3747.0,0.15,0,1,0,1.902,0
44.0,59103.0,4934.0,17.2,698.0,32259.0,0.372,0,2,0,-0.338,0
27.0,50176.0,4222.0,5.8,711.0,31659.0,0.357,0,2,0,-0.898,0
37.0,32847.0,2727.0,1.1,518.0,11091.0,0.226,0,2,0,0.265,0
21.0,29368.0,2462.0,1.3,710.0,16329.0,0.216,0,2,1,-1.766,0
21.0,70414.0,5937.0,0.2,648.0,51208.0,0.349,2,0,0,1.977,0
46.0,62561.0,5065.0,8.7,564.0,7819.0,0.475,0,3,0,1.669,0
30.0,57675.0,4773.0,8.2,671.0,38809.0,0.402,2,5,0,1.328,0
48.0,62126.0,5123.0,11.2,559.0,30212.0,0.42,2,2,1,-2.31,1
50.0,41630.0,3437.0,19.4,712.0,15268.0,0.27,0,2,0,-0.42,0
31.0,59748.0,5019.0,6.2,763.0,5305.0,0.342,0,2,0,-0.035,0
44.0,172373.0,14219.0,21.2,545.0,58272.0,0.287,1,1,0,0.086,0
31.0,93306.0,7464.0,1.7,659.0,60222.0,0.227,0,2,0,0.676,0
21.0,48306.0,4006.0,0.1,649.0,22050.0,0.32,2,1,1,1.061,0
39.0,43459.0,3544.0,12.2,527.0,7920.0,0.213,3,0,0,1.626,0
33.0,15182.0,1278.0,10.8,730.0,3403.0,0.225,0,1,0,0.751,0
33.0,88965.0,7533.0,12.1,710.0,61005.0,0.255,0,2,0,-0.14,0
60.0,78359.0,6246.0,15.9,810.0,29360.0,0.266,1,1,0,-0.042,0
21.0,43061.0,3533.0,0.9,695.0,5237.0,0.297,0,3,1,0.729,0
42.0,28878.0,2423.0,8.7,603.0,22524.0,0.093,0,3,1,-1.194,0
27.0,32703.0,2648.0,2.3,697.0,7852.0,0.207,1,6,0,-0.169,0
48.0,67176.0,5686.0,0.7,750.0,43487.0,0.457,0,2,1,1.63,0
41.0,52833.0,4495.0,5.3,630.0,3149.0,0.299,0,3,0,0.666,0
42.0,75080.0,6236.0,3.8,722.0,18197.0,0.356,0,5,0,1.064,0
28.0,57182.0,4691.0,2.0,496.0,17317.0,0.342,0,2,0,0.299,0
30.0,84976.0,6754.0,2.8,765.0,59022.0,0.289,1,3,0,0.994,0
48.0,64952.0,5501.0,24.2,728.0,39683.0,0.212,1,0,0,0.521,0
57.0,79861.0,6922.0,7.6,486.0,22442.0,0.245,0,0,0,1.875,1
43.0,21477.0,1854.0,19.1,696.0,13758.0,0.496,3,2,0,-0.42,1
28.0,31560.0,2620.0,7.0,524.0,20752.0,0.247,3,3,0,-0.731,1
42.0,46683.0,3805.0,10.1,622.0,20261.0,0.472,1,0,0,-1.735,0
65.0,89402.0,7575.0,32.4,724.0,38525.0,0.258,0,1,0,-0.024,0
39.0,128197.0,10656.0,6.1,654.0,55400.0,0.268,3,3,0,0.919,0
54.0,51082.0,4298.0,0.6,748.0,8967.0,0.308,0,4,0,1.257,0
30.0,41768.0,3502.0,7.0,668.0,27548.0,0.282,1,6,0,0.044,1
38.0,22819.0,1905.0,10.6,663.0,13371.0,0.206,0,2,0,1.376,0
45.0,81121.0,6899.0,11.4,743.0,55733.0,0.299,0,5,0,0.306,0
42.0,42938.0,3654.0,20.1,646.0,28414.0,0.153,1,6,0,-1.158,0
30.0,208218.0,17170.0,7.0,662.0,133067.0,0.336,0,0,0,0.906,0
29.0,39433.0,3225.0,3.9,669.0,25051.0,0.322,3,1,1,-0.584,0
49.0,141841.0,11229.0,1.5,656.0,107563.0,0.373,1,1,0,-0.435,1
51.0,77023.0,6374.0,27.3,755.0,38824.0,0.25,1,1,1,1.312,0
55.0,34626.0,2822.0,34.1,630.0,23233.0,0.374,0,3,0,1.316,0
58.0,61056.0,5131.0,24.0,614.0,39748.0,0.343,2,3,1,0.428,0
39.0,77824.0,6442.0,15.0,593.0,19664.0,0.313,3,1,1,-0.736,0
35.0,49698.0,4123.0,7.4,514.0,23572.0,0.498,6,3,1,-1.083,1
53.0,80192.0,6791.0,7.8,768.0,47896.0,0.347,0,1,0,0.492,1
46.0,79401.0,6669.0,23.6,609.0,10132.0,0.254,4,3,0,0.276,0
27.0,71929.0,5980.0,5.0,646.0,32220.0,0.454,2,2,0,-0.328,0
27.0,54594.0,4703.0,3.6,771.0,2846.0,0.351,3,0,0,0.531,0
43.0,32415.0,2741.0,16.0,658.0,7463.0,0.478,1,1,0,0.147,0
36.0,53132.0,4391.0,8.2,700.0,22038.0,0.115,0,1,0,-0.525,0
38.0,59535.0,4924.0,1.0,561.0,16682.0,0.27,1,3,0,-1.061,0
50.0,23644.0,2001.0,19.7,768.0,14856.0,0.27,0,2,0,-0.046,0
46.0,59352.0,4966.0,0.1,652.0,31341.0,0.111,3,4,0,-0.352,1
53.0,52656.0,4290.0,7.2,592.0,13198.0,0.317,4,3,0,-0.337,0
21.0,30687.0,2603.0,0.2,589.0,1927.0,0.263,2,4,0,-0.084,0
41.0,47346.0,4045.0,7.1,782.0,11412.0,0.1,0,1,0,0.008,0
46.0,47799.0,4077.0,23.3,631.0,20998.0,0.223,2,1,0,-0.535,0
21.0,131089.0,11261.0,0.1,590.0,81494.0,0.439,2,2,0,0.634,1
31.0,60727.0,5270.0,3.9,632.0,30517.0,0.391,1,3,0,-0.326,1
29.0,87668.0,7558.0,6.6,667.0,8053.0,0.229,1,3,0,0.327,0
38.0,52160.0,4376.0,15.7,678.0,20858.0,0.226,0,3,0,-0.865,0
56.0,23667.0,1964.0,26.4,704.0,18215.0,0.386,0,2,0,-0.495,0
60.0,74432.0,5976.0,38.8,696.0,54189.0,0.103,1,1,0,0.536,0
29.0,40901.0,3409.0,6.3,708.0,24818.0,0.359,1,4,0,-1.347,0
44.0,47291.0,3982.0,17.7,650.0,12431.0,0.117,2,1,0,1.278,0
44.0,34243.0,2856.0,10.2,810.0,2281.0,0.464,0,3,0,0.576,0
42.0,56831.0,4557.0,6.7,629.0,22293.0,0.366,0,2,0,0.042,0
42.0,88825.0,7360.0,10.3,760.0,29386.0,0.116,0,3,0,0.517,0
41.0,83685.0,7064.0,16.4,626.0,46603.0,0.262,1,5,0,-1.205,1
57.0,112294.0,9166.0,23.8,572.0,11560.0,0.332,0,3,0,0.359,0
50.0,119691.0,10007.0,23.3,555.0,88875.0,0.101,2,2,1,-1.696,1
26.0,21904.0,1841.0,4.0,683.0,13184.0,0.296,1,3,0,0.925,0
47.0,32143.0,2739.0,19.6,751.0,25015.0,0.348,0,2,1,-0.915,0
48.0,24377.0,2101.0,4.3,582.0,17039.0,0.093,4,3,0,0.809,0
41.0,73091.0,6045.0,6.9,602.0,27239.0,0.375,1,3,0,-0.973,0
50.0,40264.0,3368.0,17.1,696.0,22019.0,0.288,0,2,1,0.045,0
40.0,44133.0,3694.0,0.3,660.0,30197.0,0.392,0,4,0,0.084,1
40.0,49892.0,4212.0,18.4,628.0,10123.0,0.277,1,2,0,0.052,0
39.0,65333.0,5503.0,4.6,573.0,3738.0,0.194,3,5,0,0.585,1
21.0,28189.0,2416.0,0.1,682.0,7912.0,0.185,2,1,0,-1.059,0
37.0,31213.0,2480.0,11.4,711.0,11801.0,0.269,0,2,0,-1.843,0
31.0,55032.0,4624.0,2.1,695.0,28530.0,0.281,0,7,0,-0.712,0
25.0,94327.0,7937.0,2.8,663.0,23352.0,0.406,0,3,0,1.065,0
54.0,54375.0,4510.0,8.4,590.0,20746.0,0.272,3,0,0,-0.387,0
44.0,38516.0,3064.0,3.9,684.0,20664.0,0.144,0,4,0,-0.633,0
38.0,20919.0,1741.0,13.0,683.0,13980.0,0.254,0,2,0,1.809,0
32.0,84440.0,6937.0,4.6,570.0,18594.0,0.148,1,1,0,-1.05,1
41.0,39495.0,3402.0,12.2,645.0,25669.0,0.335,2,1,1,0.923,0
49.0,32818.0,2755.0,6.2,689.0,24758.0,0.358,0,3,1,-1.022,0
29.0,25417.0,2084.0,4.9,657.0,9078.0,0.375,2,1,0,-1.051,0
38.0,28782.0,2300.0,7.6,527.0,13354.0,0.27,4,1,0,0.861,1
48.0,35687.0,3009.0,1.4,616.0,2052.0,0.23,1,3,0,0.645,0
21.0,49395.0,4174.0,0.7,611.0,28780.0,0.249,1,3,0,-0.831,0
37.0,31925.0,2649.0,9.6,704.0,22476.0,0.291,1,4,1,-2.063,0
33.0,59794.0,5043.0,12.3,848.0,3886.0,0.249,0,1,0,-0.142,0
37.0,49226.0,4074.0,13.4,676.0,33609.0,0.461,2,1,0,-0.169,1
32.0,149490.0,12723.0,7.1,580.0,24183.0,0.263,1,1,1,1.928,0
40.0,25542.0,2171.0,0.8,649.0,17409.0,0.29,2,0,0,-1.244,1
59.0,59145.0,4767.0,29.4,675.0,26996.0,0.225,0,4,0,-0.243,0
34.0,59480.0,4818.0,7.9,717.0,19487.0,0.227,0,1,0,-0.11,0
41.0,34591.0,3000.0,17.7,756.0,26149.0,0.173,0,2,0,-0.072,0
60.0,57409.0,4873.0,23.1,769.0,29236.0,0.197,0,4,1,-0.627,0
32.0,77762.0,6317.0,0.0,698.0,6143.0,0.487,1,0,0,-0.51,0
58.0,57441.0,4636.0,30.9,675.0,35872.0,0.354,1,3,0,-0.172,0
38.0,102549.0,8581.0,14.4,771.0,19156.0,0.266,0,3,0,0.303,0
58.0,20643.0,1681.0,3.7,638.0,15326.0,0.234,0,5,1,0.891,1
46.0,37650.0,3118.0,18.0,673.0,6583.0,0.424,3,2,0,0.307,0
41.0,106816.0,8893.0,11.2,649.0,44408.0,0.216,1,1,0,-0.554,0
37.0,82909.0,6897.0,10.2,516.0,36640.0,0.13,0,5,0,1.109,0
31.0,70145.0,5977.0,9.9,754.0,33167.0,0.348,1,2,0,0.302,1
39.0,95802.0,8276.0,4.7,710.0,43108.0,0.207,1,0,1,0.28,0
48.0,23217.0,1916.0,0.4,494.0,8806.0,0.172,4,2,1,-0.808,0
38.0,78678.0,6408.0,3.7,732.0,45997.0,0.191,0,2,1,1.179,0
35.0,88792.0,7457.0,13.3,645.0,14799.0,0.342,0,1,0,0.073,1
35.0,40891.0,3519.0,3.2,731.0,26189.0,0.29,1,4,0,0.875,0
49.0,179556.0,14842.0,19.5,675.0,14021.0,0.202,1,3,0,-0.393,0
51.0,60081.0,5092.0,24.9,577.0,40949.0,0.347,1,1,1,-0.753,0
31.0,20503.0,1680.0,8.7,666.0,12556.0,0.217,1,4,0,-1.528,1
31.0,65294.0,5444.0,0.1,597.0,42216.0,0.136,1,5,0,0.099,0
42.0,39781.0,3238.0,0.2,575.0,10848.0,0.169,0,3,1,-1.001,0
55.0,92905.0,7744.0,34.4,738.0,63852.0,0.302,0,5,1,-0.999,0
51.0,70380.0,5851.0,16.1,695.0,40002.0,0.222,2,2,1,0.87,0
24.0,42025.0,3545.0,0.3,765.0,32629.0,0.311,0,1,0,0.495,0
35.0,108141.0,9332.0,0.4,633.0,7030.0,0.411,0,3,0,-0.878,0
28.0,83939.0,6940.0,6.3,596.0,53963.0,0.237,1,0,0,-2.719,0
35.0,37893.0,3031.0,13.6,712.0,19609.0,0.567,0,3,0,-1.216,1
56.0,51363.0,4263.0,18.7,611.0,40668.0,0.328,1,3,0,2.116,0
22.0,69404.0,5818.0,0.9,639.0,26532.0,0.282,1,2,0,0.117,0
21.0,46685.0,3906.0,0.7,697.0,12126.0,0.167,0,3,0,-0.726,0
29.0,47316.0,3931.0,0.2,651.0,33585.0,0.265,1,3,0,0.776,0
41.0,55916.0,4798.0,19.0,635.0,16455.0,0.275,2,1,0,-0.704,0
45.0,34046.0,2845.0,6.4,565.0,19648.0,0.376,1,2,0,-1.01,1
43.0,20138.0,1675.0,4.4,728.0,6019.0,0.24,1,3,0,0.23,0
51.0,61249.0,5025.0,9.6,639.0,46506.0,0.343,2,4,0,0.091,1
21.0,22473.0,1807.0,0.1,703.0,9991.0,0.304,2,5,0,-1.35,0
51.0,35180.0,2951.0,12.1,700.0,10197.0,0.397,0,1,1,-0.331,0
35.0,24782.0,2075.0,10.4,742.0,16525.0,0.405,3,0,1,-1.074,0
46.0,26194.0,2137.0,13.0,650.0,2537.0,0.333,0,2,0,0.316,0
23.0,66633.0,5548.0,2.3,637.0,8017.0,0.376,1,4,0,-0.16,0
38.0,49764.0,4135.0,3.9,584.0,33717.0,0.412,1,3,1,1.037,0
41.0,48962.0,4029.0,8.2,626.0,14324.0,0.354,3,6,0,-1.23,0
51.0,30422.0,2495.0,16.0,692.0,5550.0,0.328,1,3,0,0.302,0
21.0,40944.0,3440.0,0.6,603.0,20077.0,0.341,3,1,0,-0.628,0
38.0,65153.0,5405.0,3.4,684.0,15697.0,0.461,1,3,0,0.712,0
26.0,53726.0,4424.0,4.9,765.0,42464.0,0.311,1,2,0,-2.205,1
44.0,79642.0,6522.0,2.1,630.0,52998.0,0.373,0,3,0,1.206,1
47.0,84913.0,7058.0,2.6,569.0,60872.0,0.232,0,1,0,0.891,1
52.0,49099.0,4167.0,8.0,635.0,33151.0,0.45,1,2,0,0.164,0
32.0,23899.0,2000.0,7.9,564.0,17073.0,0.345,3,3,0,1.592,1
48.0,39128.0,3245.0,2.2,754.0,11875.0,0.265,1,1,0,-0.497,0
53.0,52635.0,4413.0,0.3,666.0,29215.0,0.293,2,5,0,1.398,1
21.0,38780.0,3320.0,0.5,609.0,28319.0,0.278,2,1,0,0.699,0
45.0,34218.0,2879.0,8.6,625.0,19315.0,0.3,1,2,0,-0.196,0
49.0,56754.0,4754.0,4.5,579.0,45282.0,0.321,3,3,0,1.596,1
35.0,164181.0,13856.0,9.9,736.0,114787.0,0.28,0,1,0,0.348,0
25.0,44152.0,3668.0,3.0,790.0,4557.0,0.141,1,1,1,-0.29,0
48.0,54931.0,4594.0,3.5,557.0,23414.0,0.477,2,1,1,0.835,1
25.0,30475.0,2515.0,1.1,734.0,7822.0,0.327,0,3,0,-0.374,0
36.0,96242.0,7771.0,5.9,646.0,67975.0,0.327,1,5,0,-1.104,1
38.0,81530.0,6841.0,17.4,757.0,61387.0,0.295,1,3,0,0.362,0
46.0,79037.0,6632.0,19.9,542.0,37540.0,0.391,2,3,0,0.301,0
31.0,101417.0,8403.0,3.7,678.0,9493.0,0.305,0,1,0,0.08,0
30.0,45378.0,3860.0,10.1,637.0,14068.0,0.269,1,3,0,-0.034,0
39.0,48002.0,3942.0,8.7,710.0,9189.0,0.275,0,1,0,-0.503,0
49.0,118721.0,9543.0,11.1,670.0,53063.0,0.425,2,1,0,-0.805,1
63.0,73117.0,6008.0,40.0,682.0,57662.0,0.32,1,3,0,1.042,0
21.0,20261.0,1636.0,1.0,653.0,6229.0,0.296,0,4,0,0.165,0
41.0,67492.0,5662.0,11.8,775.0,40527.0,0.256,0,3,0,0.089,0
26.0,42333.0,3475.0,3.6,650.0,28502.0,0.268,1,2,1,-1.398,0
49.0,82394.0,7001.0,28.4,735.0,55421.0,0.408,0,0,0,0.786,0
28.0,66090.0,5614.0,1.2,705.0,10716.0,0.208,0,0,0,-0.678,0
31.0,25131.0,2055.0,3.7,724.0,5732.0,0.367,1,1,0,-0.511,0
32.0,62073.0,5089.0,4.8,591.0,13498.0,0.371,6,4,0,0.581,1
37.0,60468.0,5093.0,16.9,718.0,16505.0,0.322,1,0,0,-0.714,0
42.0,64773.0,5504.0,1.8,684.0,5512.0,0.281,2,7,0,-0.004,0
43.0,71259.0,5699.0,2.6,578.0,32390.0,0.152,0,3,0,0.116,1
38.0,107826.0,9036.0,7.8,649.0,65310.0,0.366,3,0,1,0.204,1
23.0,66260.0,5279.0,0.6,821.0,16274.0,0.14,1,4,0,0.148,0
46.0,55570.0,4580.0,17.8,641.0,29445.0,0.317,1,0,0,0.315,1
37.0,92196.0,7851.0,6.3,637.0,42336.0,0.305,1,4,0,0.939,1
51.0,150892.0,13331.0,26.0,705.0,18768.0,0.377,1,6,0,0.274,0
30.0,83023.0,6886.0,7.6,626.0,19081.0,0.21,0,6,1,1.53,0
21.0,60348.0,4904.0,0.5,670.0,13947.0,0.205,2,8,1,-0.237,0
38.0,66818.0,5511.0,14.9,636.0,27830.0,0.353,1,2,0,0.018,0
52.0,61717.0,5150.0,3.3,690.0,32147.0,0.283,0,2,0,2.269,0
40.0,55460.0,4560.0,11.5,661.0,15309.0,0.098,1,3,0,-0.716,0
36.0,145716.0,11918.0,9.6,801.0,21179.0,0.299,2,2,0,-0.565,0
28.0,39262.0,3244.0,2.1,664.0,9891.0,0.481,2,0,0,-0.328,0
57.0,92484.0,7768.0,1.9,645.0,7412.0,0.355,0,3,0,1.647,0
27.0,51972.0,4316.0,3.6,734.0,31781.0,0.181,0,3,0,0.538,0
30.0,28251.0,2313.0,5.1,565.0,16230.0,0.347,2,5,0,0.862,1
44.0,50531.0,4154.0,15.9,786.0,27944.0,0.398,0,3,0,-0.256,0
21.0,43004.0,3554.0,0.2,591.0,22075.0,0.127,1,1,0,-0.836,0
52.0,71325.0,5825.0,5.8,746.0,19491.0,0.271,0,1,1,-0.959,0
45.0,57307.0,4708.0,24.3,774.0,7829.0,0.43,0,2,0,-0.299,0
48.0,34724.0,2931.0,3.2,625.0,17336.0,0.148,1,0,0,1.04,1
44.0,106622.0,8844.0,24.1,642.0,63912.0,0.272,1,2,0,-0.144,1
36.0,89828.0,7223.0,11.7,658.0,59119.0,0.278,3,4,1,0.401,0
26.0,112287.0,9549.0,4.0,705.0,66799.0,0.258,1,2,0,-1.978,0
36.0,61189.0,5142.0,5.6,593.0,33287.0,0.438,0,3,0,-0.365,1
27.0,54123.0,4385.0,6.3,656.0,36170.0,0.422,1,1,1,-0.639,1
43.0,75485.0,6244.0,21.2,649.0,46901.0,0.27,1,3,0,0.246,0
47.0,42414.0,3478.0,19.4,589.0,32178.0,0.198,0,8,0,1.695,1
54.0,58315.0,4925.0,24.3,599.0,3180.0,0.427,5,4,0,1.009,0
42.0,50819.0,4203.0,10.9,674.0,8131.0,0.377,1,1,0,-0.464,0
48.0,28499.0,2371.0,2.2,669.0,13817.0,0.298,2,4,1,-1.31,0
35.0,58247.0,4836.0,14.7,614.0,20433.0,0.365,2,2,0,0.426,1
33.0,45101.0,3647.0,0.2,666.0,13773.0,0.365,0,2,0,0.154,0
43.0,49313.0,4225.0,11.5,620.0,30053.0,0.213,2,4,1,0.212,0
34.0,64783.0,5470.0,5.0,754.0,29264.0,0.241,0,2,1,-0.532,0
41.0,97512.0,8005.0,16.3,661.0,43380.0,0.301,1,3,0,0.73,0
26.0,37539.0,3140.0,4.7,739.0,3280.0,0.107,1,4,1,-0.229,0
28.0,47270.0,4016.0,5.2,544.0,18718.0,0.266,6,2,0,-1.27,1
45.0,38980.0,3252.0,1.9,684.0,19724.0,0.221,1,1,0,1.333,0
48.0,37855.0,3253.0,6.6,705.0,9845.0,0.317,0,1,1,0.301,0
27.0,42089.0,3712.0,0.7,651.0,9648.0,0.187,3,3,0,1.209,1
45.0,50347.0,4185.0,24.8,635.0,23308.0,0.343,2,4,1,0.818,0
32.0,71591.0,5896.0,1.6,650.0,52546.0,0.322,0,3,0,0.782,1
38.0,63531.0,5190.0,17.6,721.0,8722.0,0.29,0,4,0,2.286,0
54.0,34184.0,2723.0,3.8,577.0,9634.0,0.347,5,0,1,0.788,0
47.0,98465.0,8410.0,23.2,721.0,9217.0,0.359,1,3,0,-1.306,0
47.0,84126.0,6961.0,15.4,690.0,24736.0,0.276,0,3,1,-0.993,0
59.0,36664.0,3109.0,32.4,658.0,20940.0,0.304,1,8,1,-0.283,0
30.0,95410.0,8122.0,6.5,648.0,27574.0,0.232,2,1,0,-1.449,0
27.0,63717.0,5195.0,5.5,667.0,22229.0,0.231,0,1,1,-1.226,0
30.0,51261.0,4192.0,7.3,780.0,38529.0,0.458,1,5,1,1.307,0
35.0,64616.0,5573.0,4.0,686.0,20051.0,0.28,0,3,0,0.841,0
21.0,54366.0,4524.0,0.9,594.0,24718.0,0.299,2,1,0,0.816,0
36.0,70289.0,5780.0,10.1,635.0,52732.0,0.292,2,3,0,-0.653,0
32.0,59837.0,4882.0,2.4,581.0,25813.0,0.337,1,2,0,-0.896,0
47.0,47252.0,3927.0,8.1,532.0,8393.0,0.246,1,2,0,-0.29,0
42.0,22103.0,1897.0,11.7,584.0,3477.0,0.255,2,1,0,0.993,1
31.0,69725.0,5890.0,10.0,673.0,50493.0,0.394,0,0,0,-0.169,1
44.0,46488.0,3888.0,19.5,759.0,33203.0,0.151,0,3,1,0.767,0
46.0,78055.0,6711.0,7.8,734.0,18598.0,0.319,0,5,0,1.649,0
30.0,68312.0,5852.0,6.6,582.0,35345.0,0.218,1,0,0,-0.313,1
33.0,47035.0,3946.0,0.0,604.0,8226.0,0.099,2,2,0,-1.141,0
21.0,87154.0,7666.0,0.3,594.0,19489.0,0.292,3,1,0,1.821,0
26.0,60311.0,5001.0,5.0,482.0,44660.0,0.185,1,0,0,0.513,1
30.0,59203.0,5042.0,1.5,649.0,20799.0,0.167,0,3,1,-0.91,0
39.0,51686.0,4273.0,6.6,720.0,10667.0,0.56,0,0,1,-0.766,0
28.0,117323.0,9953.0,0.0,642.0,51985.0,0.354,0,1,0,1.056,0
32.0,39899.0,3308.0,0.3,571.0,27461.0,0.357,0,1,1,-0.202,1
25.0,47567.0,4000.0,0.7,601.0,32094.0,0.295,0,3,0,-1.058,1
40.0,31517.0,2752.0,2.0,638.0,17225.0,0.181,2,4,0,-1.158,0
43.0,76276.0,6477.0,11.1,719.0,50349.0,0.283,0,1,0,0.733,0
42.0,42325.0,3561.0,20.2,657.0,26862.0,0.264,0,5,0,0.577,0
38.0,44515.0,3652.0,1.5,705.0,34398.0,0.108,1,3,0,1.658,0
21.0,43585.0,3646.0,0.9,655.0,23618.0,0.479,0,2,0,-2.524,1
31.0,56574.0,4619.0,7.5,680.0,28198.0,0.291,1,4,0,0.103,0
34.0,31327.0,2657.0,2.3,595.0,22845.0,0.217,1,1,0,-0.828,1
34.0,20043.0,1699.0,3.9,614.0,6437.0,0.312,3,1,1,-1.439,0
39.0,67579.0,5611.0,3.7,574.0,28361.0,0.162,2,3,1,-0.16,1
54.0,21247.0,1830.0,26.6,715.0,14753.0,0.206,0,3,0,0.369,0
47.0,80777.0,6936.0,19.5,649.0,63348.0,0.454,1,4,1,1.034,0
27.0,110905.0,9270.0,2.2,409.0,40586.0,0.248,5,2,0,1.773,1
45.0,51082.0,4305.0,1.4,694.0,25150.0,0.298,0,2,1,-1.013,0
45.0,98702.0,8128.0,4.2,730.0,66949.0,0.31,1,4,0,0.257,0
29.0,54403.0,4509.0,5.8,606.0,23886.0,0.283,1,2,0,-0.507,1
47.0,112955.0,9210.0,2.5,695.0,39919.0,0.246,0,7,0,-1.305,0
36.0,44792.0,3697.0,8.7,650.0,4419.0,0.527,2,4,0,1.188,0
22.0,18975.0,1578.0,1.5,513.0,3967.0,0.226,3,3,0,1.02,1
43.0,53057.0,4275.0,15.8,805.0,15841.0,0.211,0,0,0,0.36,0
40.0,118619.0,9999.0,2.6,647.0,41663.0,0.349,3,2,0,0.526,0
35.0,69970.0,5950.0,7.1,678.0,44232.0,0.172,1,1,0,-0.381,1
38.0,43617.0,3634.0,8.2,620.0,7638.0,0.402,1,1,0,0.35,0
30.0,63774.0,5028.0,8.4,644.0,6651.0,0.28,1,1,0,0.173,0
45.0,85144.0,7059.0,11.6,677.0,41791.0,0.313,1,3,0,-0.236,0
38.0,52921.0,4287.0,7.1,591.0,2968.0,0.33,1,6,1,0.758,0
40.0,179327.0,14762.0,2.4,780.0,134163.0,0.266,1,4,1,-0.588,0
42.0,43576.0,3737.0,15.2,726.0,10546.0,0.392,0,2,0,1.043,1
25.0,86355.0,6846.0,3.3,698.0,58310.0,0.365,0,3,0,1.279,1
28.0,77494.0,6352.0,5.9,653.0,25933.0,0.352,0,0,0,0.589,0
21.0,40142.0,3401.0,0.7,607.0,32079.0,0.149,1,2,0,0.15,1
44.0,45437.0,3733.0,21.2,743.0,19354.0,0.265,0,1,0,-0.226,0
25.0,86963.0,7134.0,4.1,705.0,67148.0,0.289,0,3,0,-0.405,0
39.0,58703.0,5091.0,6.0,635.0,23578.0,0.474,2,1,0,0.354,1
42.0,64037.0,5377.0,4.0,586.0,37506.0,0.159,3,1,1,-0.885,1
45.0,26342.0,2236.0,22.8,561.0,2574.0,0.236,2,4,0,-0.97,0
25.0,73887.0,6218.0,3.4,664.0,28352.0,0.408,0,2,0,-0.932,0
37.0,62591.0,5233.0,16.8,651.0,15841.0,0.206,0,6,0,-0.391,0
56.0,53441.0,4566.0,18.1,752.0,34463.0,0.234,0,3,0,-0.898,0
57.0,64698.0,5597.0,35.5,747.0,29071.0,0.467,0,3,0,-1.177,0
49.0,45750.0,3684.0,3.5,664.0,24248.0,0.337,2,2,1,-0.723,0
42.0,42139.0,3509.0,12.8,661.0,10129.0,0.386,0,2,0,-0.102,0
27.0,49328.0,4107.0,3.4,581.0,6789.0,0.372,1,4,0,-0.294,0
46.0,44632.0,3687.0,0.1,734.0,25013.0,0.312,0,4,0,0.231,0
36.0,146727.0,12467.0,3.1,658.0,56006.0,0.309,3,3,1,1.006,0
44.0,82903.0,6944.0,3.7,704.0,30075.0,0.389,0,2,0,0.273,0
31.0,35571.0,3078.0,0.7,743.0,27495.0,0.215,0,1,0,-1.099,0
36.0,137506.0,11711.0,15.3,628.0,19071.0,0.473,1,4,0,1.019,1
40.0,45266.0,3875.0,19.1,612.0,24121.0,0.247,3,3,0,-0.11,1
41.0,55734.0,4533.0,18.5,842.0,5305.0,0.402,1,2,0,0.25,0
43.0,82366.0,6753.0,23.2,713.0,46429.0,0.351,1,1,1,0.374,0
32.0,22665.0,1861.0,9.7,645.0,10647.0,0.245,2,5,0,0.224,0
23.0,49436.0,4229.0,3.0,748.0,29423.0,0.348,1,2,1,1.799,0
56.0,42493.0,3473.0,7.1,642.0,26053.0,0.313,1,4,0,-0.137,0
65.0,60317.0,4932.0,11.7,689.0,8989.0,0.123,0,5,0,0.984,0
43.0,64965.0,5292.0,19.8,630.0,16633.0,0.291,1,5,1,0.026,1
23.0,53121.0,4670.0,1.6,660.0,12712.0,0.175,1,4,0,0.093,0
29.0,52023.0,4323.0,6.8,644.0,26325.0,0.351,0,1,1,-0.309,0
44.0,88823.0,7480.0,13.3,614.0,21652.0,0.286,0,5,1,-1.506,0
53.0,62992.0,5130.0,10.0,682.0,27522.0,0.388,1,3,0,0.598,0
25.0,56035.0,4759.0,1.3,616.0,21383.0,0.23,1,1,0,0.713,0
37.0,58784.0,4725.0,12.4,707.0,28760.0,0.17,0,2,0,-2.767,0
40.0,125648.0,10266.0,10.7,644.0,39393.0,0.192,0,3,0,-0.039,0
48.0,59444.0,4881.0,9.9,545.0,44209.0,0.502,2,4,0,0.104,0
34.0,43634.0,3652.0,8.8,708.0,33762.0,0.603,0,2,0,-0.013,1
21.0,23296.0,1911.0,0.4,705.0,7295.0,0.5,3,3,0,0.447,0
45.0,28849.0,2477.0,11.8,824.0,21224.0,0.146,0,5,0,-0.393,0
50.0,44575.0,3752.0,20.6,672.0,28741.0,0.162,0,5,0,0.184,0
37.0,52382.0,4305.0,7.8,677.0,11502.0,0.193,0,3,0,1.743,1
42.0,42833.0,3641.0,21.3,704.0,20222.0,0.377,0,1,1,-1.66,0
33.0,64415.0,5326.0,6.2,734.0,21464.0,0.511,0,2,0,0.518,0
29.0,42585.0,3507.0,8.4,731.0,27710.0,0.39,0,6,0,-0.33,0
49.0,36445.0,3092.0,24.8,695.0,26257.0,0.319,0,2,0,-0.505,0
42.0,72459.0,5742.0,19.8,668.0,37448.0,0.208,1,6,0,1.309,0
43.0,101856.0,8613.0,17.9,728.0,53230.0,0.271,0,2,0,0.071,0
55.0,33418.0,2745.0,20.9,665.0,19748.0,0.309,0,1,0,-0.192,0
26.0,61375.0,5041.0,3.4,571.0,25858.0,0.388,1,1,0,0.135,0
32.0,23338.0,2021.0,6.6,558.0,9405.0,0.25,3,2,0,-1.11,1
40.0,28326.0,2335.0,4.0,641.0,13381.0,0.34,1,2,0,1.262,1
32.0,42199.0,3584.0,2.5,670.0,28010.0,0.328,1,2,0,0.546,1
47.0,91656.0,7681.0,0.9,833.0,49089.0,0.31,0,2,0,-0.65,0
36.0,38742.0,3253.0,11.9,658.0,6121.0,0.26,1,1,0,-0.481,0
27.0,38095.0,3159.0,0.9,664.0,5916.0,0.312,1,0,0,0.058,0
39.0,55900.0,4630.0,10.9,637.0,20232.0,0.29,0,3,1,0.886,0
40.0,55926.0,4803.0,2.7,705.0,30441.0,0.222,0,4,0,-0.899,0
48.0,38630.0,3279.0,1.9,681.0,13263.0,0.388,1,3,0,-0.82,0
42.0,134442.0,11092.0,11.9,621.0,45214.0,0.457,0,0,1,0.559,0
43.0,48809.0,3982.0,20.1,599.0,35220.0,0.317,3,3,0,-0.56,0
42.0,57884.0,4767.0,7.7,636.0,40587.0,0.295,2,0,0,-0.349,1
36.0,45903.0,3900.0,14.6,608.0,18671.0,0.376,0,1,0,0.323,0
30.0,67042.0,5719.0,0.1,644.0,39469.0,0.319,2,1,0,-1.578,1
41.0,95877.0,8078.0,9.9,675.0,37303.0,0.414,0,5,0,0.845,0
34.0,116278.0,9376.0,2.1,626.0,58413.0,0.311,3,2,0,-0.668,0
57.0,39029.0,3301.0,11.6,768.0,9987.0,0.359,2,3,0,1.941,0
53.0,90260.0,7718.0,0.8,742.0,38194.0,0.473,0,5,0,1.858,0
45.0,70435.0,5890.0,0.9,644.0,37465.0,0.427,1,1,0,1.406,1
42.0,85274.0,7388.0,15.8,600.0,32518.0,0.284,0,4,1,-0.769,0
37.0,52772.0,4282.0,11.1,663.0,32695.0,0.408,2,3,0,-1.05,1
24.0,50560.0,4271.0,0.9,651.0,12665.0,0.193,0,3,0,-0.238,0
36.0,83798.0,6841.0,14.1,663.0,4999.0,0.28,0,5,0,0.845,1
39.0,84516.0,7192.0,13.2,639.0,62178.0,0.383,1,3,0,0.818,0
41.0,111264.0,9386.0,6.9,590.0,35691.0,0.453,4,2,0,-0.174,1
43.0,60140.0,5192.0,9.4,667.0,14378.0,0.225,0,4,0,-2.437,0
48.0,52417.0,4412.0,8.2,640.0,21336.0,0.297,2,2,1,0.148,1
30.0,18181.0,1503.0,8.6,646.0,4309.0,0.3,2,2,1,-1.55,0
30.0,26636.0,2198.0,5.2,669.0,15980.0,0.291,4,0,0,0.272,1
54.0,46059.0,3819.0,4.6,657.0,12901.0,0.178,0,1,0,-0.017,0
46.0,33510.0,2764.0,5.3,668.0,26600.0,0.35,1,1,0,-1.025,0
34.0,79336.0,6789.0,4.1,634.0,20403.0,0.172,2,3,0,1.781,0
37.0,30503.0,2607.0,6.8,689.0,9804.0,0.414,0,3,0,0.085,0
37.0,43893.0,3548.0,10.0,615.0,19918.0,0.435,0,1,1,0.707,0
38.0,44675.0,3726.0,17.7,593.0,2345.0,0.236,2,2,0,1.06,0
43.0,94582.0,7892.0,6.1,601.0,5023.0,0.173,0,3,1,-0.762,0
66.0,41831.0,3431.0,15.1,620.0,9426.0,0.297,0,3,1,0.264,0
40.0,67418.0,5667.0,0.5,570.0,7500.0,0.248,3,6,0,-1.437,0
45.0,60063.0,5152.0,9.4,546.0,37242.0,0.279,2,3,0,-0.114,0
21.0,82584.0,7005.0,0.7,696.0,58128.0,0.309,0,2,0,-0.721,0
33.0,80635.0,6901.0,12.2,755.0,29023.0,0.207,3,3,0,-0.095,0
52.0,54179.0,4450.0,23.3,711.0,23697.0,0.466,0,1,0,-0.149,1
42.0,25636.0,2138.0,2.6,628.0,13063.0,0.236,2,3,0,-0.79,1
21.0,49553.0,4066.0,0.9,540.0,6004.0,0.394,3,5,0,0.925,1
45.0,54508.0,4564.0,21.3,684.0,21932.0,0.211,0,0,0,0.506,0
59.0,62554.0,5247.0,7.4,551.0,48138.0,0.306,0,3,1,-0.113,1
21.0,39466.0,3352.0,0.9,654.0,8126.0,0.345,2,2,0,2.554,0
55.0,91903.0,7860.0,24.8,616.0,10389.0,0.314,4,2,0,-1.129,0
21.0,55338.0,4675.0,0.8,501.0,14412.0,0.275,4,1,0,-1.256,1
48.0,36347.0,2977.0,13.0,770.0,16754.0,0.251,1,1,0,1.464,0
38.0,44752.0,3628.0,3.6,574.0,31387.0,0.259,0,1,0,0.912,0
21.0,130997.0,11030.0,0.8,635.0,41409.0,0.232,2,2,1,1.146,0
43.0,74166.0,6366.0,10.9,656.0,22888.0,0.333,0,4,1,1.448,0
51.0,88159.0,7343.0,29.7,642.0,27091.0,0.483,0,2,0,1.396,0
42.0,34419.0,2781.0,3.4,694.0,23429.0,0.336,1,1,0,-0.809,0
44.0,40341.0,3502.0,8.7,612.0,16216.0,0.36,2,2,1,-0.134,0
33.0,40475.0,3406.0,9.9,692.0,12083.0,0.408,2,5,0,0.715,0
21.0,59758.0,4997.0,0.6,683.0,10919.0,0.255,2,0,0,-1.325,0
46.0,50858.0,4139.0,11.1,569.0,7334.0,0.12,1,3,0,-0.696,0
57.0,44127.0,3678.0,26.1,690.0,34445.0,0.3,0,3,0,1.795,1
50.0,46689.0,3944.0,22.3,597.0,19367.0,0.385,2,4,0,-1.161,0
21.0,38475.0,3239.0,0.6,579.0,4007.0,0.501,1,3,0,0.511,0
21.0,50724.0,4170.0,0.4,681.0,37017.0,0.202,2,4,0,0.064,1
29.0,90766.0,7555.0,5.4,634.0,69487.0,0.41,1,1,0,0.467,1
21.0,27839.0,2291.0,0.5,686.0,6344.0,0.326,0,4,0,-1.235,0
38.0,64280.0,5535.0,14.7,694.0,18452.0,0.261,0,2,0,0.504,0
42.0,102348.0,8682.0,14.6,567.0,78845.0,0.195,0,2,0,-1.687,1
22.0,50648.0,4176.0,1.1,712.0,3131.0,0.242,0,3,0,-0.324,0
47.0,43351.0,3528.0,0.5,680.0,12712.0,0.357,0,5,0,-0.118,0
45.0,83366.0,6986.0,4.1,621.0,31060.0,0.422,2,3,0,0.241,0
32.0,35319.0,2914.0,4.0,653.0,22173.0,0.028,1,2,0,1.221,0
36.0,54441.0,4499.0,9.7,719.0,17738.0,0.351,1,2,0,-0.863,0
21.0,34446.0,2805.0,0.8,638.0,10465.0,0.243,1,3,1,0.925,0
34.0,23707.0,1936.0,13.8,815.0,14155.0,0.252,0,2,0,1.426,0
38.0,51364.0,4294.0,10.8,770.0,35286.0,0.342,0,4,0,-0.728,1
40.0,31150.0,2582.0,14.5,675.0,3736.0,0.492,1,2,0,-1.651,0
42.0,54712.0,4787.0,13.8,651.0,8582.0,0.228,0,2,0,-0.323,0
41.0,90840.0,7660.0,8.9,652.0,49492.0,0.29,2,0,0,1.166,0
35.0,126691.0,10314.0,9.2,623.0,36203.0,0.142,0,3,0,1.264,0
41.0,57364.0,4634.0,8.5,673.0,31626.0,0.344,0,4,0,-0.713,0
49.0,87006.0,7308.0,13.2,715.0,15701.0,0.231,1,2,0,0.16,0
37.0,65816.0,5441.0,15.4,573.0,42979.0,0.458,2,1,0,0.74,1
41.0,46290.0,3960.0,12.1,711.0,13473.0,0.336,0,5,0,1.009,0
36.0,23131.0,1938.0,1.6,726.0,6971.0,0.272,0,4,0,0.745,0
31.0,114349.0,9151.0,5.7,703.0,21058.0,0.272,1,4,0,1.427,0
44.0,34303.0,2800.0,22.6,662.0,7153.0,0.336,1,4,1,0.802,0
32.0,102471.0,8424.0,1.2,698.0,51112.0,0.369,0,1,0,-0.034,0
42.0,70028.0,5887.0,21.6,762.0,34048.0,0.183,1,4,0,0.27,0
38.0,35450.0,2892.0,18.1,665.0,23691.0,0.285,1,5,0,0.236,1
35.0,63290.0,5290.0,8.2,666.0,33082.0,0.3,0,2,0,0.688,0
34.0,143616.0,11648.0,4.8,812.0,53265.0,0.321,0,0,0,-1.415,0
32.0,109769.0,9149.0,0.1,682.0,71632.0,0.431,0,4,0,-0.585,1
21.0,43668.0,3666.0,0.0,589.0,2727.0,0.157,2,5,1,0.36,0
42.0,39923.0,3424.0,8.6,725.0,23009.0,0.396,0,2,0,0.883,0
41.0,57537.0,4818.0,16.1,696.0,26317.0,0.336,0,2,0,0.95,0
47.0,51052.0,4185.0,25.8,627.0,11010.0,0.25,2,3,0,-2.354,0
32.0,94369.0,8099.0,1.9,584.0,49838.0,0.381,0,5,0,1.22,0
59.0,76719.0,6370.0,18.9,686.0,60607.0,0.262,1,4,0,0.151,0
34.0,25683.0,2173.0,6.9,659.0,7959.0,0.119,1,1,0,-1.503,0
28.0,67609.0,5565.0,3.2,574.0,35757.0,0.02,3,3,0,-0.669,1
27.0,50741.0,4236.0,3.8,656.0,19258.0,0.178,2,2,0,-1.604,1
21.0,55926.0,4586.0,0.9,650.0,19257.0,0.246,0,4,1,0.348,1
55.0,61520.0,5160.0,15.3,663.0,17248.0,0.317,2,0,1,-0.378,0
53.0,94326.0,7987.0,4.6,697.0,20913.0,0.36,0,6,0,-0.488,0
45.0,85399.0,7046.0,16.4,545.0,19359.0,0.274,1,1,0,2.269,0
28.0,39250.0,3235.0,0.3,582.0,24754.0,0.159,1,3,0,0.577,1
58.0,53568.0,4496.0,35.7,644.0,15687.0,0.262,3,5,0,1.026,0
34.0,44948.0,3684.0,13.3,759.0,20100.0,0.278,2,1,0,-0.223,1
35.0,25803.0,2085.0,1.4,826.0,5422.0,0.474,0,2,1,0.051,0
54.0,52359.0,4394.0,18.6,670.0,10961.0,0.356,2,3,1,-0.065,0
45.0,126150.0,10490.0,20.1,673.0,61853.0,0.134,0,0,1,0.97,0
62.0,25455.0,2116.0,19.6,499.0,12398.0,0.268,2,3,0,0.959,0
41.0,54408.0,4581.0,9.9,728.0,23338.0,0.37,1,2,0,0.134,0
34.0,53628.0,4528.0,13.2,698.0,30562.0,0.302,0,6,0,-0.848,0
31.0,62603.0,5200.0,2.6,681.0,33040.0,0.138,0,4,1,1.38,0
21.0,35663.0,2905.0,0.5,573.0,7135.0,0.382,0,3,0,0.134,1
35.0,28963.0,2383.0,1.7,799.0,2654.0,0.336,0,1,0,-1.8,0
51.0,29576.0,2494.0,9.3,771.0,7461.0,0.284,0,4,0,2.49,0
45.0,100108.0,8365.0,20.9,691.0,37384.0,0.219,1,3,1,0.382,0
38.0,35344.0,2913.0,13.1,736.0,7289.0,0.401,0,1,0,0.106,0
27.0,43927.0,3603.0,4.3,666.0,18089.0,0.119,0,3,0,-1.842,0
40.0,141800.0,11963.0,2.3,719.0,10994.0,0.145,0,1,0,0.826,0
49.0,39524.0,3279.0,24.8,581.0,16120.0,0.227,2,3,0,-1.379,0
43.0,64162.0,5427.0,6.8,504.0,20123.0,0.33,2,0,1,1.811,0
40.0,88770.0,7528.0,10.6,576.0,68293.0,0.164,0,2,0,-2.228,1
29.0,86870.0,7194.0,2.2,605.0,61462.0,0.246,2,1,0,0.85,1
48.0,30209.0,2565.0,14.3,622.0,23059.0,0.266,2,3,1,1.532,0
21.0,39898.0,3334.0,0.6,692.0,21709.0,0.334,1,2,0,0.256,1
42.0,63017.0,5279.0,7.6,646.0,49088.0,0.272,1,1,0,0.137,1
66.0,131025.0,10441.0,23.4,670.0,25175.0,0.273,0,2,0,0.318,0
21.0,39043.0,3190.0,0.6,577.0,17542.0,0.229,2,3,0,-1.753,0
35.0,44045.0,3603.0,10.7,576.0,26752.0,0.409,3,2,0,-0.543,1
38.0,66430.0,5501.0,9.7,668.0,27353.0,0.366,0,3,0,0.296,0
33.0,72688.0,6071.0,11.3,628.0,15287.0,0.362,2,1,1,0.875,0
49.0,74698.0,6244.0,1.5,661.0,40364.0,0.222,1,1,0,0.887,0
43.0,37580.0,3150.0,0.6,698.0,29253.0,0.249,1,1,0,-1.002,1
40.0,43290.0,3558.0,3.7,777.0,19151.0,0.348,1,1,0,0.784,0
47.0,60601.0,5120.0,3.2,660.0,14307.0,0.241,1,1,1,0.716,0
38.0,97064.0,8381.0,9.6,792.0,7803.0,0.207,0,2,0,-2.04,0
70.0,49403.0,4088.0,10.0,693.0,6329.0,0.329,0,2,1,-1.533,0
40.0,54451.0,4477.0,0.3,708.0,34463.0,0.169,0,0,0,0.941,0
40.0,34663.0,2849.0,5.7,737.0,14348.0,0.279,0,6,0,0.01,0
21.0,127203.0,10618.0,0.5,711.0,26267.0,0.389,0,2,0,1.143,0
32.0,58954.0,4861.0,8.6,608.0,40976.0,0.315,1,2,0,1.965,1
51.0,89329.0,7186.0,13.4,743.0,33682.0,0.195,1,3,0,1.287,0
23.0,55745.0,4510.0,3.2,635.0,36057.0,0.347,1,6,0,-0.491,1
21.0,57151.0,4860.0,0.2,681.0,37632.0,0.24,1,3,0,-0.41,1
38.0,28000.0,2393.0,9.4,674.0,16476.0,0.385,0,1,0,-0.089,0
53.0,20895.0,1797.0,8.4,744.0,16286.0,0.351,0,3,0,0.594,0
38.0,96611.0,8087.0,14.9,695.0,69818.0,0.265,0,3,0,1.227,0
34.0,56966.0,4653.0,2.7,564.0,8208.0,0.225,0,2,1,-1.697,0
21.0,60354.0,4985.0,1.0,807.0,18578.0,0.215,1,1,0,0.144,0
43.0,31351.0,2535.0,16.5,727.0,24005.0,0.559,0,3,0,0.945,0
45.0,36633.0,2959.0,14.1,629.0,19843.0,0.071,3,1,0,1.295,0
21.0,88710.0,7430.0,0.5,581.0,33958.0,0.124,3,3,0,1.289,0
50.0,120349.0,10137.0,11.0,732.0,83834.0,0.41,0,6,0,-1.697,0
46.0,41586.0,3601.0,0.6,589.0,22006.0,0.389,3,1,0,-1.725,1
50.0,74403.0,6190.0,27.9,730.0,24399.0,0.336,0,5,0,0.504,0
44.0,59910.0,4857.0,19.4,745.0,15183.0,0.101,0,3,0,1.761,0
45.0,52096.0,4331.0,3.4,616.0,35859.0,0.354,3,0,0,0.286,1
44.0,126560.0,10487.0,2.9,610.0,86703.0,0.202,2,2,0,-0.005,1
48.0,44853.0,3701.0,8.5,631.0,33134.0,0.29,1,4,0,-1.179,1
21.0,96125.0,8066.0,0.8,591.0,61367.0,0.341,1,2,0,-0.69,1
21.0,65299.0,5309.0,0.7,676.0,12314.0,0.351,1,4,0,-0.909,0
30.0,54584.0,4561.0,6.5,689.0,18633.0,0.235,3,1,1,-0.244,0
37.0,101976.0,8609.0,0.1,711.0,30191.0,0.428,2,4,0,-0.618,1
42.0,62671.0,5371.0,20.6,612.0,15254.0,0.381,2,3,1,0.61,0
42.0,52664.0,4416.0,3.6,721.0,34024.0,0.204,0,4,0,1.291,0
50.0,102318.0,8704.0,9.7,596.0,14681.0,0.252,2,1,0,-0.271,0
51.0,96496.0,7970.0,29.0,733.0,39506.0,0.224,1,2,0,-0.508,0
28.0,94464.0,7824.0,6.2,559.0,66052.0,0.294,0,1,0,-0.572,0
41.0,15000.0,1284.0,10.5,775.0,9626.0,0.363,1,4,0,1.78,0
29.0,67048.0,5434.0,7.5,627.0,16798.0,0.115,4,2,0,-1.099,1
36.0,60509.0,5002.0,1.0,702.0,4639.0,0.102,0,2,0,0.17,0
42.0,54144.0,4614.0,1.6,708.0,19514.0,0.217,1,2,0,-1.113,1
21.0,72366.0,6005.0,0.2,571.0,35830.0,0.435,4,1,1,-1.898,1
65.0,61842.0,5124.0,11.8,724.0,42737.0,0.324,1,3,1,-0.415,0
44.0,74615.0,6185.0,17.2,630.0,33294.0,0.458,1,1,1,0.085,0
31.0,48752.0,4072.0,6.1,642.0,12157.0,0.284,1,2,0,-0.907,0
59.0,107933.0,9190.0,16.7,621.0,61313.0,0.216,3,0,0,-0.99,1
34.0,78090.0,6628.0,11.1,779.0,27429.0,0.132,1,1,0,-1.212,0
39.0,70209.0,5852.0,6.2,581.0,46964.0,0.217,2,1,0,-0.266,0
33.0,68683.0,5849.0,1.1,691.0,4656.0,0.238,3,3,1,-0.183,0
56.0,92583.0,7768.0,14.4,624.0,33724.0,0.057,4,4,0,1.447,0
37.0,87103.0,7383.0,12.9,743.0,31934.0,0.216,1,5,0,0.884,0
40.0,52279.0,4267.0,9.3,827.0,25651.0,0.215,0,2,1,-0.054,0
51.0,85882.0,7406.0,30.5,631.0,27393.0,0.302,2,1,0,-1.29,0
44.0,59481.0,4979.0,20.9,680.0,20915.0,0.296,0,2,1,-1.199,0
37.0,130314.0,10263.0,13.8,640.0,78341.0,0.332,3,2,1,0.504,0
50.0,90135.0,7761.0,23.4,744.0,16086.0,0.138,0,0,1,2.268,0
66.0,41505.0,3459.0,26.7,656.0,9495.0,0.186,2,1,0,-0.227,0
41.0,156985.0,12979.0,19.4,733.0,19904.0,0.393,1,1,0,-1.734,0
39.0,21358.0,1758.0,11.4,638.0,5195.0,0.274,0,1,0,0.679,0
40.0,73269.0,6159.0,7.4,821.0,31436.0,0.385,0,3,1,1.167,0
52.0,40206.0,3291.0,6.4,510.0,7714.0,0.286,5,0,0,0.33,0
31.0,128293.0,10568.0,9.3,691.0,13494.0,0.319,2,2,0,-0.061,0
35.0,61627.0,5079.0,5.5,662.0,49133.0,0.353,2,2,0,-0.765,1
21.0,38479.0,3188.0,0.9,657.0,15061.0,0.244,0,2,0,-0.914,0
25.0,48784.0,4023.0,4.9,682.0,32864.0,0.233,0,2,0,0.443,0
32.0,39888.0,3381.0,4.9,667.0,24095.0,0.232,1,2,0,-0.904,1
37.0,47930.0,4016.0,5.9,678.0,8344.0,0.292,1,1,0,0.337,0
57.0,47439.0,3984.0,6.4,692.0,20598.0,0.357,0,3,0,-0.809,0
44.0,39225.0,3309.0,11.4,788.0,18667.0,0.259,0,3,0,0.939,0
28.0,62107.0,5166.0,5.2,469.0,10457.0,0.416,5,1,0,-0.406,1
30.0,65587.0,5354.0,3.1,791.0,8784.0,0.475,0,2,0,-0.11,0
53.0,35128.0,3033.0,16.1,847.0,8691.0,0.212,0,2,0,0.451,0
50.0,26079.0,2214.0,16.3,546.0,6414.0,0.419,1,4,0,1.189,0
38.0,63261.0,5442.0,5.0,666.0,16333.0,0.298,0,3,0,0.768,0
33.0,69874.0,5943.0,0.3,756.0,16724.0,0.338,0,1,0,0.095,0
50.0,76396.0,6308.0,6.5,728.0,35151.0,0.287,3,3,0,0.053,0
27.0,70482.0,5598.0,5.7,780.0,19086.0,0.422,1,3,0,-1.112,0
42.0,111615.0,9073.0,6.2,689.0,70176.0,0.335,1,2,0,-0.252,0
63.0,86143.0,7270.0,0.6,518.0,7691.0,0.265,1,4,0,1.442,0
40.0,183691.0,15276.0,8.6,756.0,94809.0,0.258,0,1,0,0.128,0
29.0,221988.0,18344.0,6.5,708.0,139705.0,0.18,0,4,1,-0.748,0
43.0,24933.0,1974.0,16.9,771.0,9422.0,0.243,2,6,0,0.765,0
33.0,20463.0,1705.0,5.3,555.0,5924.0,0.422,3,0,1,0.183,0
23.0,54817.0,4469.0,1.5,576.0,15202.0,0.408,4,2,0,-1.904,1
46.0,69009.0,5667.0,19.2,671.0,20416.0,0.236,0,3,0,-0.857,0
50.0,53154.0,4505.0,26.9,767.0,7336.0,0.19,0,3,1,-1.199,0
35.0,75486.0,6161.0,9.3,777.0,36672.0,0.395,0,4,1,-1.035,0
34.0,48702.0,3983.0,9.6,614.0,25209.0,0.343,1,2,0,-0.651,1
27.0,40248.0,3366.0,0.7,632.0,13775.0,0.102,1,3,1,0.63,0
36.0,43079.0,3653.0,6.9,850.0,33037.0,0.588,0,3,1,-0.964,1
32.0,50262.0,4155.0,10.5,627.0,36871.0,0.301,3,1,0,-1.337,1
27.0,80392.0,6896.0,1.1,708.0,21980.0,0.47,0,0,0,0.738,1
59.0,44181.0,3588.0,12.0,634.0,26476.0,0.317,2,2,0,-0.125,0
43.0,48294.0,3907.0,15.7,701.0,6628.0,0.196,0,1,0,0.852,0
44.0,71089.0,5742.0,21.9,610.0,43959.0,0.319,2,3,0,0.13,1
48.0,50293.0,4053.0,1.6,602.0,30267.0,0.153,4,4,0,3.72,0
46.0,90908.0,7627.0,23.1,646.0,28861.0,0.287,1,2,0,-0.157,0
33.0,36363.0,2971.0,3.0,623.0,12371.0,0.191,0,2,0,-0.84,0
41.0,32982.0,2671.0,18.1,648.0,16146.0,0.28,0,4,0,0.246,0
35.0,63081.0,5297.0,13.4,703.0,16411.0,0.325,0,2,0,-0.326,0
43.0,65974.0,5588.0,17.7,801.0,31638.0,0.33,0,4,0,0.333,1
42.0,37267.0,3171.0,20.1,629.0,26673.0,0.154,2,3,0,-0.317,0
34.0,100680.0,8537.0,13.3,597.0,38624.0,0.236,3,1,0,1.205,1
23.0,130785.0,10699.0,3.1,662.0,26570.0,0.102,0,1,0,1.257,0
40.0,41463.0,3474.0,10.1,605.0,19427.0,0.362,2,1,0,-0.598,1
36.0,107406.0,9039.0,7.3,549.0,57960.0,0.32,0,3,0,0.711,0
21.0,18829.0,1554.0,0.1,735.0,8369.0,0.183,0,5,0,0.891,0
44.0,89263.0,7463.0,5.1,668.0,6045.0,0.441,2,3,1,1.045,0
49.0,37388.0,3038.0,18.7,682.0,20636.0,0.347,0,5,1,-1.382,0
66.0,85333.0,7022.0,5.8,528.0,6628.0,0.289,4,2,0,0.42,1
34.0,35686.0,2996.0,12.9,626.0,12956.0,0.253,2,2,0,-1.042,0
32.0,53331.0,4578.0,2.7,562.0,19242.0,0.236,5,2,0,-0.511,1
26.0,38198.0,3256.0,0.5,659.0,26158.0,0.221,1,1,0,0.095,0
40.0,49953.0,4218.0,4.8,672.0,34818.0,0.417,1,2,0,-0.619,1
40.0,125311.0,10459.0,1.0,670.0,79107.0,0.327,1,5,0,0.012,0
29.0,52392.0,4359.0,1.5,614.0,34830.0,0.195,1,1,1,0.854,0
36.0,142162.0,11504.0,9.4,605.0,30437.0,0.43,1,2,0,0.305,0
21.0,46234.0,3788.0,0.3,647.0,27149.0,0.291,1,3,0,-0.468,0
48.0,107622.0,8825.0,22.6,696.0,65861.0,0.208,0,0,0,0.18,0
30.0,26464.0,2231.0,3.9,621.0,16766.0,0.498,1,5,0,0.216,1
38.0,48347.0,4105.0,12.6,601.0,31236.0,0.191,2,4,0,0.574,0
22.0,43211.0,3654.0,1.6,598.0,7451.0,0.217,1,3,0,-0.954,0
32.0,109870.0,9372.0,1.6,615.0,26665.0,0.3,0,5,0,-0.276,0
35.0,59781.0,4989.0,0.8,629.0,38126.0,0.332,2,6,0,0.017,1
38.0,21492.0,1756.0,15.1,591.0,3450.0,0.225,3,6,0,1.583,0
43.0,30501.0,2539.0,16.3,637.0,4361.0,0.079,1,3,0,-0.781,0
54.0,34870.0,2864.0,5.9,749.0,27295.0,0.303,2,1,0,0.274,1
46.0,83735.0,7070.0,17.7,648.0,64965.0,0.195,2,5,1,-0.497,0
49.0,79011.0,6537.0,9.4,578.0,23905.0,0.264,3,2,0,-1.021,0
54.0,48046.0,3996.0,1.9,503.0,2712.0,0.219,2,4,0,0.409,1
44.0,42970.0,3631.0,5.6,791.0,14983.0,0.192,0,3,0,-0.577,0
38.0,75922.0,6233.0,13.3,746.0,5269.0,0.273,1,2,0,0.997,0
49.0,33084.0,2810.0,11.4,686.0,5213.0,0.237,2,5,0,-0.805,0
50.0,67578.0,5480.0,16.2,750.0,14738.0,0.216,1,1,0,-0.094,0
45.0,65038.0,5453.0,3.4,699.0,44188.0,0.397,1,1,0,0.26,0
22.0,48607.0,4043.0,0.2,655.0,16112.0,0.201,0,3,1,-0.007,0
29.0,65778.0,5572.0,2.1,574.0,3694.0,0.275,1,3,0,-1.407,1
35.0,57586.0,4667.0,7.1,797.0,30386.0,0.296,0,3,1,-1.324,0
47.0,68798.0,5558.0,22.5,641.0,7084.0,0.131,1,4,0,0.488,0
38.0,30174.0,2552.0,13.6,640.0,21743.0,0.188,1,5,0,1.252,1
51.0,72520.0,5996.0,4.9,665.0,16971.0,0.296,2,3,1,-1.25,0
52.0,87296.0,7261.0,2.3,665.0,19930.0,0.292,1,4,0,-2.355,1
51.0,63546.0,5226.0,7.0,704.0,22100.0,0.221,2,2,0,0.414,0
51.0,72087.0,6117.0,26.6,705.0,9414.0,0.297,0,3,0,0.571,0
27.0,52346.0,4388.0,3.4,621.0,3526.0,0.327,1,4,0,0.827,0
43.0,82141.0,6878.0,18.8,671.0,60437.0,0.359,1,3,0,0.395,0
31.0,56639.0,4609.0,4.2,700.0,39517.0,0.367,1,3,0,0.69,0
21.0,32811.0,2762.0,0.6,614.0,24189.0,0.421,0,1,0,1.95,1
35.0,79554.0,6498.0,8.8,766.0,44349.0,0.311,0,0,1,-0.637,0
53.0,26363.0,2168.0,20.4,669.0,1576.0,0.161,2,1,1,1.164,0
43.0,62464.0,5063.0,10.8,777.0,48715.0,0.27,0,2,0,1.836,1
60.0,46267.0,3844.0,9.6,567.0,26908.0,0.173,4,2,0,0.105,1
40.0,44956.0,3826.0,8.5,710.0,16248.0,0.385,1,5,0,-0.209,0
65.0,59426.0,4975.0,40.0,618.0,35617.0,0.437,3,1,0,-0.584,0
40.0,39971.0,3301.0,5.4,618.0,18998.0,0.299,2,1,1,-1.325,0
38.0,69257.0,5784.0,13.2,730.0,38352.0,0.416,0,3,0,-3.058,0
24.0,56424.0,4712.0,3.7,646.0,37696.0,0.409,2,2,0,1.14,0
50.0,41660.0,3476.0,17.1,850.0,31334.0,0.33,0,1,0,-0.456,0
32.0,100435.0,8399.0,6.1,699.0,65031.0,0.353,1,3,1,-0.162,1
31.0,60309.0,4921.0,1.3,612.0,43538.0,0.395,1,4,0,-0.99,1
52.0,73054.0,6101.0,24.2,708.0,34746.0,0.16,0,2,1,-0.157,0
51.0,104042.0,8366.0,28.0,657.0,31611.0,0.325,1,1,1,1.092,0
50.0,103277.0,8705.0,29.9,733.0,57036.0,0.355,0,4,0,-0.643,0
34.0,71396.0,5818.0,2.8,641.0,33354.0,0.157,1,6,0,1.888,0
37.0,47997.0,4094.0,16.0,696.0,4423.0,0.491,0,1,0,-0.217,0
37.0,28904.0,2291.0,6.4,677.0,13929.0,0.409,2,1,0,0.111,1
47.0,60361.0,5199.0,16.5,674.0,21915.0,0.41,0,6,0,1.009,0
55.0,90008.0,7255.0,7.8,737.0,29449.0,0.341,1,1,1,0.875,0
42.0,64507.0,5247.0,5.5,537.0,38275.0,0.205,4,2,0,0.897,1
60.0,15000.0,1257.0,24.6,679.0,10707.0,0.173,0,2,0,2.563,0
48.0,81358.0,6864.0,13.5,618.0,16097.0,0.29,1,2,0,0.87,0
35.0,83639.0,6930.0,14.9,573.0,54045.0,0.37,1,4,0,0.156,1
47.0,48028.0,4074.0,7.2,605.0,8510.0,0.354,0,8,0,0.883,0
57.0,85807.0,7037.0,32.3,633.0,41387.0,0.471,2,3,1,-0.818,0
60.0,72960.0,6031.0,18.4,653.0,50062.0,0.269,1,3,0,0.196,1
51.0,40401.0,3346.0,4.2,686.0,29468.0,0.264,2,3,0,2.223,0
38.0,97458.0,8034.0,4.4,700.0,27418.0,0.301,1,1,0,-0.392,0
36.0,31093.0,2491.0,11.8,637.0,20650.0,0.184,0,2,0,0.751,0
44.0,53601.0,4465.0,20.1,781.0,38008.0,0.45,1,3,0,-0.565,0
56.0,51248.0,4261.0,1.4,635.0,9203.0,0.275,1,9,0,-0.86,0
43.0,37935.0,3229.0,9.3,528.0,12843.0,0.325,1,3,1,-0.507,1
43.0,63057.0,5120.0,11.4,642.0,39864.0,0.381,0,4,0,1.704,0
39.0,99186.0,8160.0,11.4,669.0,6054.0,0.225,0,3,0,0.416,0
34.0,96430.0,8229.0,9.4,436.0,50078.0,0.328,6,4,0,-0.256,0
36.0,76171.0,6385.0,13.5,751.0,27496.0,0.299,0,2,0,-0.257,0
39.0,25640.0,2160.0,5.3,656.0,11234.0,0.398,2,2,0,-0.236,0
57.0,30149.0,2535.0,4.1,581.0,10967.0,0.301,2,1,1,0.144,0
35.0,59270.0,4984.0,2.9,594.0,11649.0,0.02,3,4,0,-0.863,0
39.0,54159.0,4678.0,17.4,722.0,16862.0,0.207,0,4,0,0.513,0
28.0,43956.0,3670.0,4.6,724.0,30584.0,0.15,1,3,0,1.078,0
46.0,129636.0,10584.0,5.7,617.0,65884.0,0.493,1,3,0,-0.094,0
53.0,57683.0,4868.0,26.0,578.0,23532.0,0.441,2,4,0,-1.316,1
56.0,70205.0,5784.0,21.1,680.0,40687.0,0.085,1,2,1,0.258,0
40.0,85789.0,7133.0,7.4,686.0,16111.0,0.199,0,2,0,-1.235,0
44.0,56377.0,4733.0,0.4,700.0,6348.0,0.162,0,2,0,-1.443,0
36.0,176498.0,14467.0,12.8,627.0,81445.0,0.322,4,4,1,0.712,0
44.0,36023.0,2971.0,17.1,660.0,2112.0,0.204,2,3,0,-2.36,0
41.0,41871.0,3522.0,5.6,664.0,6748.0,0.273,2,2,1,0.163,0
39.0,35984.0,2966.0,5.0,730.0,21151.0,0.162,2,2,0,0.867,0
40.0,111111.0,9440.0,5.3,756.0,80690.0,0.343,0,2,0,2.159,0
43.0,78907.0,6446.0,15.4,780.0,20827.0,0.132,0,1,1,-1.683,0
35.0,43054.0,3517.0,4.3,753.0,14508.0,0.55,0,2,0,-0.368,0
35.0,37285.0,3226.0,4.8,789.0,20908.0,0.45,0,3,0,-0.81,0
57.0,102569.0,8286.0,13.9,738.0,67046.0,0.548,0,1,0,0.496,0
68.0,64721.0,5391.0,40.0,639.0,15867.0,0.361,2,2,1,-0.99,0
25.0,103754.0,8966.0,2.2,768.0,69476.0,0.456,1,0,1,2.22,0
24.0,53531.0,4458.0,1.6,564.0,41728.0,0.389,4,0,0,-0.969,1
27.0,69236.0,5925.0,3.5,827.0,8029.0,0.2,0,2,0,0.098,0
37.0,62956.0,5315.0,12.1,598.0,13740.0,0.263,1,0,0,0.626,0
48.0,41533.0,3461.0,24.6,734.0,24696.0,0.342,0,5,0,0.543,0
45.0,51546.0,4284.0,24.3,773.0,3996.0,0.415,0,2,0,-0.236,0
40.0,32278.0,2576.0,9.7,697.0,8490.0,0.299,0,2,0,-1.67,0
44.0,68695.0,5688.0,11.0,522.0,46946.0,0.355,7,2,0,-0.263,1
30.0,77470.0,6486.0,3.4,595.0,43480.0,0.267,0,0,0,-1.566,1
35.0,85876.0,7190.0,11.9,691.0,45560.0,0.259,1,2,1,-0.086,0
38.0,74238.0,6492.0,11.7,710.0,37787.0,0.153,0,1,0,0.307,0
21.0,51917.0,4351.0,0.4,648.0,22139.0,0.344,3,1,0,-0.52,0
25.0,110578.0,9331.0,2.7,667.0,69117.0,0.251,2,2,0,-0.451,0
26.0,82177.0,7008.0,1.2,558.0,57439.0,0.172,5,5,0,-1.136,1
46.0,102738.0,8654.0,18.3,793.0,66435.0,0.241,1,1,0,2.664,0
41.0,105680.0,8791.0,5.2,636.0,43542.0,0.329,3,2,0,0.559,0
45.0,51978.0,4324.0,8.6,720.0,32948.0,0.367,0,0,0,-1.223,0
21.0,65489.0,5419.0,0.1,758.0,40375.0,0.282,0,2,0,-1.078,0
22.0,77936.0,6552.0,0.4,579.0,30537.0,0.407,2,2,0,0.458,1
45.0,32793.0,2723.0,4.9,671.0,9857.0,0.449,0,2,0,-1.95,0
21.0,33122.0,2795.0,0.7,680.0,11844.0,0.271,0,1,0,-0.813,0
51.0,30650.0,2503.0,21.9,653.0,12870.0,0.397,0,2,0,0.859,0
21.0,52389.0,4379.0,0.5,725.0,8393.0,0.233,0,1,0,0.965,0
47.0,47339.0,4067.0,10.6,619.0,10124.0,0.17,2,2,1,0.286,0
28.0,28826.0,2391.0,7.3,668.0,3643.0,0.206,2,6,0,-0.015,0
50.0,58824.0,5083.0,26.1,647.0,6131.0,0.214,0,2,1,1.589,0
70.0,52684.0,4405.0,30.1,838.0,25003.0,0.256,1,3,0,-1.113,0
21.0,93629.0,7794.0,0.7,614.0,53701.0,0.498,2,4,0,-0.684,1
46.0,136071.0,11366.0,20.4,722.0,69424.0,0.248,0,1,0,1.679,0
21.0,67541.0,5593.0,0.7,786.0,40199.0,0.262,0,3,0,-0.102,0
43.0,40199.0,3217.0,5.1,598.0,14266.0,0.315,1,0,1,0.522,0
36.0,73579.0,6240.0,7.9,671.0,47779.0,0.168,3,5,0,0.111,0
39.0,55231.0,4804.0,3.0,592.0,33733.0,0.315,1,4,1,2.805,0
28.0,49367.0,4153.0,6.5,522.0,28793.0,0.366,4,4,1,-0.52,0
47.0,37323.0,3144.0,17.4,614.0,23308.0,0.448,2,5,0,0.978,0
22.0,44631.0,3706.0,2.0,621.0,9979.0,0.431,1,1,0,-1.764,0
52.0,50771.0,4329.0,4.3,626.0,24222.0,0.336,1,2,1,0.285,0
33.0,78979.0,6576.0,6.9,642.0,49851.0,0.278,0,7,0,1.165,1
23.0,69220.0,5799.0,1.9,661.0,8594.0,0.283,0,1,0,0.898,0
56.0,125066.0,10096.0,30.8,592.0,29429.0,0.341,3,1,0,0.538,0
37.0,74499.0,6143.0,14.7,692.0,31150.0,0.295,0,0,0,0.808,0
59.0,66571.0,5588.0,7.9,749.0,24008.0,0.291,3,5,0,-0.651,0
51.0,47920.0,4066.0,30.9,769.0,35255.0,0.207,1,6,0,0.821,0
29.0,34483.0,2927.0,9.0,646.0,21138.0,0.367,1,0,0,1.994,1
37.0,42559.0,3435.0,16.5,731.0,3431.0,0.33,0,2,0,-0.631,0
39.0,40141.0,3246.0,11.9,618.0,16016.0,0.224,1,3,1,1.666,0
55.0,17373.0,1465.0,28.9,650.0,10805.0,0.449,0,0,0,0.139,1
43.0,34934.0,2868.0,1.7,689.0,19275.0,0.321,0,3,1,0.429,0
40.0,113106.0,9594.0,5.1,639.0,51264.0,0.158,3,1,0,-2.455,0
36.0,64923.0,5234.0,1.5,572.0,7394.0,0.394,2,3,1,-1.204,1
37.0,46428.0,3861.0,8.8,723.0,34187.0,0.233,1,4,0,-0.037,1
52.0,65802.0,5480.0,31.2,618.0,23776.0,0.259,3,0,1,1.174,1
38.0,22835.0,1921.0,11.7,629.0,3627.0,0.281,2,1,0,-0.532,0
34.0,62444.0,5096.0,6.3,737.0,7075.0,0.386,0,2,0,-0.724,0
32.0,97730.0,7824.0,9.3,702.0,62410.0,0.294,1,1,0,-0.482,0
32.0,52083.0,4355.0,6.6,676.0,26539.0,0.362,3,4,0,2.077,0
23.0,24778.0,2087.0,1.2,558.0,5916.0,0.143,3,2,0,1.033,0
30.0,45653.0,3881.0,6.1,582.0,20533.0,0.19,3,2,0,-0.229,1
54.0,97807.0,8092.0,17.6,697.0,74319.0,0.303,1,3,0,0.016,0
36.0,61788.0,5229.0,10.1,709.0,25941.0,0.227,3,6,0,-2.177,0
46.0,29052.0,2445.0,20.7,688.0,9964.0,0.28,2,3,0,-1.0,0
21.0,159615.0,13653.0,0.5,627.0,44833.0,0.375,1,1,0,-0.99,0
44.0,31284.0,2604.0,10.1,630.0,5841.0,0.22,1,3,0,-0.242,0
36.0,49305.0,3967.0,9.1,680.0,36129.0,0.226,0,1,0,1.26,0
33.0,34484.0,2870.0,11.5,578.0,6165.0,0.311,1,0,0,-0.312,1
40.0,34506.0,2881.0,8.5,671.0,3139.0,0.087,1,1,0,-1.149,0
33.0,44874.0,3778.0,10.6,568.0,7047.0,0.401,1,2,1,-0.394,0
21.0,73230.0,5915.0,0.6,587.0,13685.0,0.313,2,1,0,-0.308,1
48.0,98305.0,8141.0,0.3,673.0,36237.0,0.309,0,1,1,-0.181,0
41.0,46227.0,3919.0,9.8,706.0,33849.0,0.246,1,2,0,-0.089,0
35.0,34910.0,2903.0,3.1,685.0,5275.0,0.369,0,0,0,0.49,1
27.0,68219.0,5650.0,1.1,583.0,10890.0,0.284,1,3,0,-1.013,0
22.0,69125.0,5980.0,0.4,529.0,26129.0,0.423,3,4,0,1.442,1
40.0,61283.0,4998.0,14.6,667.0,44604.0,0.129,1,1,0,-0.856,0
56.0,62266.0,5317.0,22.4,538.0,46410.0,0.306,3,4,0,0.398,0
40.0,52283.0,4446.0,10.9,732.0,39899.0,0.304,0,2,0,-1.058,0
23.0,57484.0,4769.0,1.4,585.0,8344.0,0.331,2,3,0,-1.011,0
40.0,50683.0,4221.0,8.0,820.0,29353.0,0.44,1,2,0,1.125,0
37.0,89027.0,7414.0,15.4,600.0,47677.0,0.164,0,5,0,0.787,0
48.0,149926.0,12539.0,25.6,705.0,10923.0,0.161,1,2,0,1.215,0
45.0,59631.0,4910.0,18.9,618.0,33049.0,0.265,2,1,0,1.056,1
21.0,54838.0,4531.0,0.3,648.0,31408.0,0.111,1,1,1,-1.958,1
44.0,61712.0,5106.0,21.9,684.0,33478.0,0.531,1,3,1,0.552,0
27.0,40906.0,3387.0,5.7,723.0,8663.0,0.393,0,3,1,0.169,0
22.0,77600.0,6427.0,0.3,732.0,23224.0,0.352,0,3,0,-1.055,0
36.0,67078.0,5339.0,5.4,714.0,31213.0,0.378,0,3,0,-0.731,1
43.0,45519.0,3801.0,7.4,736.0,7001.0,0.427,0,1,0,-1.05,0
21.0,82538.0,6806.0,0.7,617.0,13954.0,0.239,2,3,0,0.494,0
46.0,55472.0,4450.0,13.5,712.0,31844.0,0.264,0,5,0,1.024,0
46.0,35545.0,2941.0,7.0,640.0,6195.0,0.334,1,1,0,0.028,0
39.0,64428.0,5328.0,4.3,731.0,4028.0,0.25,0,0,0,-1.849,0
28.0,61190.0,5229.0,3.9,670.0,11554.0,0.207,1,1,0,-0.201,0
27.0,84734.0,6985.0,4.8,706.0,9036.0,0.247,0,3,0,-1.601,0
49.0,79960.0,6752.0,14.9,688.0,20920.0,0.338,0,1,1,2.297,0
21.0,52362.0,4484.0,0.4,713.0,32477.0,0.391,1,0,0,1.046,0
50.0,44474.0,3660.0,18.4,613.0,28444.0,0.173,1,3,0,0.904,0
36.0,55043.0,4583.0,16.2,558.0,5698.0,0.281,2,3,0,-1.506,0
37.0,64769.0,5584.0,3.0,731.0,30941.0,0.295,0,1,0,0.987,0
21.0,68376.0,5724.0,0.5,754.0,7934.0,0.161,0,1,0,0.247,0
36.0,62990.0,5288.0,6.2,655.0,11988.0,0.345,0,1,0,-0.207,0
45.0,52799.0,4364.0,5.4,719.0,33694.0,0.289,0,2,0,0.437,0
23.0,86134.0,7276.0,2.9,547.0,67099.0,0.206,3,1,0,-2.258,1
43.0,40605.0,3381.0,22.5,628.0,10302.0,0.252,2,1,0,0.146,0
39.0,167849.0,13475.0,6.6,669.0,106177.0,0.354,1,0,0,-0.335,0
31.0,77534.0,6415.0,3.8,540.0,23767.0,0.398,2,2,0,-0.66,1
47.0,33114.0,2694.0,2.5,554.0,21141.0,0.334,2,0,0,-0.919,1
21.0,59781.0,4993.0,0.6,671.0,28557.0,0.491,2,1,0,-0.474,1
42.0,77870.0,6370.0,0.6,618.0,35800.0,0.412,2,5,0,-0.352,0
56.0,46999.0,3954.0,17.8,645.0,30858.0,0.355,1,2,0,0.459,0
54.0,28065.0,2341.0,5.2,634.0,16057.0,0.23,0,0,1,-0.344,0
42.0,34458.0,2800.0,15.0,578.0,26811.0,0.413,0,1,0,-2.919,0
35.0,70195.0,5792.0,13.6,652.0,22603.0,0.223,1,2,0,-0.577,0
31.0,24972.0,2107.0,1.0,660.0,19136.0,0.375,1,2,0,-0.117,1
35.0,28649.0,2442.0,11.4,625.0,19216.0,0.056,1,3,0,-0.075,1
44.0,70029.0,5730.0,19.9,635.0,29423.0,0.251,1,2,0,1.783,0
29.0,49759.0,4056.0,1.6,647.0,21178.0,0.16,5,1,0,-0.943,1
46.0,40215.0,3482.0,24.3,730.0,29215.0,0.271,0,5,1,-1.461,0
61.0,44023.0,3668.0,25.7,666.0,21597.0,0.146,1,1,0,0.884,1
37.0,28374.0,2369.0,9.3,530.0,8607.0,0.303,4,0,0,0.134,1
23.0,68398.0,5616.0,2.2,578.0,5542.0,0.347,3,5,0,0.93,1
23.0,38259.0,3202.0,0.9,726.0,10511.0,0.235,0,1,0,-2.284,0
47.0,43217.0,3725.0,0.7,612.0,9206.0,0.268,0,1,0,-0.663,0
37.0,64289.0,5385.0,7.7,658.0,9436.0,0.322,1,3,1,0.537,0
48.0,49001.0,4170.0,20.5,805.0,27170.0,0.295,0,3,0,-0.659,0
32.0,40054.0,3340.0,11.1,710.0,13890.0,0.435,1,0,0,1.35,1
47.0,22468.0,1834.0,11.7,515.0,2717.0,0.231,0,5,0,-1.075,0
36.0,64889.0,5334.0,4.3,763.0,19158.0,0.354,0,4,0,1.87,0
30.0,56990.0,4643.0,1.3,671.0,8851.0,0.326,0,1,0,-0.415,0
34.0,43576.0,3647.0,12.7,692.0,21742.0,0.141,0,4,0,0.407,0
25.0,34484.0,2944.0,1.1,682.0,12766.0,0.309,1,6,0,-0.916,0
60.0,55317.0,4625.0,36.3,742.0,41524.0,0.291,1,3,1,-0.379,0
37.0,68275.0,5655.0,3.1,656.0,34585.0,0.251,2,2,1,1.747,0
45.0,57474.0,4714.0,0.5,557.0,35857.0,0.477,2,2,0,-0.693,1
32.0,114946.0,9647.0,2.7,684.0,34632.0,0.429,0,2,0,-0.042,0
26.0,75526.0,6138.0,3.2,565.0,46514.0,0.224,1,3,0,1.358,1
35.0,52408.0,4268.0,5.4,790.0,31502.0,0.364,1,1,0,-0.86,0
50.0,76674.0,6505.0,27.3,648.0,60815.0,0.374,1,1,0,0.852,1
32.0,56218.0,4659.0,6.7,660.0,30688.0,0.315,2,3,1,-0.312,1
28.0,56130.0,4650.0,1.0,613.0,41374.0,0.19,2,2,0,-1.602,0
40.0,98563.0,8186.0,12.3,690.0,69013.0,0.205,0,2,0,0.915,0
43.0,36716.0,3104.0,9.1,696.0,27135.0,0.353,0,4,0,2.485,0
56.0,55580.0,4647.0,24.5,625.0,26671.0,0.351,0,3,0,1.226,0
42.0,93944.0,7712.0,17.2,700.0,20479.0,0.271,0,2,0,0.336,0
45.0,63205.0,5193.0,24.7,677.0,30893.0,0.432,0,4,0,-0.567,0
46.0,46584.0,3867.0,14.9,661.0,34531.0,0.449,0,0,0,0.272,1
25.0,25523.0,2140.0,1.9,608.0,19902.0,0.448,1,2,0,0.855,0
27.0,19800.0,1649.0,3.2,824.0,15041.0,0.449,0,3,0,-1.243,0
26.0,139996.0,11637.0,2.4,744.0,53313.0,0.298,1,4,0,-2.343,0
23.0,63191.0,5271.0,1.5,712.0,41279.0,0.167,2,3,0,-1.595,1
47.0,42288.0,3521.0,0.8,739.0,17610.0,0.268,0,0,0,-0.751,0
41.0,64366.0,5280.0,5.2,684.0,36611.0,0.289,1,5,1,-0.366,0
39.0,35905.0,3058.0,18.6,645.0,13416.0,0.237,0,2,1,-0.481,1
21.0,47384.0,3911.0,0.9,475.0,13122.0,0.262,2,3,0,-0.083,1
61.0,36014.0,3009.0,2.0,576.0,13738.0,0.184,4,3,1,-1.013,1
28.0,29118.0,2327.0,8.0,816.0,8160.0,0.371,0,2,0,0.162,0
61.0,21329.0,1770.0,32.1,757.0,7836.0,0.463,0,1,0,-0.367,0
22.0,26800.0,2184.0,0.0,674.0,14961.0,0.538,2,2,0,-0.58,1
29.0,87087.0,7115.0,8.3,554.0,17466.0,0.325,5,4,0,-0.026,0
21.0,35277.0,3082.0,1.0,705.0,19668.0,0.283,0,3,0,-0.631,0
42.0,69968.0,5860.0,13.8,647.0,7362.0,0.296,1,4,0,1.415,0
26.0,84591.0,7222.0,4.6,711.0,4331.0,0.436,1,1,0,-0.507,0
26.0,55412.0,4697.0,2.1,583.0,12456.0,0.434,3,3,0,-0.131,1
23.0,48085.0,4086.0,1.7,627.0,9702.0,0.276,1,2,0,1.538,0
47.0,58393.0,4847.0,19.4,732.0,39407.0,0.42,0,1,0,-0.722,0
46.0,45598.0,3922.0,14.5,802.0,28135.0,0.316,0,5,0,0.948,0
58.0,94547.0,8012.0,11.6,620.0,51981.0,0.226,3,3,0,-0.508,1
30.0,127967.0,10673.0,6.8,593.0,74181.0,0.285,2,5,1,2.104,0
40.0,105610.0,8847.0,17.1,740.0,57794.0,0.47,0,3,0,-0.492,0
24.0,20887.0,1736.0,3.2,573.0,13991.0,0.372,1,0,0,-1.16,1
34.0,45181.0,3769.0,1.9,578.0,20350.0,0.249,4,0,0,1.12,0
32.0,55103.0,4588.0,5.5,681.0,3484.0,0.394,0,1,0,2.23,0
43.0,67742.0,5688.0,0.9,806.0,47249.0,0.371,0,2,0,0.563,0
49.0,25281.0,2180.0,18.5,610.0,10184.0,0.269,0,3,1,-0.323,0
49.0,25098.0,2041.0,7.0,638.0,18731.0,0.225,0,1,0,-1.375,1
29.0,99027.0,8441.0,8.1,672.0,71275.0,0.189,1,2,0,0.271,0
49.0,42765.0,3538.0,17.9,636.0,14947.0,0.136,2,1,0,1.734,0
38.0,28163.0,2406.0,7.0,540.0,21117.0,0.235,3,6,0,0.687,1
34.0,33472.0,2771.0,10.6,721.0,3144.0,0.282,0,1,1,-0.324,0
30.0,65565.0,5509.0,2.1,674.0,35848.0,0.426,0,3,0,-0.42,0
32.0,37985.0,3155.0,1.1,686.0,21314.0,0.382,0,5,0,0.311,0
57.0,61317.0,4933.0,3.2,652.0,41702.0,0.32,0,4,0,-0.989,0
41.0,35407.0,3053.0,12.5,772.0,14290.0,0.113,0,0,1,0.284,1
40.0,25089.0,2051.0,17.7,634.0,5781.0,0.33,1,1,1,1.084,0
35.0,104408.0,8715.0,3.4,586.0,8680.0,0.135,3,1,0,0.472,0
65.0,65793.0,5367.0,34.1,794.0,26348.0,0.387,0,2,0,0.148,1
52.0,47330.0,3839.0,1.2,507.0,18457.0,0.39,0,1,0,-1.074,1
30.0,43498.0,3610.0,3.6,651.0,13802.0,0.305,0,5,0,0.458,0
35.0,106329.0,8756.0,9.8,660.0,56069.0,0.382,1,2,0,-0.925,0
36.0,71774.0,5841.0,12.9,658.0,32193.0,0.401,0,6,0,0.788,0
40.0,92148.0,7674.0,18.5,561.0,12594.0,0.311,1,2,0,0.79,0
30.0,42295.0,3420.0,6.5,580.0,3641.0,0.286,2,1,0,-1.397,0
43.0,56268.0,4701.0,10.6,732.0,40401.0,0.167,1,1,0,-0.874,0
54.0,65912.0,5479.0,2.1,758.0,39984.0,0.264,2,0,1,-0.179,0
24.0,42940.0,3401.0,1.0,631.0,17064.0,0.2,1,1,0,-0.633,0
26.0,52686.0,4345.0,5.2,597.0,22235.0,0.199,1,2,0,-0.556,0
33.0,42297.0,3558.0,7.4,539.0,5746.0,0.227,0,2,0,0.767,0
33.0,65819.0,5368.0,4.5,728.0,16299.0,0.104,0,1,0,0.668,0
60.0,30347.0,2555.0,9.9,735.0,20290.0,0.398,0,3,0,0.717,0
49.0,71145.0,5980.0,3.3,465.0,10299.0,0.322,1,4,0,0.677,0
48.0,63254.0,5164.0,21.3,501.0,8111.0,0.416,2,2,0,1.782,0
35.0,50191.0,4182.0,6.2,673.0,23520.0,0.38,0,3,0,-0.232,0
35.0,67331.0,5703.0,13.9,686.0,45801.0,0.35,1,2,0,0.678,1
22.0,46670.0,3821.0,0.9,627.0,15604.0,0.379,2,2,0,-2.296,1
47.0,40682.0,3376.0,21.8,669.0,21740.0,0.315,0,1,0,-1.382,0
43.0,70246.0,5989.0,3.0,644.0,51042.0,0.431,1,1,0,0.658,0
52.0,71628.0,5867.0,4.9,664.0,51461.0,0.249,2,0,1,0.048,0
36.0,43775.0,3681.0,4.3,599.0,17550.0,0.298,1,2,0,-0.014,0
36.0,42117.0,3434.0,3.1,661.0,11443.0,0.272,2,0,0,-0.154,0
40.0,50653.0,4207.0,19.4,622.0,24315.0,0.502,0,3,1,-2.096,1
48.0,42903.0,3607.0,22.5,618.0,31883.0,0.237,3,5,0,-0.968,0
22.0,109250.0,8666.0,0.6,530.0,61251.0,0.429,7,5,0,-0.043,1
46.0,63418.0,5228.0,13.6,654.0,48602.0,0.164,1,1,0,1.31,0
38.0,55363.0,4653.0,9.5,721.0,26816.0,0.31,1,5,0,0.227,0
26.0,36147.0,3026.0,3.9,639.0,2383.0,0.282,4,2,0,-0.168,0
21.0,76698.0,6325.0,0.1,635.0,29601.0,0.198,0,2,0,-0.081,0
36.0,41767.0,3404.0,5.8,751.0,30384.0,0.234,0,1,0,-0.727,0
54.0,41001.0,3460.0,2.9,733.0,3088.0,0.35,2,1,0,1.48,0
56.0,77868.0,6447.0,33.5,798.0,39985.0,0.266,0,6,0,-0.258,0
42.0,65472.0,5516.0,8.8,822.0,21832.0,0.203,1,1,0,1.645,0
60.0,17828.0,1497.0,28.8,679.0,6288.0,0.39,1,5,0,-0.319,0
38.0,51231.0,4231.0,16.1,587.0,24369.0,0.298,4,1,0,-0.081,1
48.0,58196.0,4954.0,8.8,628.0,20874.0,0.333,0,4,0,-0.114,0
33.0,47206.0,3887.0,1.1,701.0,34937.0,0.409,0,2,0,0.267,1
32.0,59116.0,5044.0,4.1,763.0,16421.0,0.455,0,2,0,-1.409,0
31.0,24361.0,2084.0,7.1,590.0,15091.0,0.071,0,3,1,0.024,0
21.0,15385.0,1309.0,0.5,678.0,1832.0,0.289,1,2,0,-0.628,0
52.0,35459.0,2944.0,2.4,606.0,10625.0,0.132,4,2,0,-0.074,0
31.0,62449.0,5469.0,0.8,650.0,10517.0,0.573,2,2,0,-0.382,1
29.0,15000.0,1254.0,6.4,652.0,3223.0,0.315,3,3,0,-1.706,0
25.0,37628.0,3151.0,3.7,689.0,17812.0,0.397,1,1,0,-0.375,0
36.0,23152.0,1929.0,1.7,803.0,7097.0,0.237,2,3,1,0.906,0
57.0,49311.0,4016.0,29.7,708.0,4269.0,0.264,0,1,0,-0.179,0
61.0,132739.0,11348.0,14.2,637.0,92593.0,0.41,4,2,0,-0.556,0
21.0,49879.0,4109.0,0.1,618.0,27760.0,0.352,2,3,0,-2.108,0
34.0,52403.0,4447.0,4.7,649.0,40162.0,0.468,3,2,0,-0.412,1
27.0,80237.0,6841.0,4.8,601.0,52181.0,0.217,2,6,1,0.308,0
49.0,55530.0,4683.0,18.9,679.0,26073.0,0.278,1,3,0,1.251,0
41.0,49928.0,4103.0,10.2,496.0,19736.0,0.351,6,5,0,-3.119,1
31.0,83456.0,6907.0,3.1,647.0,63423.0,0.367,1,2,0,1.297,0
39.0,68012.0,5364.0,7.9,655.0,25027.0,0.342,1,3,1,0.601,0
33.0,62628.0,5207.0,4.9,581.0,28726.0,0.168,2,1,0,-0.155,1
56.0,51670.0,4375.0,13.9,640.0,15517.0,0.206,1,3,0,-0.768,0
44.0,47069.0,3904.0,11.8,744.0,12260.0,0.334,1,3,1,0.914,0
45.0,83101.0,6843.0,11.5,749.0,56855.0,0.146,0,4,0,0.13,0
21.0,47272.0,3916.0,0.1,623.0,11121.0,0.211,2,1,0,-1.507,0
37.0,95717.0,8170.0,5.0,699.0,15127.0,0.304,1,2,1,0.87,1
61.0,34333.0,2858.0,5.3,558.0,20464.0,0.222,0,0,0,0.35,1
53.0,104851.0,9062.0,19.6,649.0,71389.0,0.323,2,4,1,1.423,1
21.0,68017.0,5603.0,0.4,676.0,50726.0,0.291,0,2,0,0.39,1
35.0,35570.0,2977.0,9.8,772.0,19573.0,0.221,0,2,0,1.704,0
25.0,69157.0,5713.0,0.4,744.0,21527.0,0.224,1,5,0,1.52,0
57.0,41046.0,3562.0,12.7,681.0,17773.0,0.428,0,4,0,-0.421,0
41.0,55834.0,4670.0,3.7,598.0,10592.0,0.338,5,5,0,1.415,0
30.0,44183.0,3839.0,0.9,756.0,9238.0,0.325,1,1,0,-0.91,0
38.0,51807.0,4281.0,14.2,643.0,37415.0,0.305,1,2,0,-1.584,0
21.0,84013.0,7215.0,0.1,691.0,57686.0,0.209,0,0,1,-0.459,0
26.0,69454.0,5801.0,1.1,652.0,18005.0,0.244,1,5,0,1.515,0
38.0,33146.0,2808.0,6.7,803.0,11114.0,0.06,0,2,0,0.414,0
47.0,34011.0,2765.0,8.0,621.0,26158.0,0.236,1,1,0,0.192,0
21.0,62127.0,5213.0,0.9,725.0,21371.0,0.238,2,3,0,0.891,1
34.0,64185.0,5234.0,13.7,661.0,18972.0,0.355,0,1,0,-1.007,0
49.0,40603.0,3401.0,12.3,706.0,8139.0,0.24,1,7,0,-0.359,1
22.0,112553.0,9095.0,0.4,774.0,40040.0,0.379,1,2,1,0.207,0
41.0,79313.0,6597.0,10.2,525.0,25596.0,0.274,2,4,0,0.232,1
39.0,41505.0,3535.0,9.3,660.0,24949.0,0.315,0,2,0,0.01,0
57.0,39738.0,3348.0,17.2,606.0,12329.0,0.297,1,3,0,-1.668,0
35.0,49641.0,4035.0,0.3,691.0,19545.0,0.37,1,2,0,-0.746,0
36.0,47370.0,3798.0,2.1,709.0,13786.0,0.421,3,0,0,-0.252,1
47.0,96796.0,8146.0,3.9,629.0,28025.0,0.201,4,1,1,-1.164,0
23.0,85659.0,7364.0,1.2,624.0,20423.0,0.476,1,3,0,-1.137,0
36.0,55875.0,4566.0,9.0,679.0,23668.0,0.214,0,0,0,0.398,0
33.0,74619.0,6479.0,11.4,577.0,27741.0,0.282,1,5,0,-1.576,0
36.0,79652.0,6637.0,3.7,685.0,7422.0,0.247,0,1,0,-1.346,0
47.0,56461.0,4521.0,21.1,613.0,42228.0,0.451,0,3,0,-0.68,0
44.0,65925.0,5322.0,5.5,714.0,20542.0,0.194,2,2,0,1.49,0
30.0,71860.0,6081.0,0.3,568.0,44421.0,0.372,2,1,1,1.204,0
40.0,68495.0,5723.0,12.7,627.0,50015.0,0.079,1,1,0,-1.696,0
54.0,38740.0,3324.0,7.4,611.0,2268.0,0.381,0,1,0,-0.492,1
29.0,40543.0,3298.0,8.1,643.0,5777.0,0.281,1,4,0,0.863,0
40.0,48302.0,4035.0,18.3,765.0,9318.0,0.263,0,1,0,1.538,0
36.0,40018.0,3335.0,1.7,720.0,28587.0,0.231,0,3,0,-0.876,0
37.0,28345.0,2355.0,3.4,628.0,13017.0,0.293,3,2,0,0.388,0
21.0,74553.0,6165.0,0.2,626.0,21114.0,0.265,3,2,1,-0.9,0
54.0,64278.0,5318.0,30.5,737.0,5341.0,0.151,1,4,1,0.971,0
29.0,30103.0,2517.0,0.7,579.0,2307.0,0.222,3,0,0,-0.416,0
49.0,49349.0,4137.0,22.0,673.0,23842.0,0.38,1,5,0,-0.205,0
31.0,50623.0,4240.0,3.2,619.0,29227.0,0.26,0,2,0,-1.45,0
31.0,59693.0,5094.0,6.5,651.0,20246.0,0.221,1,4,0,0.838,1
51.0,33800.0,2749.0,5.6,719.0,8980.0,0.305,0,1,0,0.389,0
49.0,29905.0,2402.0,23.3,625.0,19585.0,0.349,0,1,0,0.243,0
40.0,69492.0,5909.0,13.6,735.0,48586.0,0.365,0,2,0,-0.448,0
46.0,27579.0,2255.0,0.6,814.0,9311.0,0.334,0,1,0,-0.514,0
35.0,49533.0,4096.0,3.5,704.0,30272.0,0.421,0,2,1,0.56,0
38.0,47494.0,3909.0,8.4,658.0,33345.0,0.305,0,1,0,-0.616,0
31.0,52032.0,4281.0,5.7,744.0,17453.0,0.276,0,1,0,0.831,0
48.0,61624.0,4986.0,23.1,594.0,10510.0,0.387,2,1,0,1.205,0
30.0,112921.0,9303.0,4.0,768.0,36848.0,0.229,0,1,0,-0.433,0
54.0,26777.0,2260.0,31.8,623.0,2588.0,0.26,3,2,0,0.025,0
35.0,81597.0,6799.0,2.8,813.0,6257.0,0.141,0,4,0,-1.86,0
38.0,17758.0,1495.0,15.6,618.0,11875.0,0.481,0,2,0,-0.208,0
46.0,102977.0,8496.0,23.8,718.0,71010.0,0.509,1,4,0,-0.172,0
38.0,21934.0,1861.0,11.4,557.0,11746.0,0.282,2,1,0,0.298,0
35.0,164632.0,13580.0,14.2,652.0,114013.0,0.376,0,3,0,0.707,0
38.0,46152.0,3684.0,7.3,588.0,34688.0,0.37,0,2,0,0.352,1
48.0,98298.0,8243.0,19.5,569.0,55522.0,0.319,4,2,0,1.098,0
31.0,89586.0,7580.0,0.1,744.0,65732.0,0.422,0,5,0,0.027,0
37.0,45192.0,3724.0,4.6,576.0,33428.0,0.174,3,0,0,-1.025,1
38.0,46780.0,3992.0,10.3,614.0,11968.0,0.282,1,3,0,1.2,0
48.0,37736.0,3091.0,24.1,612.0,28772.0,0.091,0,3,0,-1.148,0
37.0,78386.0,6620.0,16.1,748.0,61759.0,0.199,1,6,0,-0.906,1
58.0,45457.0,3920.0,22.0,742.0,11811.0,0.137,2,2,0,-0.09,0
36.0,38046.0,3173.0,13.9,756.0,19806.0,0.116,0,2,1,-1.152,0
35.0,70043.0,5810.0,12.3,611.0,15070.0,0.25,2,2,0,-0.323,0
36.0,36730.0,3054.0,12.5,761.0,12684.0,0.336,0,5,0,-1.569,0
24.0,47432.0,4081.0,0.4,605.0,24572.0,0.233,0,0,0,-0.555,0
27.0,57716.0,4848.0,3.2,609.0,4506.0,0.245,0,3,0,-1.488,0
32.0,41192.0,3580.0,5.9,614.0,22030.0,0.227,1,4,0,0.523,0
50.0,44086.0,3694.0,24.0,626.0,18275.0,0.314,3,1,1,0.151,0
38.0,109736.0,9025.0,10.3,659.0,15674.0,0.24,1,6,0,-1.169,0
33.0,50171.0,4132.0,10.4,606.0,28268.0,0.199,1,3,0,-1.32,0
51.0,46782.0,3903.0,30.1,691.0,35407.0,0.393,3,4,0,-0.566,1
55.0,50832.0,4063.0,19.4,487.0,2627.0,0.213,3,1,0,-0.325,1
52.0,67480.0,5570.0,25.2,689.0,25529.0,0.173,0,5,0,0.757,0
29.0,34539.0,2852.0,4.8,586.0,4995.0,0.374,0,1,1,-1.421,0
33.0,66658.0,5582.0,7.9,617.0,13682.0,0.132,3,1,0,0.95,0
58.0,61710.0,5342.0,18.1,624.0,25838.0,0.423,1,2,1,-0.48,0
41.0,24592.0,2052.0,19.8,736.0,6603.0,0.197,1,2,0,-0.518,0
35.0,123316.0,9881.0,12.3,701.0,66205.0,0.308,1,1,0,-1.273,1
46.0,106134.0,8683.0,19.5,658.0,26324.0,0.201,0,3,0,-0.343,0
49.0,38362.0,3214.0,9.6,615.0,24252.0,0.301,1,1,0,-1.258,0
32.0,33190.0,2771.0,5.7,718.0,6227.0,0.248,0,6,0,0.04,0
40.0,60944.0,5244.0,17.6,794.0,44516.0,0.202,2,1,0,1.083,0
48.0,28954.0,2459.0,26.4,671.0,10137.0,0.14,1,1,0,2.114,0
25.0,101622.0,8626.0,5.2,551.0,9308.0,0.246,3,2,1,-0.081,0
38.0,44546.0,3696.0,13.3,617.0,5559.0,0.348,1,4,0,0.227,0
26.0,114108.0,9718.0,4.2,701.0,51316.0,0.367,0,3,1,0.221,0
27.0,37953.0,3106.0,0.7,629.0,27830.0,0.228,3,2,0,1.746,0
32.0,52292.0,4442.0,8.9,604.0,22826.0,0.228,2,3,0,0.008,0
43.0,97279.0,8061.0,8.1,601.0,37708.0,0.283,4,3,0,-0.884,0
34.0,47554.0,3848.0,12.5,673.0,29940.0,0.3,0,3,0,-0.213,0
31.0,62164.0,5242.0,0.1,553.0,13682.0,0.3,1,4,1,-1.276,0
39.0,89930.0,7704.0,17.3,666.0,50134.0,0.257,3,2,0,1.69,1
25.0,42825.0,3540.0,2.6,667.0,9152.0,0.263,0,0,0,0.457,0
43.0,31173.0,2679.0,2.9,630.0,21322.0,0.271,3,2,1,1.003,0
50.0,28529.0,2299.0,18.3,596.0,20284.0,0.058,2,1,0,-0.726,1
37.0,71513.0,5817.0,11.9,737.0,14012.0,0.259,0,2,0,0.483,0
36.0,65515.0,5444.0,12.3,573.0,10330.0,0.378,1,3,0,-0.127,1
42.0,88684.0,7336.0,15.5,680.0,52546.0,0.439,0,4,0,-1.834,0
21.0,48619.0,3998.0,0.6,711.0,26236.0,0.418,0,2,0,-1.195,1
44.0,28890.0,2414.0,2.0,672.0,14914.0,0.309,0,2,0,0.31,0
70.0,19079.0,1573.0,40.0,766.0,8243.0,0.181,0,1,0,2.391,0
37.0,199920.0,16540.0,16.4,589.0,29347.0,0.245,3,4,0,0.899,0
37.0,69717.0,5842.0,13.0,611.0,41106.0,0.224,0,1,0,0.647,0
46.0,58492.0,4809.0,0.9,628.0,10046.0,0.159,1,4,0,1.507,0
56.0,62347.0,5185.0,27.3,850.0,28501.0,0.206,0,1,0,-0.603,0
49.0,28882.0,2376.0,7.7,699.0,8952.0,0.227,0,5,1,0.584,0
21.0,38461.0,3128.0,1.0,709.0,11490.0,0.161,1,6,0,-1.153,1
44.0,120522.0,10197.0,1.5,707.0,81255.0,0.393,0,1,0,-0.001,0
66.0,73965.0,6374.0,4.3,668.0,29006.0,0.361,3,6,0,-0.685,1
45.0,39006.0,3320.0,4.5,736.0,16386.0,0.295,3,2,0,0.891,0
25.0,31667.0,2656.0,4.0,531.0,22868.0,0.338,3,5,1,-2.041,1
41.0,43609.0,3587.0,13.7,686.0,20446.0,0.331,0,1,0,-0.991,1
24.0,47722.0,3954.0,2.8,691.0,31066.0,0.227,0,4,0,1.475,0
52.0,138303.0,11769.0,11.2,737.0,96418.0,0.48,0,3,0,0.976,0
27.0,50532.0,4019.0,6.6,582.0,28873.0,0.223,3,2,1,0.091,0
39.0,32202.0,2664.0,8.4,588.0,5089.0,0.133,1,3,0,0.517,0
29.0,53569.0,4530.0,1.1,589.0,7470.0,0.316,0,4,0,0.31,0
32.0,61947.0,5045.0,9.2,701.0,23272.0,0.356,1,3,0,2.348,0
54.0,30910.0,2598.0,18.2,707.0,3010.0,0.27,0,3,1,0.257,0
39.0,65911.0,5534.0,11.4,599.0,18161.0,0.424,1,2,0,0.448,0
32.0,94760.0,7667.0,4.6,796.0,19554.0,0.318,1,4,0,-0.504,1
25.0,58541.0,4887.0,3.8,682.0,4624.0,0.218,0,2,0,0.083,0
21.0,38423.0,3162.0,0.0,669.0,13423.0,0.241,1,3,1,-1.391,0
24.0,43352.0,3643.0,2.1,647.0,10266.0,0.315,2,0,0,0.239,0
39.0,26072.0,2202.0,8.2,729.0,3297.0,0.308,0,0,0,0.47,0
49.0,51785.0,4350.0,21.5,698.0,30953.0,0.421,0,4,0,0.287,0
32.0,63256.0,5279.0,3.1,794.0,46457.0,0.383,1,5,0,1.254,0
55.0,36739.0,3079.0,8.2,579.0,18942.0,0.143,1,2,1,1.379,0
30.0,131657.0,10713.0,3.2,553.0,98347.0,0.283,3,4,0,1.458,1
35.0,78560.0,6543.0,7.4,612.0,13736.0,0.176,1,1,0,-1.136,0
26.0,24547.0,2013.0,1.3,699.0,15368.0,0.446,0,2,0,0.866,0
49.0,24775.0,2107.0,19.8,640.0,8831.0,0.203,0,2,0,0.593,0
61.0,35323.0,2984.0,13.6,756.0,14735.0,0.32,0,2,0,0.955,0
21.0,111639.0,9430.0,0.4,633.0,61202.0,0.23,0,7,1,-0.187,0
34.0,82125.0,7078.0,7.9,740.0,52368.0,0.102,1,3,0,0.1,0
52.0,114206.0,9454.0,12.0,608.0,10834.0,0.174,2,6,0,-0.729,0
22.0,55253.0,4554.0,1.5,744.0,18849.0,0.275,0,0,0,1.365,0
44.0,50052.0,4142.0,15.9,764.0,31219.0,0.357,1,2,0,0.09,1
51.0,31373.0,2531.0,23.8,632.0,14156.0,0.353,2,3,0,1.705,0
39.0,64373.0,5201.0,9.9,699.0,19715.0,0.167,2,5,0,-1.134,0
44.0,50353.0,4248.0,8.8,683.0,4048.0,0.331,0,3,0,0.177,1
57.0,49488.0,4009.0,7.5,700.0,2748.0,0.395,2,5,0,0.089,0
59.0,113915.0,9289.0,17.2,759.0,42015.0,0.351,0,0,1,-1.69,0
37.0,51960.0,4321.0,15.1,736.0,21444.0,0.264,0,1,0,0.729,0
32.0,100111.0,8274.0,1.5,697.0,22214.0,0.305,0,1,0,1.138,0
28.0,26915.0,2283.0,1.7,707.0,17487.0,0.315,0,3,0,-0.734,0
49.0,184377.0,15383.0,19.1,581.0,109261.0,0.44,2,1,0,0.033,1
23.0,46496.0,3813.0,1.7,658.0,8887.0,0.47,0,1,0,-0.796,0
35.0,75608.0,6423.0,13.9,590.0,14441.0,0.364,2,2,0,1.325,0
39.0,81220.0,6867.0,0.6,659.0,56743.0,0.305,2,0,0,-1.706,1
32.0,43971.0,3561.0,11.0,744.0,32510.0,0.297,0,6,0,-2.002,0
41.0,79511.0,6659.0,15.3,667.0,62688.0,0.307,1,4,1,0.783,0
66.0,81393.0,6686.0,35.8,503.0,45970.0,0.321,3,2,0,0.505,1
37.0,39902.0,3276.0,6.3,590.0,29794.0,0.248,1,1,1,0.626,0
33.0,40115.0,3468.0,4.1,703.0,6474.0,0.497,3,4,0,0.276,1
49.0,56133.0,4689.0,0.4,622.0,9362.0,0.221,2,0,0,0.99,1
41.0,52215.0,4332.0,16.2,723.0,4237.0,0.43,0,4,0,0.048,0
54.0,102950.0,8594.0,5.5,578.0,46728.0,0.08,5,4,0,-0.357,1
40.0,75455.0,6398.0,4.5,689.0,16295.0,0.272,0,3,0,1.953,0
35.0,53284.0,4378.0,4.2,692.0,25396.0,0.266,2,5,0,0.419,0
21.0,72245.0,5957.0,0.9,716.0,4028.0,0.323,0,3,0,-0.37,0
21.0,21897.0,1849.0,0.3,614.0,9782.0,0.264,3,5,0,-0.118,1
21.0,41698.0,3369.0,0.4,715.0,29884.0,0.439,1,0,0,-1.084,1
42.0,62605.0,5321.0,16.6,774.0,37215.0,0.276,0,1,0,1.44,0
23.0,90853.0,7328.0,2.7,502.0,29551.0,0.197,7,2,1,-1.013,0
52.0,60173.0,4990.0,25.2,676.0,6089.0,0.203,1,3,0,0.015,0
38.0,106011.0,8552.0,9.8,538.0,24790.0,0.253,1,2,0,0.399,1
35.0,81280.0,6630.0,0.0,600.0,34749.0,0.372,1,0,0,-1.853,1
29.0,44150.0,3775.0,1.4,606.0,10729.0,0.391,0,0,0,-0.308,0
45.0,51641.0,4393.0,6.3,658.0,32652.0,0.18,3,8,0,0.044,1
29.0,66097.0,5635.0,3.8,688.0,49664.0,0.22,0,3,0,-0.703,0
27.0,44945.0,3637.0,2.6,725.0,8187.0,0.193,1,2,0,-0.389,0
51.0,109554.0,8938.0,16.0,686.0,5936.0,0.271,1,4,0,0.616,0
42.0,33395.0,2802.0,9.0,712.0,3775.0,0.396,4,4,0,1.178,0
35.0,63407.0,5360.0,11.2,590.0,41351.0,0.317,3,0,0,0.306,1
45.0,76576.0,6279.0,1.3,735.0,6913.0,0.355,0,5,0,-1.607,0
38.0,47764.0,3934.0,18.0,438.0,29123.0,0.375,4,2,0,-0.576,1
42.0,43158.0,3515.0,18.7,776.0,15274.0,0.241,1,3,0,-0.653,0
29.0,53149.0,4576.0,3.0,756.0,19641.0,0.172,0,1,0,-1.234,0
61.0,79260.0,6542.0,16.2,721.0,47404.0,0.241,0,2,0,-1.461,1
32.0,43921.0,3662.0,11.2,822.0,12738.0,0.382,2,1,0,0.215,0
55.0,33999.0,2838.0,32.9,550.0,22367.0,0.36,3,3,1,-0.62,0
36.0,92305.0,7862.0,6.3,718.0,11148.0,0.308,1,1,0,0.689,0
47.0,65826.0,5381.0,1.6,670.0,38771.0,0.395,1,2,0,1.126,0
46.0,86563.0,7382.0,25.8,690.0,62997.0,0.315,0,2,1,-2.185,0
51.0,77404.0,6285.0,20.0,589.0,13406.0,0.267,2,5,1,1.891,0
29.0,146684.0,12509.0,6.1,691.0,68376.0,0.143,0,1,0,0.579,0
50.0,90837.0,7310.0,8.2,688.0,48210.0,0.427,0,1,0,0.569,0
58.0,39706.0,3302.0,31.4,627.0,5939.0,0.29,1,2,0,0.582,0
35.0,67962.0,5848.0,8.4,659.0,31089.0,0.255,0,0,0,-0.157,0
38.0,42797.0,3616.0,8.6,572.0,10238.0,0.29,0,1,0,-1.317,0
32.0,44834.0,3768.0,9.1,637.0,27581.0,0.45,1,1,0,-0.139,0
34.0,29128.0,2376.0,5.3,730.0,13866.0,0.399,1,2,0,-2.855,0
57.0,48356.0,3970.0,15.8,737.0,17308.0,0.264,1,3,0,1.723,0
27.0,70288.0,6015.0,4.5,716.0,42658.0,0.347,0,6,0,-0.722,0
28.0,53390.0,4491.0,4.9,730.0,31974.0,0.423,1,5,0,0.239,0
56.0,33536.0,2844.0,34.7,745.0,6971.0,0.335,0,5,0,-1.374,0
45.0,27715.0,2313.0,14.0,622.0,1918.0,0.312,1,3,0,1.203,0
61.0,142261.0,11788.0,13.3,690.0,33605.0,0.091,0,1,0,0.026,0
33.0,63666.0,5387.0,3.7,738.0,45327.0,0.425,1,3,0,1.141,0
39.0,37959.0,3180.0,10.4,569.0,13196.0,0.197,1,3,0,1.124,0
31.0,67703.0,5623.0,1.3,564.0,13615.0,0.113,2,1,0,-1.694,0
40.0,147299.0,11928.0,11.5,565.0,48115.0,0.12,4,2,0,-0.24,1
21.0,72715.0,6175.0,0.4,535.0,24531.0,0.214,2,1,0,-0.422,0
46.0,15692.0,1319.0,9.0,591.0,6129.0,0.349,2,0,0,-0.963,1
42.0,181429.0,14936.0,4.1,625.0,70308.0,0.416,2,10,0,0.808,0
37.0,23931.0,2041.0,8.6,770.0,6547.0,0.334,2,3,0,-0.038,0
34.0,50130.0,4198.0,0.5,630.0,13766.0,0.474,2,2,0,0.231,1
28.0,33026.0,2767.0,5.0,556.0,21461.0,0.26,1,0,0,-0.196,0
46.0,39422.0,3343.0,7.4,675.0,21575.0,0.277,0,2,0,0.14,1
25.0,62509.0,5279.0,4.6,649.0,34977.0,0.113,0,1,1,-0.466,0
44.0,21658.0,1815.0,12.4,611.0,4178.0,0.242,1,0,0,1.126,1
61.0,52811.0,4384.0,31.9,635.0,41927.0,0.096,0,4,0,0.33,0
54.0,92170.0,7986.0,29.2,749.0,10618.0,0.166,0,5,1,-1.51,0
21.0,37633.0,3090.0,1.3,562.0,21146.0,0.363,4,2,0,0.244,1
32.0,29421.0,2488.0,10.5,549.0,17875.0,0.131,3,1,0,-0.166,1
43.0,51658.0,4298.0,5.1,695.0,12934.0,0.141,1,2,1,0.49,0
37.0,47232.0,3972.0,5.2,620.0,5093.0,0.124,3,4,0,-0.062,0
23.0,42076.0,3593.0,1.8,770.0,25374.0,0.378,0,6,0,0.218,0
42.0,32220.0,2668.0,12.0,655.0,15278.0,0.464,0,1,0,0.558,0
38.0,69475.0,5859.0,10.9,658.0,53789.0,0.293,0,3,1,1.233,0
59.0,71895.0,6023.0,26.5,728.0,42832.0,0.394,1,5,1,0.045,0
35.0,34049.0,2801.0,1.7,544.0,25443.0,0.184,5,3,0,0.225,1
51.0,36237.0,3096.0,5.2,686.0,19050.0,0.423,2,3,1,1.726,0
24.0,58484.0,4943.0,2.6,636.0,24768.0,0.228,1,1,0,0.592,1
27.0,35627.0,2943.0,4.2,734.0,27025.0,0.367,0,2,0,-3.813,0
46.0,59605.0,5077.0,21.2,625.0,39585.0,0.297,0,1,0,-1.099,1
50.0,106480.0,8726.0,20.8,683.0,8123.0,0.108,1,1,0,-0.053,0
27.0,53539.0,4459.0,1.6,636.0,26089.0,0.211,0,2,0,0.698,0
38.0,31855.0,2632.0,1.3,690.0,5163.0,0.317,0,1,0,1.328,0
23.0,65613.0,5550.0,1.1,643.0,49931.0,0.115,1,4,0,-1.68,0
36.0,50774.0,4191.0,5.9,681.0,28277.0,0.33,0,2,1,-0.758,0
47.0,51406.0,4349.0,20.9,793.0,19972.0,0.158,0,5,0,0.294,0
33.0,68117.0,5744.0,8.9,644.0,52444.0,0.354,0,1,0,-0.357,0
35.0,75061.0,6208.0,13.3,695.0,22688.0,0.164,0,2,1,0.016,0
26.0,55886.0,4828.0,2.8,821.0,21410.0,0.344,0,2,1,-0.253,0
31.0,53518.0,4393.0,3.1,689.0,18694.0,0.382,1,6,0,0.386,1
57.0,139202.0,11273.0,18.8,499.0,20727.0,0.283,1,1,0,1.657,0
39.0,94404.0,8002.0,4.1,615.0,15333.0,0.292,1,3,0,-0.276,0
27.0,80032.0,6383.0,0.4,576.0,39476.0,0.449,1,2,0,-0.38,1
35.0,58345.0,5007.0,7.3,728.0,5960.0,0.222,0,2,0,0.315,0
21.0,34979.0,2921.0,0.4,654.0,26175.0,0.247,0,3,0,0.095,1
27.0,91346.0,7395.0,0.2,735.0,27014.0,0.364,1,1,0,2.445,0
53.0,58690.0,4798.0,23.8,715.0,17062.0,0.342,1,2,0,-0.309,0
36.0,42419.0,3419.0,10.6,708.0,6565.0,0.276,0,3,0,0.61,0
59.0,49300.0,4140.0,2.9,576.0,15441.0,0.178,0,2,0,-0.607,0
37.0,35607.0,2889.0,12.0,701.0,20238.0,0.397,0,2,0,-0.362,0
38.0,88511.0,7450.0,1.5,756.0,67976.0,0.176,1,3,0,-0.979,0
45.0,74791.0,6195.0,13.0,565.0,14542.0,0.528,1,2,0,0.276,0
21.0,59684.0,4926.0,0.6,638.0,10934.0,0.18,0,2,0,-1.295,1
40.0,53951.0,4542.0,10.1,690.0,8323.0,0.189,0,4,1,0.037,0
37.0,40489.0,3416.0,13.1,673.0,19455.0,0.334,1,7,0,1.15,0
54.0,21090.0,1798.0,13.2,767.0,2904.0,0.355,2,2,1,0.644,0
49.0,29123.0,2396.0,6.1,714.0,3381.0,0.203,2,2,0,-0.128,0
26.0,39375.0,3279.0,2.7,690.0,23938.0,0.469,1,1,1,1.959,1
52.0,36800.0,3028.0,10.8,723.0,23732.0,0.333,0,3,1,-0.756,0
35.0,62649.0,5238.0,2.3,715.0,17913.0,0.275,0,1,0,1.596,0
28.0,79242.0,6501.0,3.8,665.0,38519.0,0.339,1,2,0,-0.679,1
40.0,51911.0,4289.0,4.1,637.0,31499.0,0.421,3,3,1,0.512,0
36.0,103684.0,8568.0,7.4,733.0,8991.0,0.461,1,6,0,-0.776,0
55.0,38669.0,3241.0,20.7,618.0,20341.0,0.319,3,2,0,0.324,1
42.0,51746.0,4312.0,17.0,663.0,13694.0,0.173,2,4,0,1.269,1
40.0,53752.0,4525.0,17.3,588.0,19181.0,0.174,1,2,0,-0.48,0
48.0,89911.0,7477.0,18.6,721.0,28517.0,0.159,1,2,0,1.485,0
50.0,57684.0,4751.0,26.8,760.0,33962.0,0.236,1,1,0,-0.131,0
47.0,58407.0,4886.0,14.8,602.0,23455.0,0.304,1,4,0,-0.69,0
54.0,26119.0,2137.0,23.9,661.0,16195.0,0.321,0,1,0,1.492,0
45.0,36685.0,3092.0,19.0,636.0,10501.0,0.413,4,2,0,-0.706,1
40.0,90063.0,7462.0,16.4,743.0,41065.0,0.093,0,4,0,-1.904,0
52.0,21616.0,1809.0,23.8,771.0,15785.0,0.299,0,0,0,-1.72,0
37.0,100653.0,8425.0,15.3,634.0,38103.0,0.346,1,2,1,0.602,0
38.0,68867.0,5923.0,8.7,448.0,33210.0,0.02,3,0,0,-0.915,1
57.0,39289.0,3299.0,35.2,758.0,21722.0,0.345,0,3,0,-0.29,0
56.0,37823.0,3157.0,14.3,670.0,27771.0,0.573,1,0,0,-0.344,0
38.0,129090.0,10609.0,1.3,664.0,68044.0,0.377,0,2,0,1.26,0
33.0,103800.0,8789.0,2.4,729.0,52865.0,0.331,1,2,0,0.624,0
54.0,52122.0,4320.0,19.0,644.0,35190.0,0.273,0,4,0,0.625,0
47.0,58434.0,4721.0,0.4,616.0,46389.0,0.323,0,5,0,0.491,1
41.0,41122.0,3413.0,3.4,637.0,29781.0,0.454,0,2,0,-0.347,0
34.0,58439.0,4889.0,5.4,697.0,8395.0,0.265,1,3,0,-0.911,0
42.0,40613.0,3329.0,13.5,728.0,22635.0,0.419,0,1,0,-1.173,0
38.0,53090.0,4414.0,2.9,776.0,15738.0,0.346,0,1,0,0.388,0
31.0,124211.0,10336.0,6.1,691.0,44822.0,0.463,0,3,0,-0.426,0
39.0,52684.0,4385.0,12.9,656.0,28134.0,0.409,1,4,0,0.853,0
41.0,34320.0,2931.0,16.0,730.0,5451.0,0.319,0,0,1,-0.208,0
34.0,29739.0,2413.0,9.2,597.0,16937.0,0.313,1,2,0,0.551,1
48.0,58238.0,5051.0,7.0,763.0,15732.0,0.269,1,3,0,1.647,0
52.0,39053.0,3252.0,32.1,691.0,25948.0,0.398,0,1,0,2.089,0
49.0,61455.0,5181.0,25.5,657.0,20205.0,0.241,1,2,0,-0.146,0
35.0,26537.0,2217.0,5.6,595.0,2321.0,0.311,3,4,0,0.655,0
46.0,75034.0,6037.0,0.8,704.0,37449.0,0.281,1,3,0,-1.683,0
39.0,34133.0,2784.0,10.0,645.0,20901.0,0.166,0,1,0,-1.067,0
24.0,56158.0,4631.0,3.8,655.0,28782.0,0.322,1,1,0,0.104,0
45.0,47233.0,4014.0,20.9,553.0,29950.0,0.147,3,0,1,0.766,0
40.0,119177.0,9656.0,17.6,638.0,77834.0,0.255,0,2,0,-0.581,0
67.0,59412.0,4866.0,40.0,640.0,4854.0,0.367,2,5,0,-0.859,0
54.0,131999.0,11036.0,24.3,701.0,6783.0,0.317,0,1,0,-0.795,0
46.0,70786.0,5955.0,4.2,643.0,15448.0,0.315,0,1,0,0.793,0
41.0,104456.0,8782.0,0.8,475.0,22827.0,0.214,3,4,1,0.117,1
40.0,50068.0,4090.0,3.0,632.0,23642.0,0.405,1,2,0,0.329,0
27.0,64252.0,5183.0,1.4,559.0,14253.0,0.211,2,2,0,0.293,1
21.0,95176.0,8017.0,0.1,587.0,30802.0,0.371,2,4,0,0.542,1
28.0,82646.0,7085.0,3.8,732.0,32252.0,0.43,0,3,0,-0.011,0
37.0,69845.0,5780.0,13.7,549.0,34966.0,0.147,2,2,0,0.352,1
21.0,47454.0,3864.0,0.0,681.0,37847.0,0.259,1,3,0,0.335,1
32.0,51207.0,4231.0,9.7,629.0,29003.0,0.25,2,1,1,-1.859,0
35.0,91770.0,7708.0,14.1,618.0,22882.0,0.327,1,1,1,0.591,0
36.0,100785.0,8360.0,2.4,593.0,31556.0,0.206,1,1,0,0.196,1
31.0,42121.0,3609.0,0.2,682.0,3485.0,0.183,2,1,0,0.066,0
34.0,39356.0,3340.0,6.8,694.0,14351.0,0.295,1,0,0,-0.998,0
57.0,36616.0,3063.0,32.1,555.0,18009.0,0.244,4,3,1,-0.328,0
45.0,79894.0,6398.0,18.6,750.0,60885.0,0.285,1,1,0,-0.134,0
32.0,36200.0,2975.0,0.4,577.0,9085.0,0.389,5,3,0,-2.275,1
37.0,79460.0,6549.0,11.6,693.0,18485.0,0.138,1,3,0,-0.039,0
38.0,70309.0,5772.0,14.5,585.0,4424.0,0.289,3,3,0,-0.163,1
30.0,43036.0,3600.0,2.6,629.0,20700.0,0.241,1,2,1,0.422,1
30.0,111171.0,9303.0,6.2,574.0,88592.0,0.302,0,4,0,-0.293,0
49.0,28483.0,2294.0,14.4,630.0,9352.0,0.241,0,2,0,-0.268,0
33.0,116062.0,9827.0,2.8,647.0,49139.0,0.182,0,0,0,-0.047,1
26.0,63487.0,5292.0,5.4,582.0,5947.0,0.339,0,4,0,-1.77,0
38.0,21634.0,1816.0,3.9,684.0,10348.0,0.577,0,2,0,-0.688,0
39.0,112582.0,9522.0,16.2,699.0,23367.0,0.29,1,2,0,0.108,0
21.0,85185.0,6990.0,0.7,850.0,5247.0,0.227,0,1,0,-1.403,0
38.0,45360.0,3875.0,3.9,727.0,25533.0,0.227,0,3,0,-0.165,0
48.0,35631.0,2961.0,19.6,752.0,5730.0,0.393,0,4,0,-0.753,0
43.0,27147.0,2331.0,0.6,536.0,3417.0,0.212,2,2,0,-0.876,1
63.0,163087.0,13348.0,10.0,528.0,36063.0,0.43,2,3,0,0.537,1
52.0,36300.0,3112.0,9.1,644.0,5559.0,0.136,0,3,0,-1.325,0
54.0,31147.0,2549.0,30.2,800.0,16108.0,0.319,0,5,0,-0.556,0
69.0,62047.0,5434.0,40.0,850.0,15530.0,0.366,0,2,0,-1.704,0
46.0,26319.0,2151.0,7.1,615.0,14561.0,0.376,1,0,0,-0.52,0
40.0,35362.0,3009.0,9.4,624.0,16248.0,0.369,1,4,1,-2.033,0
49.0,86062.0,7120.0,28.2,712.0,27129.0,0.327,1,3,1,0.076,0
32.0,67777.0,5729.0,7.9,650.0,13224.0,0.415,0,5,0,1.022,0
39.0,46223.0,3849.0,1.3,649.0,25633.0,0.201,0,5,0,-0.3,1
31.0,55455.0,4520.0,4.3,707.0,24584.0,0.236,1,1,0,0.109,0
42.0,45070.0,3546.0,9.4,850.0,26620.0,0.26,1,2,1,-0.86,0
31.0,53487.0,4681.0,3.3,753.0,22978.0,0.448,1,3,0,-0.664,0
30.0,39037.0,3258.0,5.4,794.0,25435.0,0.347,0,2,0,0.447,0
43.0,42361.0,3322.0,16.6,539.0,19584.0,0.368,7,5,0,-0.911,0
36.0,41785.0,3503.0,11.4,741.0,27578.0,0.282,0,4,0,-0.97,0
21.0,39674.0,3352.0,0.4,594.0,18341.0,0.382,1,2,0,-2.116,1
22.0,87979.0,7227.0,1.5,778.0,67859.0,0.145,0,1,0,-1.115,0
25.0,77780.0,6390.0,2.9,756.0,53660.0,0.259,0,3,0,-0.639,0
28.0,36153.0,3012.0,6.4,705.0,8698.0,0.278,0,0,0,-1.665,0
43.0,32132.0,2742.0,2.6,609.0,19154.0,0.253,1,2,0,-0.181,1
40.0,51242.0,4279.0,8.3,630.0,7634.0,0.268,1,0,0,0.214,0
50.0,145069.0,12443.0,11.7,638.0,106382.0,0.355,1,1,0,-0.863,0
46.0,34635.0,2952.0,9.2,718.0,10708.0,0.324,0,2,0,-0.07,0
50.0,51151.0,4243.0,20.8,699.0,20873.0,0.419,0,1,1,-0.573,0
45.0,57240.0,4620.0,13.8,766.0,3745.0,0.091,1,6,0,1.394,0
40.0,52376.0,4345.0,7.8,777.0,36701.0,0.449,2,4,0,-1.739,0
50.0,44752.0,3769.0,16.1,609.0,34057.0,0.235,2,4,0,0.758,1
48.0,92492.0,7717.0,19.8,703.0,37263.0,0.432,1,3,0,0.27,0
42.0,67481.0,5695.0,14.9,700.0,12884.0,0.258,2,4,0,-1.126,0
52.0,80475.0,6822.0,24.3,666.0,45898.0,0.337,0,8,0,-0.132,0
21.0,71705.0,6039.0,0.9,726.0,19555.0,0.192,0,0,0,0.15,0
35.0,82237.0,6815.0,10.9,700.0,63323.0,0.178,0,2,0,1.059,1
35.0,112204.0,9448.0,2.6,621.0,31795.0,0.358,0,3,0,0.188,0
51.0,100113.0,8716.0,26.0,663.0,48234.0,0.034,1,0,0,-1.755,0
55.0,156569.0,12659.0,11.7,641.0,13635.0,0.178,4,3,0,0.02,1
22.0,95120.0,8004.0,1.4,610.0,75369.0,0.377,2,3,0,0.676,1
54.0,40694.0,3515.0,33.2,671.0,19619.0,0.259,1,1,0,1.943,0
25.0,80530.0,6553.0,1.5,570.0,62933.0,0.212,1,4,0,-0.868,1
25.0,75719.0,6436.0,1.5,694.0,20864.0,0.452,0,4,1,1.649,0
35.0,130512.0,11123.0,2.8,760.0,58126.0,0.487,0,2,0,0.091,0
34.0,35592.0,2878.0,14.3,671.0,2270.0,0.3,0,3,0,-1.818,0
21.0,70698.0,5975.0,0.4,726.0,44406.0,0.427,1,4,0,1.547,1
45.0,40482.0,3355.0,19.7,681.0,7079.0,0.452,1,6,0,-0.839,0
45.0,69268.0,5765.0,1.3,589.0,25560.0,0.298,2,2,0,0.782,0
50.0,49934.0,4134.0,5.3,803.0,27590.0,0.249,0,7,1,-1.062,0
33.0,68244.0,5836.0,0.8,491.0,7615.0,0.309,4,1,0,1.098,1
38.0,29157.0,2424.0,14.3,668.0,18594.0,0.155,0,3,0,0.229,1
38.0,78593.0,6489.0,1.9,607.0,51427.0,0.357,1,2,0,-0.657,0
57.0,60344.0,4984.0,33.8,788.0,27063.0,0.267,2,3,0,-0.904,0
21.0,58899.0,4875.0,0.7,675.0,29669.0,0.306,0,7,1,-0.718,0
27.0,132282.0,10785.0,6.8,842.0,15961.0,0.304,0,1,0,-0.784,0
38.0,46303.0,3822.0,7.4,666.0,17901.0,0.215,0,2,0,-1.653,0
26.0,64158.0,5359.0,3.2,608.0,43683.0,0.296,0,3,0,-1.24,1
35.0,57539.0,4834.0,0.4,540.0,6731.0,0.164,4,1,0,1.982,0
37.0,60127.0,5131.0,7.7,741.0,47592.0,0.252,0,1,0,-0.454,0
31.0,149477.0,12516.0,6.4,605.0,61949.0,0.189,2,3,0,0.216,0
39.0,56602.0,4672.0,1.9,632.0,3373.0,0.212,0,5,0,-0.631,0
45.0,42609.0,3479.0,24.4,758.0,12993.0,0.074,1,2,1,1.099,0
35.0,127643.0,10700.0,0.1,734.0,54307.0,0.257,1,4,1,0.797,0
33.0,47888.0,3981.0,3.5,619.0,36838.0,0.349,3,2,0,-0.574,1
36.0,26709.0,2222.0,10.0,633.0,15463.0,0.318,2,1,0,-0.877,0
38.0,39407.0,3301.0,8.9,542.0,19143.0,0.408,0,2,0,-1.197,1
21.0,31386.0,2643.0,0.2,516.0,24321.0,0.205,8,2,0,-0.85,1
43.0,24468.0,2050.0,22.8,725.0,6636.0,0.252,0,2,1,0.515,0
33.0,46711.0,3879.0,2.5,722.0,15638.0,0.392,0,2,0,-0.441,0
52.0,53289.0,4370.0,18.1,694.0,33368.0,0.291,0,0,0,-0.874,1
45.0,93557.0,7701.0,2.8,675.0,46391.0,0.318,0,0,0,-0.727,0
51.0,73008.0,6187.0,1.7,611.0,15642.0,0.511,0,3,0,1.221,0
27.0,71526.0,5910.0,3.4,764.0,43867.0,0.275,0,1,1,-0.53,0
34.0,36796.0,2984.0,11.2,541.0,9214.0,0.252,2,1,0,0.493,1
24.0,81904.0,6984.0,2.3,628.0,38426.0,0.201,3,0,0,0.286,1
30.0,102862.0,8410.0,3.0,673.0,71199.0,0.271,1,3,0,0.086,0
52.0,65686.0,5478.0,0.5,660.0,16837.0,0.402,0,4,1,-0.57,0
54.0,66518.0,5598.0,32.3,676.0,41299.0,0.357,0,2,0,1.266,0
25.0,31132.0,2594.0,1.1,624.0,21668.0,0.443,4,2,0,0.447,1
33.0,88396.0,7001.0,7.4,702.0,25446.0,0.336,2,5,0,-0.198,0
37.0,122573.0,10294.0,0.3,575.0,24203.0,0.076,1,0,1,-0.757,0
44.0,63603.0,5441.0,2.4,651.0,44479.0,0.363,4,2,0,-0.831,1
21.0,42093.0,3563.0,0.2,690.0,16829.0,0.31,1,0,0,1.176,0
21.0,51133.0,4080.0,0.1,637.0,14497.0,0.3,0,4,0,0.757,0
43.0,45520.0,3955.0,12.4,667.0,2630.0,0.422,0,5,0,1.826,0
21.0,46765.0,3794.0,0.4,675.0,9143.0,0.273,3,2,0,0.24,0
33.0,73621.0,6003.0,10.5,542.0,31990.0,0.358,2,2,0,0.533,0
40.0,62370.0,5279.0,2.3,544.0,41896.0,0.192,2,1,1,-2.291,1
43.0,86410.0,7266.0,9.7,674.0,36873.0,0.148,1,2,1,0.559,0
36.0,64990.0,5425.0,7.0,621.0,16725.0,0.24,2,2,0,0.921,0
34.0,37281.0,3071.0,3.2,623.0,27844.0,0.269,2,4,0,1.427,1
47.0,43905.0,3756.0,2.6,701.0,14354.0,0.355,0,3,0,-2.478,0
41.0,42694.0,3555.0,0.2,591.0,7350.0,0.19,4,3,1,-1.695,0
31.0,50573.0,4082.0,0.2,491.0,38386.0,0.451,2,2,0,0.554,1
38.0,123341.0,10532.0,7.3,780.0,42839.0,0.203,2,2,0,0.186,0
42.0,132560.0,11095.0,1.2,745.0,54589.0,0.291,0,3,0,-1.501,0
57.0,80142.0,6827.0,14.6,751.0,53885.0,0.301,0,1,0,0.423,0
47.0,58019.0,4890.0,11.7,587.0,15422.0,0.33,1,4,0,-0.303,0
51.0,29802.0,2602.0,14.0,662.0,13308.0,0.345,2,3,0,-0.888,1
31.0,60724.0,5029.0,2.2,572.0,42489.0,0.526,4,1,0,-1.019,1
32.0,38545.0,3213.0,6.1,659.0,9331.0,0.24,1,1,0,-0.834,0
35.0,114556.0,9684.0,6.0,639.0,82563.0,0.331,0,3,0,-0.826,0
36.0,26698.0,2211.0,16.2,593.0,5169.0,0.292,2,5,0,-1.669,1
27.0,65389.0,5537.0,0.3,695.0,45170.0,0.398,0,3,0,1.727,0
52.0,37111.0,2910.0,1.7,643.0,12807.0,0.345,0,1,0,1.51,1
48.0,54765.0,4557.0,22.9,792.0,25253.0,0.322,0,1,1,1.083,0
35.0,74222.0,6172.0,3.9,668.0,34406.0,0.151,1,6,0,-0.163,0
45.0,87114.0,7239.0,4.6,484.0,17744.0,0.255,4,3,1,-0.883,1
40.0,53518.0,4382.0,17.9,542.0,9620.0,0.202,3,2,0,-1.789,1
46.0,77469.0,6573.0,13.8,814.0,45208.0,0.255,1,1,0,0.671,0
23.0,40822.0,3368.0,2.0,636.0,27313.0,0.217,1,5,1,-0.389,0
36.0,61426.0,5139.0,0.1,677.0,9380.0,0.248,0,6,1,1.717,0
37.0,86343.0,7190.0,4.5,663.0,52985.0,0.259,1,4,0,0.044,0
45.0,63865.0,5375.0,6.4,762.0,18852.0,0.261,1,2,1,0.002,0
31.0,43342.0,3715.0,8.4,531.0,21490.0,0.271,2,2,1,-0.962,0
21.0,48510.0,4058.0,0.4,753.0,21877.0,0.207,0,1,0,1.79,0
26.0,86867.0,7361.0,3.5,750.0,52775.0,0.304,0,1,0,-2.19,0
37.0,33650.0,2812.0,16.1,669.0,15359.0,0.21,0,4,0,-0.024,0
39.0,35959.0,2966.0,18.4,698.0,4317.0,0.24,0,5,0,-0.794,0
57.0,72100.0,5991.0,4.7,636.0,18703.0,0.295,1,3,1,0.867,1
44.0,45138.0,3740.0,13.6,549.0,15728.0,0.042,3,5,0,-0.014,0
39.0,28601.0,2411.0,13.2,707.0,13701.0,0.549,3,3,1,-0.855,1
38.0,101008.0,8435.0,13.8,684.0,17891.0,0.352,1,5,0,0.217,0
50.0,33532.0,2750.0,27.7,693.0,10163.0,0.332,1,3,0,1.234,0
32.0,50279.0,4171.0,8.4,698.0,4898.0,0.248,0,3,0,0.317,0
36.0,41619.0,3362.0,11.4,623.0,12149.0,0.309,1,4,0,0.619,0
26.0,48104.0,3994.0,0.3,765.0,20885.0,0.179,0,2,0,1.017,0
54.0,36939.0,3078.0,18.3,670.0,27790.0,0.349,0,4,0,-0.39,0
42.0,75850.0,6549.0,13.4,705.0,13904.0,0.132,0,3,1,1.655,0
30.0,57812.0,4948.0,7.1,645.0,4088.0,0.173,2,1,0,-0.048,1
37.0,85625.0,6988.0,9.8,738.0,28504.0,0.229,0,3,0,-0.09,0
44.0,41813.0,3498.0,9.7,672.0,21144.0,0.451,1,3,0,1.95,1
35.0,143623.0,12021.0,7.4,658.0,72634.0,0.19,0,3,0,-0.246,0
32.0,23342.0,1936.0,11.7,750.0,7216.0,0.333,0,3,1,0.673,0
31.0,26951.0,2238.0,3.6,541.0,2108.0,0.094,3,1,0,-1.752,0
42.0,121052.0,10016.0,17.0,649.0,89480.0,0.302,2,3,1,-1.407,0
34.0,68078.0,5886.0,8.5,621.0,29024.0,0.474,3,3,0,0.999,1
33.0,64133.0,5300.0,5.8,689.0,40557.0,0.35,0,2,0,-0.645,0
23.0,66780.0,5603.0,1.4,683.0,23218.0,0.093,1,4,0,0.708,0
39.0,71121.0,5627.0,10.1,664.0,47905.0,0.304,0,2,0,1.393,0
36.0,62943.0,5332.0,12.8,616.0,40190.0,0.254,0,0,0,-1.116,0
34.0,35612.0,3038.0,1.8,659.0,4326.0,0.423,2,5,0,2.445,1
40.0,79481.0,6484.0,18.4,692.0,7030.0,0.29,1,1,0,-0.954,0
46.0,74042.0,6107.0,20.3,658.0,12004.0,0.156,1,2,0,0.382,0
46.0,104598.0,8795.0,9.0,742.0,69781.0,0.286,1,6,0,1.127,0
44.0,121661.0,10142.0,0.2,703.0,30676.0,0.23,2,2,0,0.349,0
35.0,63819.0,5368.0,1.6,662.0,22135.0,0.084,0,0,1,0.68,0
32.0,31656.0,2623.0,1.7,497.0,15315.0,0.283,4,3,0,-0.644,1
27.0,122116.0,10556.0,0.7,645.0,65809.0,0.3,2,2,0,-0.351,1
31.0,34784.0,2860.0,1.2,705.0,12862.0,0.338,0,3,0,0.378,0
38.0,64034.0,5623.0,17.5,649.0,24773.0,0.402,0,4,0,0.679,0
29.0,48999.0,4185.0,6.2,684.0,14509.0,0.272,1,2,0,-1.292,0
39.0,45311.0,3839.0,15.6,652.0,5461.0,0.15,0,3,0,0.529,0
27.0,77577.0,6330.0,4.2,678.0,12508.0,0.216,1,2,1,-0.522,0
21.0,61396.0,5209.0,0.6,758.0,44047.0,0.298,0,5,1,-0.701,0
47.0,69289.0,5844.0,23.8,727.0,54125.0,0.422,0,1,1,1.285,1
33.0,38102.0,3041.0,3.3,571.0,25494.0,0.3,0,4,0,-0.193,0
29.0,50856.0,4119.0,6.1,547.0,14207.0,0.287,0,3,0,-0.024,0
26.0,38902.0,3265.0,5.4,694.0,7149.0,0.276,1,3,0,0.5,0
43.0,50287.0,4179.0,21.2,752.0,21719.0,0.299,1,1,0,0.604,0
53.0,52138.0,4300.0,14.7,551.0,6306.0,0.491,2,4,0,-0.032,1
34.0,126125.0,10737.0,11.6,651.0,92856.0,0.292,0,1,0,-0.002,0
36.0,48941.0,4006.0,7.9,830.0,30637.0,0.274,0,4,0,-0.78,0
50.0,21133.0,1745.0,7.7,645.0,16488.0,0.304,2,3,0,0.195,0
21.0,103041.0,8476.0,0.3,837.0,71297.0,0.232,0,3,1,0.309,0
60.0,67323.0,5667.0,17.9,611.0,24008.0,0.144,1,3,0,1.006,1
65.0,51851.0,4172.0,11.6,621.0,14812.0,0.126,3,0,0,1.165,1
21.0,45177.0,3727.0,0.0,611.0,30524.0,0.227,3,4,0,-0.645,1
37.0,35917.0,2890.0,1.8,571.0,17633.0,0.418,4,6,0,1.046,1
30.0,131559.0,10895.0,8.6,546.0,93278.0,0.417,4,1,0,-1.054,1
35.0,56298.0,4759.0,13.3,651.0,16546.0,0.188,3,3,0,0.267,0
33.0,25162.0,2128.0,11.7,676.0,11571.0,0.284,0,0,0,1.182,0
47.0,63740.0,5234.0,14.9,617.0,25289.0,0.313,1,3,0,1.309,0
37.0,94643.0,7971.0,15.7,635.0,17739.0,0.228,2,1,0,0.54,0
28.0,59011.0,4899.0,4.0,763.0,26898.0,0.431,1,4,1,1.159,0
36.0,36657.0,3138.0,7.4,732.0,4126.0,0.376,1,0,0,0.412,0
44.0,35211.0,2927.0,11.2,648.0,11663.0,0.336,2,2,0,-0.48,1
25.0,36399.0,2853.0,1.3,691.0,16382.0,0.307,1,3,0,1.231,0
21.0,109080.0,9253.0,0.6,546.0,17336.0,0.144,7,3,0,-2.358,1
60.0,53255.0,4397.0,17.9,688.0,32764.0,0.436,0,4,0,0.552,0
31.0,25840.0,2141.0,10.7,661.0,4990.0,0.358,2,1,0,-0.427,0
36.0,65378.0,5485.0,2.8,635.0,38992.0,0.341,1,1,0,0.022,1
34.0,58604.0,4744.0,1.0,663.0,3983.0,0.226,4,3,0,2.339,0
44.0,44940.0,3751.0,8.4,655.0,25466.0,0.235,0,1,0,0.648,0
58.0,34749.0,2927.0,8.1,572.0,12173.0,0.349,1,3,0,-0.594,0
44.0,34076.0,2860.0,24.2,790.0,21896.0,0.41,0,3,1,-1.799,0
21.0,89686.0,7384.0,0.7,727.0,42285.0,0.472,0,1,0,-0.81,0
23.0,61480.0,5225.0,1.0,633.0,20598.0,0.226,0,2,0,0.942,0
34.0,68219.0,5572.0,8.7,541.0,37374.0,0.284,4,4,0,-0.472,1
35.0,61404.0,5053.0,6.8,491.0,20934.0,0.091,4,3,0,-0.122,1
21.0,63739.0,5297.0,0.2,800.0,20215.0,0.054,2,2,0,-0.293,0
47.0,44547.0,3734.0,10.7,653.0,16448.0,0.352,6,4,0,-0.936,1
26.0,50135.0,4151.0,1.7,714.0,29218.0,0.215,0,0,1,1.813,0
54.0,92902.0,7932.0,21.9,605.0,47492.0,0.103,2,4,0,0.216,0
58.0,103949.0,8714.0,31.1,654.0,76650.0,0.184,1,3,0,0.43,0
35.0,31734.0,2649.0,4.0,644.0,1596.0,0.334,3,0,0,1.834,0
43.0,50080.0,4195.0,14.2,684.0,8549.0,0.338,0,5,1,-0.176,1
24.0,80239.0,6785.0,3.2,668.0,33742.0,0.136,1,4,0,-0.454,0
45.0,128287.0,10742.0,9.2,600.0,70845.0,0.424,0,4,0,0.059,1
33.0,122635.0,9850.0,6.1,598.0,14376.0,0.23,1,4,0,-1.354,0
26.0,38446.0,3274.0,2.2,655.0,10405.0,0.327,1,2,1,0.22,0
35.0,97622.0,8155.0,5.5,540.0,77261.0,0.304,3,2,0,-0.052,0
33.0,56471.0,4770.0,5.7,605.0,16700.0,0.299,2,0,0,-0.211,0
34.0,87999.0,7274.0,4.3,651.0,29487.0,0.206,2,0,0,1.081,0
48.0,78418.0,6296.0,13.9,695.0,17965.0,0.298,1,3,0,0.199,0
29.0,31142.0,2477.0,7.0,769.0,1964.0,0.327,0,5,0,0.32,0
57.0,70444.0,5759.0,14.6,634.0,18601.0,0.28,1,2,0,0.36,1
23.0,86479.0,7281.0,3.2,664.0,14770.0,0.31,2,4,0,0.428,0
56.0,54503.0,4660.0,7.8,533.0,18301.0,0.41,3,1,1,-0.249,0
27.0,49229.0,4127.0,3.1,685.0,11044.0,0.253,0,3,0,-1.545,0
38.0,27115.0,2212.0,10.8,602.0,9569.0,0.365,3,1,0,-0.841,0
33.0,74811.0,6136.0,6.8,642.0,18859.0,0.279,1,6,0,-0.297,0
34.0,60417.0,5172.0,13.5,700.0,44510.0,0.442,1,3,0,0.669,0
47.0,36319.0,2947.0,8.7,701.0,9753.0,0.159,0,2,0,0.407,0
54.0,47499.0,4125.0,13.0,565.0,9094.0,0.43,1,2,0,1.344,1
51.0,58960.0,5098.0,18.5,725.0,36645.0,0.247,0,2,1,0.06,0
34.0,42775.0,3717.0,8.1,661.0,28180.0,0.511,3,2,1,2.626,1
40.0,55066.0,4624.0,15.8,757.0,26005.0,0.344,1,2,0,1.221,0
29.0,25025.0,2071.0,7.5,766.0,7724.0,0.385,0,0,0,-0.703,0
27.0,100945.0,8472.0,0.1,772.0,68205.0,0.284,0,0,0,-0.133,0
25.0,55395.0,4700.0,4.1,562.0,30600.0,0.368,2,3,0,-0.479,1
33.0,33536.0,2758.0,9.5,693.0,11261.0,0.368,0,4,0,0.677,1
41.0,18183.0,1482.0,12.2,556.0,6250.0,0.286,3,4,1,0.574,0
21.0,87396.0,7242.0,0.3,751.0,4530.0,0.376,0,1,0,0.692,0
37.0,70702.0,5801.0,15.9,769.0,6598.0,0.02,0,1,0,-1.996,0
55.0,60470.0,5164.0,25.6,741.0,9138.0,0.236,0,2,1,-0.766,0
50.0,81124.0,6677.0,7.8,634.0,19101.0,0.302,2,2,0,-0.976,0
32.0,81023.0,6765.0,3.5,700.0,60326.0,0.35,0,6,0,0.094,0
23.0,60029.0,5101.0,1.9,622.0,39992.0,0.397,1,0,0,-1.024,1
43.0,49055.0,4193.0,21.2,672.0,3953.0,0.275,1,0,0,-0.616,0
21.0,45587.0,3815.0,0.5,654.0,2789.0,0.261,1,3,0,-1.252,0
50.0,66470.0,5582.0,26.6,533.0,32537.0,0.387,2,5,0,0.159,1
36.0,103131.0,8419.0,6.0,606.0,34277.0,0.415,4,3,0,1.814,0
58.0,52511.0,4465.0,15.1,826.0,34202.0,0.374,1,2,0,0.758,0
21.0,106884.0,9132.0,0.7,654.0,83334.0,0.285,0,3,0,1.028,0
48.0,65056.0,5219.0,1.4,672.0,27369.0,0.555,1,5,1,2.03,0
37.0,65277.0,5632.0,2.3,661.0,11949.0,0.308,1,3,0,0.819,0
34.0,162330.0,13338.0,10.5,636.0,116809.0,0.322,1,4,0,0.493,1
23.0,115704.0,9757.0,0.7,663.0,42423.0,0.463,1,0,0,-1.75,0
45.0,117062.0,9770.0,4.3,634.0,42476.0,0.453,0,4,1,0.986,0
45.0,38413.0,3197.0,2.3,501.0,22201.0,0.371,0,3,0,-0.489,1
58.0,147498.0,12241.0,8.5,719.0,48296.0,0.21,1,2,0,0.411,0
49.0,53002.0,4329.0,7.3,777.0,11986.0,0.311,0,2,0,0.771,0
31.0,49648.0,4181.0,3.9,580.0,30100.0,0.352,2,5,0,-0.192,1
27.0,20815.0,1725.0,6.5,634.0,3942.0,0.495,1,0,0,0.103,0
23.0,63699.0,5169.0,1.9,766.0,5061.0,0.595,1,0,0,-1.593,0
54.0,33778.0,2757.0,23.7,618.0,14296.0,0.24,1,3,0,-1.143,0
29.0,66092.0,5365.0,1.3,688.0,4987.0,0.385,0,3,1,0.012,0
54.0,32610.0,2689.0,6.6,850.0,20975.0,0.219,1,1,0,-1.996,0
44.0,123507.0,10392.0,21.4,715.0,96713.0,0.288,0,1,0,1.655,0
42.0,70495.0,5791.0,13.7,672.0,53680.0,0.213,0,2,0,-0.157,0
35.0,153435.0,13036.0,11.8,728.0,24808.0,0.467,0,1,1,0.335,0
45.0,34708.0,2885.0,9.0,719.0,25996.0,0.324,0,2,1,-1.523,0
38.0,110439.0,9150.0,10.3,619.0,14785.0,0.329,0,1,0,-0.728,0
34.0,24437.0,2037.0,7.0,542.0,7717.0,0.305,4,1,0,-0.34,1
46.0,60399.0,5174.0,5.3,704.0,6840.0,0.338,1,2,0,-2.021,0
36.0,41393.0,3355.0,13.5,719.0,27609.0,0.341,0,3,0,0.323,0
29.0,44959.0,3871.0,3.1,641.0,9792.0,0.231,2,3,0,1.18,0
45.0,43594.0,3703.0,11.5,781.0,23919.0,0.131,1,3,0,-0.028,0
37.0,36442.0,3035.0,2.3,762.0,22667.0,0.167,2,2,0,0.084,0
43.0,31202.0,2662.0,14.9,722.0,10470.0,0.139,0,7,0,-0.215,0
33.0,45071.0,3732.0,10.3,646.0,28934.0,0.319,1,1,0,-0.842,1
25.0,57948.0,4857.0,1.9,515.0,17048.0,0.218,3,3,0,0.021,1
57.0,92851.0,7654.0,36.3,666.0,14965.0,0.398,1,2,0,0.1,0
55.0,62818.0,5336.0,9.0,536.0,24806.0,0.324,4,6,0,0.538,1
48.0,92970.0,7638.0,24.2,507.0,54177.0,0.116,3,1,1,-0.846,1
34.0,28280.0,2354.0,9.9,710.0,2256.0,0.259,0,0,0,-0.03,0
35.0,45263.0,3823.0,13.6,749.0,29633.0,0.088,1,3,0,-0.554,0
53.0,75738.0,6444.0,24.6,536.0,18308.0,0.186,1,4,1,-0.346,0
34.0,64185.0,5261.0,7.0,646.0,36002.0,0.251,2,4,0,0.302,1
31.0,37330.0,3158.0,4.6,661.0,5060.0,0.205,0,4,1,-2.236,0
59.0,83736.0,6841.0,32.0,656.0,28645.0,0.488,1,3,0,0.995,0
37.0,43305.0,3454.0,14.7,571.0,17269.0,0.375,3,5,1,0.29,0
57.0,38765.0,3182.0,22.1,764.0,15558.0,0.267,0,3,0,1.302,0
23.0,68474.0,5801.0,1.8,566.0,17456.0,0.443,2,1,0,-2.358,1
44.0,55153.0,4595.0,11.0,529.0,24648.0,0.203,2,4,0,0.844,0
61.0,43468.0,3584.0,8.9,568.0,11216.0,0.267,3,2,0,-1.015,0
38.0,42809.0,3571.0,0.9,694.0,7487.0,0.385,0,3,0,0.834,0
35.0,33985.0,2833.0,9.9,646.0,5098.0,0.188,1,2,1,0.795,0
25.0,46028.0,3883.0,3.4,608.0,33188.0,0.369,3,1,0,1.799,1
50.0,90228.0,7277.0,19.9,707.0,13352.0,0.329,1,3,1,0.389,0
30.0,61398.0,5106.0,5.4,686.0,21268.0,0.359,0,3,0,-2.069,0
37.0,84665.0,7073.0,5.8,501.0,20229.0,0.48,3,1,0,-0.519,1
24.0,69378.0,5624.0,1.1,697.0,35524.0,0.346,2,1,0,0.405,1
55.0,41755.0,3384.0,2.3,744.0,12916.0,0.313,0,4,0,0.062,0
51.0,26186.0,2166.0,4.5,654.0,6932.0,0.15,1,3,0,-1.106,1
38.0,36243.0,3021.0,11.1,649.0,28152.0,0.321,1,0,1,0.679,1
25.0,40661.0,3389.0,4.1,795.0,32430.0,0.252,0,7,1,2.542,0
55.0,39270.0,3236.0,31.7,626.0,5870.0,0.288,0,1,0,0.092,1
34.0,85524.0,7042.0,1.2,649.0,48713.0,0.253,0,3,0,1.086,1
26.0,85123.0,7038.0,4.8,686.0,61065.0,0.349,0,2,0,0.315,0
21.0,148811.0,12475.0,0.6,664.0,115794.0,0.201,2,1,0,-0.862,0
31.0,39004.0,3331.0,3.3,643.0,10670.0,0.321,0,2,0,-1.369,0
22.0,112864.0,8988.0,1.5,667.0,72044.0,0.196,0,1,0,0.216,0
31.0,112551.0,9496.0,11.0,775.0,33293.0,0.12,0,1,0,0.21,0
46.0,49542.0,4119.0,9.9,722.0,25573.0,0.266,0,2,0,-0.383,0
34.0,68063.0,5732.0,8.7,659.0,29588.0,0.346,3,6,0,0.034,0
42.0,96126.0,8200.0,5.7,602.0,55813.0,0.222,1,1,0,-1.069,0
30.0,53561.0,4396.0,2.1,610.0,39342.0,0.314,1,3,1,-0.079,0
39.0,51726.0,4392.0,2.8,728.0,6961.0,0.264,0,2,0,0.016,0
59.0,41473.0,3369.0,1.3,549.0,9005.0,0.196,0,2,1,-0.69,0
34.0,19017.0,1589.0,10.3,833.0,9305.0,0.356,1,3,0,-1.138,0
42.0,56772.0,4708.0,3.2,659.0,18049.0,0.235,3,1,1,-1.301,0
21.0,39961.0,3333.0,0.7,564.0,18717.0,0.337,2,2,0,2.085,1
55.0,33900.0,2769.0,30.2,688.0,21598.0,0.154,0,1,0,-1.149,0
33.0,66508.0,5591.0,10.8,609.0,38216.0,0.314,3,2,0,0.142,1
50.0,28624.0,2461.0,8.8,635.0,17888.0,0.362,2,3,0,0.794,1
37.0,79049.0,6459.0,2.1,555.0,13509.0,0.335,1,3,1,1.125,0
45.0,68371.0,5719.0,11.0,649.0,4976.0,0.389,1,5,1,2.036,0
45.0,45936.0,3894.0,4.6,514.0,32329.0,0.365,5,4,0,-1.344,1
33.0,53455.0,4428.0,4.9,620.0,20775.0,0.33,1,1,0,-0.077,1
50.0,32193.0,2756.0,17.1,611.0,16958.0,0.385,2,6,0,-0.98,1
30.0,77091.0,6369.0,6.2,628.0,8072.0,0.263,4,2,1,0.232,0
47.0,59838.0,4975.0,5.8,609.0,34754.0,0.352,2,3,0,-0.846,1
34.0,61878.0,5054.0,3.1,664.0,7812.0,0.302,2,2,0,0.051,1
42.0,68936.0,5759.0,18.9,732.0,44154.0,0.485,1,1,0,-1.014,1
33.0,41192.0,3433.0,12.2,691.0,3935.0,0.327,0,1,1,-1.205,0
39.0,27764.0,2343.0,11.9,757.0,3121.0,0.171,1,2,0,-0.967,0
26.0,84616.0,6962.0,3.4,627.0,26017.0,0.325,1,4,0,-1.203,0
41.0,74983.0,6163.0,13.6,690.0,15673.0,0.205,1,3,1,0.326,0
38.0,43225.0,3635.0,2.4,687.0,34076.0,0.373,0,3,0,-0.357,0
32.0,66117.0,5664.0,10.8,746.0,25686.0,0.375,1,0,0,0.126,0
37.0,96875.0,8174.0,3.6,611.0,38908.0,0.239,0,1,0,-1.566,0
39.0,91813.0,7934.0,13.0,722.0,7791.0,0.196,1,1,0,0.175,0
31.0,42661.0,3595.0,2.5,601.0,17855.0,0.313,5,5,0,-0.414,1
37.0,28146.0,2370.0,11.7,626.0,2757.0,0.21,1,3,0,1.289,0
27.0,30404.0,2568.0,5.2,638.0,15843.0,0.216,0,2,0,1.984,0
64.0,47801.0,4102.0,32.5,708.0,37580.0,0.249,2,5,0,0.43,0
50.0,106205.0,9070.0,12.7,590.0,31563.0,0.362,1,4,1,0.737,0
41.0,39628.0,3231.0,12.8,600.0,25997.0,0.152,3,0,0,-0.313,1
51.0,42055.0,3561.0,18.5,624.0,32556.0,0.225,2,0,0,0.308,1
21.0,41668.0,3491.0,0.7,664.0,32333.0,0.54,4,5,0,-0.362,1
21.0,43296.0,3594.0,0.5,595.0,26386.0,0.495,4,2,0,0.097,0
34.0,54723.0,4399.0,6.9,682.0,38442.0,0.421,0,5,0,-0.342,0
23.0,30917.0,2497.0,1.9,636.0,9695.0,0.304,1,3,0,0.283,0
35.0,89595.0,7412.0,2.6,707.0,43712.0,0.375,1,4,0,0.459,1
40.0,51530.0,4168.0,13.2,671.0,28195.0,0.262,1,4,1,0.106,0
48.0,167829.0,13890.0,4.2,785.0,35753.0,0.03,0,4,0,0.217,0
25.0,32435.0,2742.0,4.0,670.0,9246.0,0.243,2,0,1,1.748,0
42.0,112480.0,9264.0,8.7,579.0,36114.0,0.253,2,4,0,-0.074,1
38.0,102867.0,8587.0,15.2,653.0,10213.0,0.303,0,1,1,0.772,0
42.0,45699.0,3727.0,1.9,662.0,17933.0,0.348,2,1,0,-0.197,0
32.0,46042.0,3860.0,5.7,599.0,29352.0,0.465,2,5,1,0.768,1
53.0,36334.0,3059.0,5.6,769.0,19523.0,0.303,0,2,0,0.961,0
37.0,36522.0,2957.0,14.7,646.0,18949.0,0.2,1,2,0,1.026,1
58.0,54985.0,4513.0,4.7,617.0,27737.0,0.28,4,2,0,0.83,1
29.0,55515.0,4509.0,4.5,675.0,3714.0,0.364,1,3,0,1.199,0
46.0,26743.0,2251.0,2.8,598.0,1403.0,0.289,0,3,0,-0.925,0
37.0,154379.0,12907.0,13.8,735.0,27300.0,0.22,1,2,0,-1.032,0
34.0,48938.0,4074.0,4.1,716.0,35968.0,0.352,0,7,0,1.29,1
45.0,56648.0,4709.0,14.8,677.0,39248.0,0.186,2,2,0,-0.901,0
35.0,41493.0,3480.0,2.5,703.0,20024.0,0.212,2,5,1,0.2,0
21.0,48773.0,4092.0,0.4,625.0,16537.0,0.342,0,2,0,1.218,0
21.0,46819.0,3863.0,0.1,555.0,36178.0,0.221,0,1,1,-0.205,1
52.0,54928.0,4519.0,17.6,646.0,5465.0,0.265,1,1,0,-0.499,0
52.0,54640.0,4548.0,0.1,625.0,6712.0,0.302,1,3,0,-1.128,0
59.0,79006.0,6559.0,38.5,537.0,40748.0,0.296,2,4,0,0.34,1
38.0,60921.0,5286.0,7.4,590.0,28063.0,0.203,2,1,1,0.165,0
24.0,75510.0,6244.0,2.4,575.0,59349.0,0.333,4,5,0,1.607,1
33.0,54758.0,4590.0,3.8,588.0,35697.0,0.208,1,4,0,0.448,0
38.0,61032.0,5133.0,4.6,756.0,45998.0,0.465,1,3,0,1.512,1
27.0,49341.0,4227.0,5.9,699.0,29174.0,0.26,0,3,0,1.148,0
56.0,86378.0,7081.0,27.4,741.0,64364.0,0.361,1,1,0,0.858,0
63.0,63594.0,5441.0,27.4,709.0,35937.0,0.373,1,3,0,-0.844,0
43.0,51224.0,4256.0,17.5,745.0,22756.0,0.265,1,0,0,1.479,0
38.0,50540.0,4422.0,3.1,663.0,24513.0,0.203,2,5,0,-0.708,0
24.0,52362.0,4395.0,3.5,768.0,38010.0,0.373,1,1,0,-0.273,0
55.0,55759.0,4532.0,15.9,582.0,7165.0,0.158,3,3,0,-0.613,0
39.0,53623.0,4451.0,16.4,663.0,25419.0,0.173,1,3,1,0.311,0
35.0,42771.0,3659.0,10.9,594.0,14722.0,0.361,3,2,0,-0.705,0
43.0,77598.0,6477.0,6.7,750.0,42463.0,0.28,1,7,0,-1.605,0
32.0,79835.0,6645.0,6.6,693.0,40145.0,0.229,1,2,0,2.923,0
40.0,122740.0,10375.0,19.0,753.0,42924.0,0.25,1,1,0,-1.269,0
22.0,41917.0,3469.0,0.1,562.0,23766.0,0.22,4,1,0,1.373,1
50.0,74235.0,6160.0,12.8,624.0,33553.0,0.518,0,3,0,1.085,0
37.0,23295.0,1905.0,10.5,540.0,4440.0,0.402,5,3,0,0.636,1
51.0,79870.0,6886.0,10.5,691.0,42215.0,0.218,0,4,1,-0.164,0
36.0,28556.0,2321.0,5.0,633.0,1999.0,0.269,1,3,0,-1.309,0
37.0,35318.0,2953.0,12.4,719.0,23565.0,0.36,0,2,0,0.269,0
25.0,63869.0,5374.0,4.3,664.0,46616.0,0.202,2,1,0,1.282,0
46.0,41582.0,3464.0,14.2,518.0,4510.0,0.244,3,0,0,0.712,1
28.0,39098.0,3176.0,7.9,548.0,9485.0,0.27,1,1,0,0.149,1
33.0,44220.0,3611.0,1.3,666.0,6417.0,0.212,0,3,0,1.695,0
38.0,76376.0,6431.0,4.1,695.0,48030.0,0.41,1,1,1,0.841,0
39.0,36145.0,2965.0,1.7,506.0,3733.0,0.229,1,2,0,-0.121,0
21.0,53676.0,4288.0,0.4,654.0,24467.0,0.288,1,4,0,0.803,0
35.0,46383.0,3895.0,9.7,594.0,15824.0,0.312,1,2,0,-0.014,0
47.0,79542.0,6513.0,5.4,585.0,48771.0,0.459,8,3,0,-1.381,1
34.0,80552.0,6797.0,6.2,617.0,42640.0,0.291,0,1,1,2.384,0
36.0,24082.0,1999.0,10.6,674.0,11033.0,0.514,2,1,0,0.653,0
40.0,88026.0,7299.0,12.7,617.0,37642.0,0.264,1,4,0,-2.564,0
37.0,41783.0,3486.0,10.5,526.0,26376.0,0.278,1,4,0,0.998,1
27.0,61170.0,4981.0,4.0,670.0,24952.0,0.394,1,3,0,1.395,0
38.0,36047.0,2954.0,17.4,644.0,13152.0,0.492,0,2,0,0.913,0
49.0,64997.0,5388.0,20.7,605.0,4484.0,0.274,3,1,0,1.406,0
26.0,173372.0,14117.0,5.8,641.0,43589.0,0.424,0,2,1,0.64,0
34.0,58239.0,4923.0,13.2,642.0,19068.0,0.385,1,2,0,-0.609,0
23.0,44719.0,3704.0,2.4,664.0,21647.0,0.224,0,3,0,0.504,0
48.0,49544.0,4009.0,2.7,644.0,27492.0,0.298,1,2,0,1.537,1
37.0,28397.0,2340.0,9.0,676.0,21923.0,0.296,2,4,0,1.359,0
29.0,105569.0,8815.0,3.3,658.0,27186.0,0.197,0,5,1,-1.034,0
39.0,63316.0,5229.0,1.8,718.0,29018.0,0.316,2,0,0,1.515,0
25.0,34306.0,2882.0,2.7,772.0,21168.0,0.308,0,6,0,-0.322,0
27.0,34813.0,2934.0,1.4,660.0,9848.0,0.337,2,3,0,-0.09,1
22.0,55380.0,4837.0,1.1,617.0,25552.0,0.307,0,5,0,0.109,1
26.0,83658.0,7132.0,5.1,562.0,30444.0,0.233,4,1,0,2.101,1
53.0,32766.0,2641.0,13.0,712.0,11400.0,0.545,0,1,0,-1.385,0
30.0,90773.0,7510.0,9.4,602.0,8806.0,0.322,1,2,0,-0.32,0
43.0,52778.0,4375.0,17.7,833.0,3598.0,0.43,1,0,1,0.749,0
29.0,36188.0,3050.0,7.1,850.0,9826.0,0.344,0,1,0,0.188,0
46.0,44562.0,3644.0,3.0,647.0,32718.0,0.451,1,5,0,0.168,1
27.0,120806.0,9960.0,6.3,547.0,23506.0,0.222,2,4,0,1.179,0
38.0,29448.0,2393.0,0.6,706.0,2864.0,0.291,1,4,0,-1.266,0
39.0,39566.0,3257.0,15.7,815.0,20383.0,0.255,0,2,0,-0.412,0
64.0,84436.0,6957.0,1.3,569.0,64924.0,0.243,2,3,0,2.94,0
45.0,60627.0,5021.0,4.1,795.0,5631.0,0.327,1,1,0,-0.813,0
31.0,38524.0,3134.0,3.6,532.0,23465.0,0.275,1,2,1,0.361,0
46.0,84901.0,7214.0,18.8,568.0,11154.0,0.157,3,3,0,-0.243,1
62.0,86736.0,7296.0,37.3,700.0,13140.0,0.27,3,3,0,-1.708,0
21.0,63845.0,5166.0,0.7,732.0,48015.0,0.261,0,2,1,-0.853,0
29.0,41752.0,3481.0,6.4,659.0,24045.0,0.388,3,0,1,-0.837,0
35.0,44750.0,3612.0,4.5,694.0,21009.0,0.155,0,0,0,1.112,0
33.0,62517.0,5350.0,13.1,744.0,10846.0,0.249,0,4,0,-0.733,0
34.0,30477.0,2622.0,5.8,748.0,14302.0,0.225,1,2,0,1.383,0
24.0,99967.0,8321.0,3.3,618.0,9667.0,0.374,4,0,1,-0.579,0
53.0,118206.0,9683.0,26.1,613.0,40878.0,0.245,1,1,0,0.638,0
22.0,49459.0,4067.0,0.9,734.0,28604.0,0.405,1,4,0,0.474,0
36.0,64559.0,5331.0,5.4,695.0,30746.0,0.295,1,2,0,0.161,0
50.0,93779.0,7798.0,20.0,711.0,52176.0,0.349,1,2,1,0.99,0
38.0,132600.0,11353.0,16.6,622.0,18150.0,0.411,2,2,1,0.318,0
27.0,110827.0,9412.0,4.9,707.0,68597.0,0.18,0,4,0,0.881,0
23.0,25187.0,2140.0,2.7,585.0,19324.0,0.275,0,1,0,-1.435,1
35.0,47719.0,3990.0,14.9,685.0,34866.0,0.342,1,1,0,-1.114,0
30.0,68899.0,5609.0,3.2,669.0,7989.0,0.32,3,3,0,-0.505,0
40.0,44033.0,3613.0,10.9,674.0,5458.0,0.17,1,6,0,-1.038,0
23.0,122680.0,10236.0,1.6,715.0,53369.0,0.37,1,3,0,0.397,1
47.0,114497.0,9312.0,5.9,592.0,50728.0,0.305,4,0,0,0.13,0
39.0,38098.0,3194.0,15.4,715.0,26396.0,0.313,0,2,0,1.701,0
40.0,51124.0,4329.0,5.3,664.0,16700.0,0.278,2,4,0,0.868,0
54.0,39253.0,3307.0,23.9,617.0,17109.0,0.02,1,1,0,-0.501,0
33.0,50377.0,4240.0,6.9,571.0,10215.0,0.355,3,0,0,0.262,1
30.0,49694.0,3987.0,8.4,796.0,37765.0,0.359,1,2,0,0.974,0
32.0,84500.0,7229.0,6.1,658.0,11888.0,0.258,1,4,1,0.813,0
36.0,36875.0,2977.0,9.3,640.0,26847.0,0.152,3,2,0,0.257,1
37.0,16942.0,1408.0,3.1,581.0,12165.0,0.246,3,6,0,-0.813,0
29.0,26717.0,2254.0,7.2,740.0,2347.0,0.399,2,1,0,0.114,0
21.0,34626.0,2906.0,0.4,731.0,21868.0,0.259,0,2,0,-0.921,0
32.0,40947.0,3325.0,6.9,721.0,12413.0,0.302,1,2,1,0.876,0
42.0,59833.0,4877.0,18.6,665.0,13075.0,0.267,2,2,0,0.9,0
39.0,33833.0,2836.0,9.3,717.0,11903.0,0.332,1,2,0,-0.482,0
51.0,31891.0,2685.0,8.6,607.0,23694.0,0.168,2,2,0,0.3,1
60.0,36201.0,2950.0,10.5,680.0,12641.0,0.28,1,0,1,0.327,0
46.0,33291.0,2796.0,14.9,664.0,7724.0,0.41,0,2,0,0.204,0
53.0,42855.0,3463.0,9.7,684.0,19004.0,0.208,2,3,0,-0.692,0
46.0,42037.0,3547.0,8.9,538.0,15016.0,0.273,3,2,0,-0.625,1
57.0,74994.0,6139.0,8.6,795.0,4819.0,0.405,0,3,0,0.814,0
58.0,35235.0,2941.0,17.1,782.0,6685.0,0.375,0,3,0,0.508,0
48.0,46825.0,3895.0,13.3,586.0,2946.0,0.345,0,2,0,0.774,0
46.0,43038.0,3670.0,13.6,707.0,19007.0,0.339,0,6,0,0.227,0
36.0,79149.0,6628.0,9.3,561.0,42028.0,0.337,1,4,0,-1.345,0
38.0,51311.0,4225.0,10.3,671.0,30209.0,0.277,1,4,1,0.205,0
34.0,88248.0,7407.0,5.2,509.0,18173.0,0.41,2,2,0,0.03,1
45.0,32746.0,2846.0,22.4,651.0,21408.0,0.253,1,2,0,-0.565,0
30.0,53792.0,4549.0,5.2,628.0,19272.0,0.201,0,0,0,-1.765,0
36.0,42444.0,3533.0,13.2,748.0,3688.0,0.162,0,2,1,-1.349,0
21.0,31678.0,2596.0,0.6,777.0,23624.0,0.238,0,2,1,-0.774,0
57.0,53354.0,4391.0,13.7,785.0,30416.0,0.237,0,2,0,0.016,0
36.0,119959.0,10133.0,11.5,747.0,56611.0,0.229,0,3,1,0.851,0
43.0,37469.0,3067.0,4.1,668.0,3004.0,0.182,4,2,0,1.535,0
54.0,51934.0,4328.0,33.0,704.0,3141.0,0.337,0,1,1,-0.432,0
41.0,30473.0,2612.0,12.2,693.0,14433.0,0.205,0,1,0,0.627,0
54.0,28522.0,2384.0,3.5,579.0,20225.0,0.355,0,1,0,0.347,0
24.0,38593.0,3147.0,1.8,741.0,20670.0,0.372,2,3,0,1.181,0
64.0,44918.0,3906.0,31.6,724.0,2433.0,0.557,0,3,0,1.531,0
50.0,45825.0,3953.0,2.0,713.0,24219.0,0.255,0,2,0,1.384,0
40.0,49681.0,4182.0,5.3,503.0,15473.0,0.284,6,5,0,0.831,1
54.0,26195.0,2239.0,31.1,707.0,3707.0,0.225,0,5,0,-0.036,0
25.0,41499.0,3440.0,1.8,731.0,27334.0,0.183,1,3,0,0.178,0
35.0,68932.0,5828.0,2.4,660.0,33249.0,0.258,1,6,1,0.124,0
54.0,29848.0,2466.0,3.3,627.0,17705.0,0.222,1,1,0,-0.278,0
21.0,46877.0,3800.0,0.6,565.0,8147.0,0.182,2,4,1,-1.094,0
44.0,62747.0,5500.0,13.5,566.0,8602.0,0.324,0,1,0,-1.989,1
44.0,38680.0,3133.0,15.5,679.0,16860.0,0.193,2,4,0,-1.574,0
60.0,64137.0,5377.0,38.0,663.0,28599.0,0.357,0,0,0,-0.232,0
21.0,27739.0,2325.0,0.1,643.0,13496.0,0.386,1,2,1,0.013,0
56.0,82034.0,6907.0,7.1,771.0,49891.0,0.214,1,1,0,0.452,0
32.0,64841.0,5394.0,2.8,573.0,35513.0,0.44,2,2,0,0.108,1
33.0,56395.0,4692.0,5.6,639.0,31423.0,0.34,0,3,1,0.775,0
25.0,91241.0,7624.0,0.6,779.0,16537.0,0.293,0,5,1,-0.118,0
26.0,47424.0,3990.0,2.5,639.0,17242.0,0.122,0,4,0,1.026,0
42.0,41650.0,3471.0,18.3,674.0,20824.0,0.129,2,3,0,0.621,0
26.0,102001.0,8488.0,0.9,648.0,44777.0,0.457,0,4,1,-0.61,1
46.0,125924.0,10216.0,24.0,721.0,35029.0,0.432,0,0,0,1.26,0
31.0,40257.0,3490.0,9.8,521.0,30523.0,0.46,3,2,1,-0.267,1
25.0,52256.0,4401.0,2.4,647.0,8107.0,0.486,0,4,1,-0.08,0
32.0,88023.0,7366.0,10.5,669.0,68744.0,0.437,1,4,0,0.011,1
42.0,53100.0,4370.0,15.4,598.0,33800.0,0.324,1,2,0,0.635,0
35.0,71873.0,5869.0,5.3,687.0,35730.0,0.356,0,4,0,1.753,0
38.0,78141.0,6624.0,10.3,720.0,11378.0,0.232,1,2,1,-0.814,0
46.0,42704.0,3547.0,3.0,693.0,20196.0,0.324,1,3,0,1.05,0
50.0,66421.0,5604.0,14.8,792.0,7702.0,0.375,0,2,0,1.711,0
35.0,54847.0,4447.0,12.1,636.0,41077.0,0.376,1,2,0,1.371,1
27.0,31809.0,2733.0,3.8,697.0,8404.0,0.287,0,3,0,-0.67,0
39.0,35233.0,2989.0,7.2,697.0,12319.0,0.097,0,4,1,1.222,0
43.0,41007.0,3412.0,15.4,651.0,21635.0,0.149,1,3,0,0.286,0
22.0,83527.0,7026.0,1.9,740.0,5351.0,0.348,0,0,0,-1.192,0
28.0,84770.0,7169.0,0.6,680.0,38694.0,0.249,0,4,0,-1.062,0
30.0,77076.0,6251.0,3.3,578.0,45177.0,0.367,2,5,0,-1.332,1
36.0,67046.0,5775.0,2.5,714.0,13775.0,0.178,1,1,1,0.123,0
30.0,66228.0,5572.0,9.2,630.0,10961.0,0.436,2,1,0,0.273,1
46.0,62317.0,5120.0,14.1,644.0,25908.0,0.206,3,1,0,0.115,0
21.0,66072.0,5385.0,0.1,643.0,29892.0,0.448,1,4,0,-0.904,1
21.0,68118.0,5789.0,0.6,712.0,25837.0,0.145,0,2,0,-1.068,0
34.0,29234.0,2446.0,7.2,739.0,7943.0,0.36,0,1,0,0.354,0
36.0,38541.0,3243.0,1.0,649.0,13774.0,0.207,0,4,1,0.707,0
22.0,34616.0,2886.0,1.7,646.0,9839.0,0.299,0,3,0,0.054,0
31.0,90518.0,7392.0,8.0,521.0,21475.0,0.408,3,1,1,-0.866,1
34.0,115778.0,9746.0,0.1,610.0,46784.0,0.39,1,2,0,-0.489,1
34.0,20723.0,1720.0,13.1,600.0,7185.0,0.218,2,3,0,0.659,0
40.0,111219.0,9264.0,3.1,683.0,41879.0,0.239,2,4,0,-0.76,0
31.0,57189.0,4992.0,0.0,653.0,2869.0,0.143,1,3,0,0.574,0
54.0,86752.0,7355.0,14.6,604.0,49408.0,0.121,1,2,0,-0.294,0
43.0,69078.0,5863.0,3.3,672.0,5882.0,0.217,1,3,0,-0.194,0
29.0,105163.0,9240.0,5.2,658.0,21561.0,0.215,1,2,1,1.117,0
39.0,60444.0,5076.0,5.9,485.0,39445.0,0.149,1,3,0,0.073,0
39.0,29778.0,2487.0,3.6,739.0,23469.0,0.279,0,1,0,-0.748,0
51.0,52446.0,4311.0,30.9,746.0,41621.0,0.297,0,0,0,-1.389,0
31.0,69365.0,5728.0,3.8,645.0,34278.0,0.299,3,4,0,-1.919,0
46.0,49906.0,3989.0,11.0,690.0,12205.0,0.22,0,2,0,0.121,0
38.0,73944.0,6259.0,5.4,640.0,49996.0,0.242,2,1,0,-0.057,1
54.0,53398.0,4337.0,28.8,562.0,28714.0,0.268,3,4,0,1.631,0
52.0,42071.0,3569.0,6.3,815.0,33221.0,0.382,0,2,0,0.413,0
40.0,33739.0,2809.0,2.6,714.0,15581.0,0.232,0,3,1,0.543,0
35.0,46109.0,3852.0,13.3,733.0,20502.0,0.132,0,5,1,-0.524,0
44.0,60304.0,5021.0,4.3,642.0,4996.0,0.268,3,3,0,-0.681,0
36.0,22774.0,1950.0,13.7,746.0,4459.0,0.256,0,5,0,0.758,0
56.0,38718.0,3305.0,21.1,575.0,21302.0,0.138,1,1,1,-0.306,0
39.0,22395.0,1865.0,15.5,651.0,17811.0,0.26,0,0,0,-0.87,0
34.0,41665.0,3410.0,0.9,712.0,16946.0,0.212,1,1,0,1.364,0
33.0,94266.0,8001.0,12.5,622.0,6770.0,0.292,1,4,0,-0.266,0
25.0,32252.0,2635.0,1.4,724.0,11277.0,0.342,0,1,1,-0.854,0
44.0,75471.0,6094.0,1.4,682.0,10923.0,0.246,1,0,1,2.011,0
29.0,198206.0,16682.0,6.9,678.0,152577.0,0.351,1,5,1,-0.625,0
50.0,105787.0,9030.0,5.4,612.0,16501.0,0.269,2,3,0,-0.421,0
24.0,58406.0,4828.0,1.3,689.0,8083.0,0.274,0,0,0,1.347,0
39.0,80934.0,6799.0,11.5,801.0,31833.0,0.269,1,1,0,2.011,0
51.0,29695.0,2454.0,2.1,673.0,13554.0,0.281,1,2,0,0.126,0
21.0,27094.0,2290.0,0.2,699.0,15930.0,0.162,0,1,0,1.684,0
60.0,55715.0,4745.0,19.7,719.0,18162.0,0.117,0,2,0,-0.114,1
33.0,65806.0,5455.0,5.6,583.0,47561.0,0.412,1,2,0,-0.881,0
40.0,90000.0,7346.0,10.9,656.0,44906.0,0.321,0,1,1,-1.039,0
44.0,42580.0,3445.0,17.7,657.0,3639.0,0.246,4,1,1,1.422,0
46.0,60001.0,5093.0,9.2,516.0,4538.0,0.406,0,2,0,0.583,0
41.0,59082.0,4812.0,8.5,719.0,23726.0,0.586,1,1,0,0.323,1
49.0,51842.0,4352.0,7.9,599.0,19678.0,0.15,2,2,0,-0.719,1
44.0,53235.0,4505.0,8.1,712.0,20723.0,0.296,1,3,0,-0.368,0
57.0,37439.0,3089.0,1.9,608.0,3478.0,0.367,0,2,0,0.447,0
44.0,62377.0,5181.0,13.8,810.0,5611.0,0.137,1,2,0,-0.988,0
60.0,60046.0,5104.0,6.8,644.0,5739.0,0.147,0,2,0,-1.215,0
48.0,45120.0,3699.0,20.0,804.0,27092.0,0.395,1,3,0,-0.439,0
21.0,74212.0,6072.0,0.0,648.0,37187.0,0.295,1,2,0,0.093,1
67.0,87344.0,7245.0,2.8,658.0,13307.0,0.231,1,1,0,-0.247,0
32.0,74601.0,6376.0,3.3,771.0,27844.0,0.136,1,4,0,1.615,0
54.0,34406.0,2960.0,15.1,603.0,26052.0,0.333,1,0,1,1.651,1
38.0,57522.0,4784.0,12.7,670.0,5859.0,0.16,1,3,1,0.304,0
50.0,36496.0,2998.0,20.5,708.0,7002.0,0.198,1,4,0,-0.956,0
30.0,57442.0,4889.0,10.1,693.0,19657.0,0.204,2,2,0,0.423,0
45.0,36560.0,2945.0,8.8,667.0,8296.0,0.266,0,3,0,-0.422,1
35.0,97715.0,8183.0,0.9,654.0,16504.0,0.19,0,2,0,-2.785,0
55.0,78244.0,6515.0,30.5,734.0,61030.0,0.205,2,5,1,1.789,0
43.0,92405.0,7900.0,16.7,681.0,57737.0,0.394,0,2,0,-1.155,0
48.0,88288.0,7563.0,1.9,729.0,52698.0,0.317,2,4,0,2.016,1
21.0,48694.0,3981.0,0.1,687.0,36483.0,0.302,0,2,0,-0.015,1
37.0,45413.0,3797.0,8.1,710.0,8641.0,0.344,0,3,1,1.305,0
43.0,120435.0,9922.0,7.7,743.0,86387.0,0.194,0,3,0,1.545,0
40.0,51061.0,4230.0,12.2,644.0,40186.0,0.336,3,2,0,0.927,0
49.0,29897.0,2522.0,6.3,741.0,14642.0,0.343,2,0,0,0.327,0
34.0,86547.0,7164.0,13.4,656.0,62957.0,0.198,1,1,0,0.178,1
39.0,58676.0,4909.0,9.5,567.0,38849.0,0.36,2,2,0,0.227,0
51.0,108311.0,9199.0,23.3,649.0,31238.0,0.324,2,2,0,-1.302,0
21.0,61355.0,5268.0,0.1,609.0,18361.0,0.326,1,4,0,-0.668,1
44.0,54507.0,4568.0,15.1,694.0,30353.0,0.467,0,3,0,-1.916,0
34.0,109299.0,9130.0,12.4,646.0,50726.0,0.312,0,3,0,-0.399,0
28.0,27523.0,2243.0,0.2,669.0,9322.0,0.208,0,1,0,-1.451,0
42.0,42263.0,3634.0,11.7,737.0,3605.0,0.313,0,3,1,0.619,0
52.0,36893.0,3105.0,7.8,768.0,2480.0,0.301,0,3,0,-2.181,0
49.0,20482.0,1711.0,14.1,688.0,2529.0,0.189,0,3,0,-0.267,0
37.0,81472.0,6801.0,13.5,743.0,28768.0,0.098,2,1,0,0.229,0
48.0,42798.0,3592.0,19.1,657.0,3020.0,0.293,0,5,0,0.269,0
48.0,82661.0,6995.0,20.8,561.0,13319.0,0.394,2,3,0,-1.574,0
37.0,65524.0,5558.0,3.6,579.0,50851.0,0.395,3,1,0,1.374,1
30.0,72280.0,6217.0,8.6,651.0,28040.0,0.328,1,3,0,-0.007,0
31.0,44809.0,3752.0,6.8,719.0,33604.0,0.457,2,3,0,-0.466,0
47.0,38995.0,3364.0,1.9,647.0,7505.0,0.317,2,1,0,-1.108,0
38.0,57267.0,4873.0,15.1,751.0,18262.0,0.28,1,2,0,-0.136,0
26.0,83176.0,6923.0,0.4,788.0,46030.0,0.32,0,2,0,-1.567,0
21.0,53767.0,4331.0,0.0,598.0,42605.0,0.227,3,4,0,0.098,1
47.0,40103.0,3348.0,22.6,820.0,23055.0,0.173,1,3,0,-1.766,0
32.0,32065.0,2755.0,0.2,546.0,23300.0,0.202,2,1,1,-0.554,1
42.0,60292.0,4946.0,1.9,790.0,5236.0,0.252,1,1,0,-0.375,0
52.0,42863.0,3578.0,0.5,658.0,11910.0,0.387,1,3,0,-0.768,1
24.0,53253.0,4452.0,3.2,645.0,37921.0,0.155,1,4,0,-0.595,0
38.0,49397.0,4194.0,0.8,660.0,21854.0,0.203,2,0,0,-0.588,1
36.0,45030.0,3723.0,6.0,607.0,7988.0,0.381,0,2,0,-0.004,1
42.0,62774.0,5140.0,4.8,768.0,11133.0,0.264,0,4,0,1.0,0
52.0,70588.0,5949.0,10.8,617.0,43693.0,0.28,0,2,1,1.398,1
23.0,133181.0,10933.0,1.0,621.0,22437.0,0.263,1,1,0,1.001,0
44.0,77356.0,6210.0,21.5,574.0,32741.0,0.493,3,0,0,1.383,1
49.0,112673.0,9735.0,22.6,620.0,20954.0,0.356,2,3,0,1.076,1
36.0,38052.0,3230.0,14.1,618.0,7847.0,0.325,0,2,0,-0.064,0
36.0,26760.0,2314.0,11.9,612.0,9311.0,0.32,1,1,1,-0.313,0
43.0,54644.0,4633.0,7.5,651.0,7572.0,0.341,0,6,0,1.796,0
42.0,80919.0,6835.0,4.1,584.0,44060.0,0.485,3,1,0,0.032,1
44.0,75404.0,6330.0,12.9,778.0,13165.0,0.263,1,0,0,-1.114,0
44.0,94865.0,7876.0,8.6,654.0,58248.0,0.317,2,5,1,0.537,0
27.0,17565.0,1479.0,4.6,688.0,7746.0,0.303,0,2,0,1.668,0
49.0,96657.0,7966.0,1.1,721.0,29951.0,0.39,0,3,0,0.866,0
51.0,63962.0,5216.0,22.0,813.0,32664.0,0.47,1,1,1,-0.19,0
40.0,27454.0,2273.0,6.0,727.0,9766.0,0.241,0,1,0,1.178,0
22.0,76166.0,6511.0,0.7,643.0,8521.0,0.345,3,4,0,-1.047,1
37.0,59359.0,4825.0,16.4,593.0,16729.0,0.318,1,3,0,0.427,0
40.0,65293.0,5309.0,4.3,686.0,28958.0,0.161,0,3,1,-0.277,0
25.0,86223.0,7270.0,0.6,735.0,11052.0,0.397,1,2,0,-0.672,0
34.0,66750.0,5516.0,2.9,671.0,40001.0,0.456,1,2,0,-0.778,0
22.0,28348.0,2385.0,0.9,665.0,8996.0,0.382,1,3,0,0.202,0
45.0,51572.0,4383.0,13.2,682.0,10500.0,0.237,1,1,0,-0.002,0
40.0,26560.0,2234.0,19.4,539.0,1488.0,0.164,2,5,0,1.019,0
21.0,73656.0,6060.0,0.9,671.0,8375.0,0.364,0,3,1,-1.0,0
42.0,103174.0,8818.0,15.6,719.0,23520.0,0.192,0,3,0,2.819,0
37.0,31459.0,2660.0,12.5,663.0,10231.0,0.202,3,2,0,0.259,0
44.0,40657.0,3390.0,6.7,742.0,6708.0,0.321,0,1,0,0.38,0
34.0,36976.0,3080.0,12.7,747.0,16962.0,0.374,0,3,0,0.812,0
29.0,44839.0,3765.0,5.0,627.0,8779.0,0.266,0,2,1,-1.524,0
30.0,66216.0,5484.0,1.5,692.0,50721.0,0.279,1,3,0,2.066,0
32.0,45058.0,3632.0,11.5,669.0,21339.0,0.289,2,3,0,-0.656,1
38.0,73771.0,6240.0,9.2,523.0,47765.0,0.208,2,3,1,0.977,0
40.0,88833.0,7505.0,3.1,648.0,32545.0,0.262,2,4,0,0.513,0
36.0,90299.0,7179.0,11.7,594.0,18390.0,0.138,3,5,0,-0.334,1
33.0,33253.0,2799.0,3.1,671.0,12875.0,0.374,2,2,0,0.772,0
34.0,102617.0,8852.0,2.7,709.0,36864.0,0.579,0,3,0,-0.145,0
66.0,106385.0,8665.0,12.2,651.0,55080.0,0.306,2,0,0,0.402,1
30.0,110613.0,9204.0,5.5,600.0,81076.0,0.419,2,2,0,0.691,1
32.0,51230.0,4254.0,3.5,678.0,11676.0,0.274,0,2,0,0.036,0
70.0,39213.0,3376.0,2.0,832.0,4800.0,0.165,0,2,0,0.311,0
43.0,35319.0,3009.0,8.8,512.0,20714.0,0.525,2,3,0,-0.567,1
23.0,33500.0,2743.0,0.7,677.0,1685.0,0.215,0,4,1,-0.893,0
47.0,55290.0,4639.0,13.9,629.0,35715.0,0.395,3,2,0,0.917,0
28.0,80549.0,7022.0,3.7,632.0,48000.0,0.322,1,1,0,-0.791,0
48.0,99016.0,8148.0,2.2,654.0,66277.0,0.419,1,2,0,1.521,1
36.0,44205.0,3683.0,3.8,638.0,5215.0,0.293,1,3,0,-0.903,0
33.0,54051.0,4550.0,3.7,704.0,10961.0,0.184,0,2,0,0.03,0
56.0,52481.0,4320.0,17.3,652.0,24337.0,0.234,1,1,0,0.642,0
44.0,41325.0,3565.0,19.9,519.0,12210.0,0.535,2,0,0,1.158,0
49.0,76586.0,6322.0,6.3,753.0,52414.0,0.332,0,0,0,0.188,0
43.0,64755.0,5246.0,3.6,741.0,25498.0,0.518,1,3,1,2.087,0
33.0,58625.0,4834.0,0.0,618.0,21815.0,0.263,1,3,0,-1.616,0
45.0,64623.0,5456.0,15.0,671.0,12186.0,0.371,0,6,0,-2.171,0
51.0,72551.0,5949.0,10.2,750.0,34209.0,0.172,1,2,0,-1.518,0
39.0,72225.0,6055.0,13.1,739.0,22351.0,0.303,0,3,0,-1.551,0
58.0,37713.0,3178.0,26.1,768.0,14629.0,0.522,1,5,0,-1.27,0
47.0,82326.0,6695.0,1.2,687.0,20867.0,0.222,1,4,1,-0.566,0
40.0,61698.0,5084.0,8.5,718.0,31258.0,0.231,1,2,1,-0.532,0
41.0,45230.0,3795.0,20.1,769.0,30691.0,0.383,0,4,0,-0.433,0
40.0,61114.0,5164.0,5.4,639.0,3998.0,0.311,1,2,0,-1.216,0
24.0,64222.0,5294.0,2.2,692.0,14334.0,0.49,0,3,1,-0.002,0
37.0,89491.0,7480.0,9.1,514.0,49937.0,0.276,3,2,0,0.779,1
40.0,34349.0,2846.0,5.3,552.0,19922.0,0.307,1,2,0,-0.491,0
33.0,99841.0,8441.0,10.5,700.0,27028.0,0.332,0,3,0,-0.289,0
42.0,55576.0,4679.0,0.1,706.0,14708.0,0.192,0,3,0,0.968,0
38.0,43797.0,3622.0,4.1,635.0,26721.0,0.17,1,6,0,0.814,0
47.0,43198.0,3634.0,15.7,625.0,20250.0,0.161,0,2,0,-0.485,0
45.0,35048.0,2897.0,23.2,647.0,11976.0,0.02,2,3,0,1.198,1
40.0,25126.0,2113.0,0.2,674.0,2301.0,0.291,1,2,0,-0.32,1
23.0,74602.0,6275.0,1.8,499.0,40267.0,0.17,4,1,0,0.613,1
58.0,134120.0,11707.0,0.1,693.0,36173.0,0.246,0,6,0,-1.191,1
36.0,26560.0,2198.0,10.2,667.0,12824.0,0.402,0,2,0,-0.792,0
37.0,35861.0,2980.0,7.0,681.0,21222.0,0.205,0,2,0,-1.233,1
34.0,77134.0,6345.0,6.2,654.0,30657.0,0.369,1,6,0,-0.056,1
33.0,53882.0,4397.0,12.2,569.0,12929.0,0.142,1,5,0,-0.516,0
55.0,80064.0,6611.0,23.9,595.0,16863.0,0.231,3,6,0,-0.79,0
53.0,52539.0,4437.0,6.5,770.0,30404.0,0.474,0,3,0,0.245,0
43.0,42353.0,3582.0,22.8,626.0,30438.0,0.257,1,1,0,0.929,1
37.0,49685.0,4165.0,4.3,719.0,39002.0,0.429,0,1,0,-0.167,0
45.0,18829.0,1560.0,17.0,593.0,12285.0,0.536,1,4,0,0.211,1
39.0,32877.0,2713.0,12.8,665.0,16505.0,0.258,1,1,0,-0.088,0
36.0,84273.0,6894.0,13.5,636.0,58843.0,0.233,2,6,0,-0.974,0
42.0,94037.0,7749.0,8.7,644.0,32184.0,0.084,1,0,0,-0.467,1
33.0,103556.0,8406.0,9.2,641.0,73694.0,0.329,2,1,0,1.381,1
41.0,67069.0,5741.0,13.0,768.0,24995.0,0.338,0,3,0,-0.39,0
40.0,19928.0,1722.0,8.8,799.0,9894.0,0.377,0,1,0,1.974,0
45.0,41330.0,3311.0,22.6,688.0,7334.0,0.439,1,3,1,-0.499,0
31.0,99826.0,8367.0,2.8,633.0,42216.0,0.197,2,1,0,-0.721,1
46.0,114172.0,9566.0,5.8,570.0,34950.0,0.487,1,2,1,2.084,0
28.0,101547.0,8498.0,5.1,565.0,32991.0,0.272,3,3,0,1.377,0
32.0,49453.0,4072.0,2.2,763.0,24659.0,0.336,0,0,0,-0.584,0
32.0,30550.0,2598.0,10.1,562.0,21734.0,0.293,1,4,0,-0.162,0
26.0,54004.0,4537.0,2.1,630.0,36153.0,0.223,1,6,0,-2.162,1
49.0,55368.0,4709.0,12.3,677.0,17259.0,0.18,0,4,0,0.672,0
27.0,111256.0,9135.0,5.0,480.0,66796.0,0.321,1,3,0,-0.572,1
30.0,60937.0,4938.0,9.1,577.0,28075.0,0.204,0,3,0,-0.114,0
52.0,55414.0,4658.0,21.9,577.0,17246.0,0.278,2,2,0,-1.201,0
32.0,56849.0,4646.0,1.1,614.0,41559.0,0.259,0,2,0,1.18,1
36.0,65843.0,5603.0,5.4,681.0,11255.0,0.264,1,1,0,-0.727,1
27.0,72910.0,5817.0,5.2,735.0,47673.0,0.12,1,1,1,0.374,0
47.0,39698.0,3277.0,24.7,626.0,8304.0,0.02,2,2,0,-0.136,0
47.0,34172.0,2813.0,17.3,636.0,24581.0,0.384,1,4,1,1.49,0
46.0,101909.0,8436.0,15.6,659.0,60229.0,0.413,1,2,0,0.818,0
44.0,26281.0,2202.0,9.1,608.0,10479.0,0.044,0,1,0,0.096,0
39.0,114930.0,9653.0,9.0,694.0,12411.0,0.342,1,3,0,-0.218,0
32.0,23278.0,1965.0,5.3,694.0,4309.0,0.322,0,2,1,-1.102,0
29.0,42279.0,3576.0,0.5,470.0,7345.0,0.168,5,4,1,-1.689,1
52.0,85172.0,7073.0,0.7,705.0,52906.0,0.39,0,3,1,-1.345,0
46.0,55008.0,4777.0,16.3,677.0,28412.0,0.414,0,5,0,0.295,0
30.0,30414.0,2605.0,5.3,681.0,6485.0,0.406,2,1,0,0.799,0
38.0,66635.0,5518.0,4.5,745.0,21707.0,0.474,1,2,1,1.137,0
35.0,56684.0,4711.0,13.1,542.0,15985.0,0.4,3,1,1,-0.041,1
26.0,49905.0,4131.0,1.2,573.0,26917.0,0.217,0,4,0,0.045,1
40.0,41536.0,3487.0,14.0,662.0,12369.0,0.302,0,2,0,-0.481,0
33.0,54150.0,4425.0,10.6,503.0,33922.0,0.339,2,1,0,-0.389,1
28.0,42329.0,3472.0,6.3,648.0,24179.0,0.452,0,2,0,0.66,0
22.0,164494.0,13114.0,1.5,720.0,38155.0,0.275,0,2,0,-0.725,0
21.0,49369.0,4081.0,0.8,688.0,14459.0,0.237,0,4,0,0.206,0
34.0,46486.0,3956.0,6.4,669.0,21481.0,0.135,0,7,0,0.128,0
37.0,43103.0,3581.0,10.6,649.0,31504.0,0.387,0,2,0,-0.036,0
28.0,122359.0,10177.0,7.2,634.0,16349.0,0.321,1,1,0,-0.081,0
45.0,26305.0,2204.0,10.6,631.0,8390.0,0.213,2,1,1,1.109,0
37.0,64656.0,5280.0,11.6,682.0,32288.0,0.377,1,1,0,0.53,0
44.0,49385.0,4118.0,3.9,553.0,14490.0,0.266,2,2,0,0.34,1
36.0,28986.0,2458.0,9.0,767.0,7744.0,0.168,2,1,0,0.695,0
29.0,38044.0,3190.0,1.3,609.0,14227.0,0.433,2,4,0,-0.44,1
39.0,63432.0,5389.0,12.7,705.0,12335.0,0.094,2,2,0,1.082,0
24.0,37276.0,3185.0,1.5,666.0,18734.0,0.314,1,3,0,1.081,1
44.0,61814.0,5219.0,5.5,582.0,43810.0,0.289,2,1,1,-0.475,1
28.0,119755.0,9837.0,2.8,752.0,87789.0,0.136,2,5,1,0.091,0
48.0,59389.0,4915.0,19.7,746.0,23967.0,0.333,2,3,0,-0.226,0
34.0,28596.0,2475.0,13.0,557.0,7723.0,0.231,3,3,0,0.682,0
50.0,37573.0,3151.0,0.3,655.0,12654.0,0.468,4,3,0,0.388,1
26.0,48371.0,4046.0,0.9,675.0,10703.0,0.4,3,0,0,-1.015,0
31.0,46938.0,3844.0,7.4,519.0,23418.0,0.322,4,1,0,-0.126,1
42.0,58894.0,4899.0,12.6,518.0,8895.0,0.051,2,1,1,1.377,1
51.0,63303.0,5351.0,9.9,607.0,18271.0,0.244,1,2,0,-0.3,0
56.0,119830.0,9989.0,23.7,580.0,21323.0,0.237,2,4,0,0.971,0
38.0,54908.0,4528.0,16.0,595.0,11199.0,0.421,0,4,0,1.609,0
58.0,32748.0,2713.0,9.9,573.0,18129.0,0.318,2,4,0,-0.009,0
35.0,92439.0,7887.0,7.2,655.0,73448.0,0.332,1,2,1,1.322,0
50.0,97095.0,8199.0,0.6,598.0,54040.0,0.402,3,1,1,-1.082,1
28.0,61065.0,5143.0,7.2,742.0,14233.0,0.463,0,2,0,0.21,0
43.0,49228.0,4138.0,18.1,682.0,17512.0,0.446,2,0,0,0.432,0
21.0,72783.0,5922.0,0.5,716.0,37917.0,0.355,1,2,1,-0.514,0
26.0,50016.0,4191.0,5.6,545.0,35039.0,0.273,2,5,0,-0.415,1
43.0,21808.0,1856.0,5.1,619.0,12773.0,0.343,2,0,1,0.542,0
24.0,70874.0,5875.0,2.7,671.0,11271.0,0.297,1,1,0,0.174,0
43.0,82175.0,6982.0,17.5,700.0,41329.0,0.379,0,0,0,0.483,0
48.0,105196.0,8862.0,23.2,626.0,20816.0,0.243,3,3,0,2.819,0
32.0,39587.0,3353.0,8.6,629.0,13093.0,0.39,2,2,0,-0.176,0
27.0,60892.0,5080.0,1.4,633.0,47107.0,0.305,4,1,0,-1.288,1
33.0,61488.0,5215.0,1.2,640.0,44214.0,0.339,3,3,0,-0.763,0
27.0,57154.0,4623.0,1.3,812.0,13864.0,0.18,0,2,0,-0.069,0
37.0,57917.0,4830.0,14.5,689.0,34542.0,0.273,2,1,0,-1.424,0
39.0,55927.0,4727.0,7.7,667.0,16618.0,0.345,0,2,0,0.238,0
35.0,60499.0,5071.0,8.0,576.0,3381.0,0.282,2,4,0,1.459,0
56.0,76757.0,6537.0,0.9,574.0,52777.0,0.065,1,3,0,1.648,0
30.0,95246.0,7912.0,5.0,648.0,63517.0,0.177,1,4,1,0.033,0
53.0,39134.0,3225.0,13.6,746.0,10590.0,0.334,0,5,0,0.573,0
27.0,50897.0,4102.0,3.5,648.0,32018.0,0.45,0,0,0,0.962,0
39.0,45475.0,3769.0,7.1,653.0,3348.0,0.277,2,1,0,2.779,0
51.0,42639.0,3590.0,2.3,609.0,19394.0,0.251,3,2,0,0.079,1
50.0,26579.0,2249.0,1.3,539.0,20896.0,0.405,3,1,0,-0.876,1
33.0,55603.0,4504.0,12.7,697.0,35661.0,0.301,0,2,0,-0.322,0
44.0,68240.0,5820.0,14.6,649.0,32869.0,0.374,0,0,1,-0.783,0
43.0,51292.0,4191.0,14.6,699.0,16637.0,0.27,2,2,0,0.384,0
32.0,54779.0,4554.0,11.0,676.0,32950.0,0.259,2,3,0,0.77,0
45.0,66396.0,5470.0,13.6,599.0,51892.0,0.382,4,1,0,0.047,1
58.0,103787.0,8721.0,23.7,688.0,20144.0,0.367,3,3,0,-0.761,0
43.0,45533.0,3802.0,12.1,576.0,3968.0,0.268,0,2,0,-0.617,0
44.0,32463.0,2742.0,4.3,677.0,10809.0,0.188,1,2,0,0.934,0
45.0,52807.0,4563.0,7.9,660.0,23111.0,0.133,1,3,0,-0.516,0
22.0,128372.0,10783.0,1.7,769.0,30028.0,0.146,0,5,1,2.568,0
43.0,32620.0,2687.0,10.2,604.0,16715.0,0.237,3,1,0,-0.966,1
27.0,73692.0,6198.0,1.4,568.0,20590.0,0.332,3,0,0,-1.022,0
32.0,92610.0,8018.0,9.5,636.0,72832.0,0.133,1,4,0,-0.934,0
62.0,18970.0,1602.0,3.6,704.0,4724.0,0.14,0,0,0,1.236,0
35.0,66151.0,5617.0,9.7,469.0,43146.0,0.338,5,1,0,-0.277,1
30.0,72159.0,5822.0,6.9,725.0,55813.0,0.457,0,2,0,-0.374,0
51.0,48766.0,4095.0,9.3,650.0,20709.0,0.409,0,1,0,1.832,0
28.0,41118.0,3408.0,1.3,581.0,8200.0,0.116,4,5,0,-2.577,0
33.0,42163.0,3466.0,5.9,637.0,30264.0,0.339,1,1,1,0.309,0
52.0,47441.0,3952.0,24.0,620.0,16687.0,0.396,2,3,0,-0.264,0
38.0,48009.0,4009.0,16.4,582.0,21993.0,0.25,1,0,0,2.503,0
21.0,44101.0,3629.0,0.8,525.0,3827.0,0.276,1,4,0,-0.491,0
44.0,47102.0,3940.0,2.6,712.0,14652.0,0.333,0,2,0,-0.774,0
34.0,93990.0,7805.0,3.0,622.0,43890.0,0.349,1,2,0,0.683,0
55.0,31844.0,2691.0,21.6,643.0,18143.0,0.338,1,2,0,0.335,0
31.0,25035.0,2096.0,8.0,723.0,19110.0,0.372,0,1,0,0.585,1
50.0,94669.0,7948.0,0.3,664.0,46163.0,0.322,0,1,1,-0.394,0
58.0,50447.0,4286.0,5.4,554.0,12791.0,0.237,3,2,0,-0.604,1
29.0,46184.0,3891.0,0.8,708.0,21608.0,0.255,1,1,1,-0.928,0
36.0,52315.0,4359.0,5.4,767.0,5398.0,0.222,2,2,0,0.272,0
42.0,60431.0,4826.0,15.2,703.0,9734.0,0.254,1,3,0,0.181,0
29.0,43446.0,3658.0,8.1,603.0,13637.0,0.356,5,0,0,0.361,1
41.0,69062.0,5650.0,1.9,558.0,4606.0,0.223,0,2,1,2.453,0
36.0,35670.0,2967.0,7.9,601.0,3799.0,0.407,0,2,0,1.553,0
35.0,48015.0,4031.0,5.7,670.0,2665.0,0.201,2,2,0,-0.039,0
39.0,20302.0,1737.0,7.4,764.0,3783.0,0.32,0,6,0,-0.453,0
39.0,93209.0,8054.0,1.3,607.0,62371.0,0.384,2,3,1,1.244,1
40.0,50810.0,4156.0,5.7,617.0,15932.0,0.345,0,2,0,0.764,1
31.0,74357.0,6033.0,2.9,733.0,54046.0,0.115,1,1,0,0.327,0
32.0,68155.0,5717.0,8.5,634.0,48643.0,0.313,1,2,0,0.692,0
37.0,70439.0,5898.0,10.7,785.0,49138.0,0.226,0,1,0,-0.984,0
38.0,54808.0,4458.0,11.1,655.0,11449.0,0.168,0,1,0,0.832,0
33.0,65499.0,5456.0,6.8,745.0,20095.0,0.322,0,4,0,-0.535,0
42.0,35686.0,3009.0,7.4,690.0,14319.0,0.175,1,3,0,-0.124,0
21.0,32470.0,2639.0,0.2,710.0,12134.0,0.324,0,3,1,0.75,0
30.0,52554.0,4292.0,0.1,648.0,5777.0,0.446,1,2,1,0.929,0
35.0,40505.0,3332.0,2.2,653.0,9282.0,0.33,3,3,0,-2.086,0
29.0,104459.0,8668.0,1.9,690.0,53813.0,0.277,1,1,0,1.612,0
56.0,65115.0,5502.0,35.0,733.0,36295.0,0.284,0,4,1,0.964,0
38.0,39842.0,3298.0,17.7,706.0,12888.0,0.391,0,4,0,-0.806,0
40.0,48674.0,4061.0,15.3,544.0,13276.0,0.269,3,4,0,-0.393,1
33.0,58392.0,5085.0,7.7,682.0,28586.0,0.253,0,4,0,0.241,0
38.0,53342.0,4360.0,11.9,620.0,29210.0,0.207,1,0,0,-0.354,1
25.0,62154.0,5112.0,2.8,623.0,36251.0,0.211,1,4,0,-1.282,1
36.0,56726.0,4791.0,10.4,697.0,37338.0,0.389,0,3,0,-0.858,0
28.0,29416.0,2500.0,1.7,780.0,14352.0,0.251,1,1,0,0.695,0
35.0,20893.0,1756.0,14.6,651.0,6982.0,0.356,2,3,0,-1.034,0
21.0,46489.0,4014.0,0.8,798.0,14454.0,0.364,2,4,0,-0.037,0
26.0,70778.0,5936.0,1.3,584.0,5362.0,0.204,4,3,0,0.473,1
54.0,46724.0,3740.0,17.5,755.0,16927.0,0.22,1,3,0,0.291,0
47.0,95946.0,8011.0,21.4,701.0,67314.0,0.358,0,4,0,-0.334,0
53.0,53852.0,4436.0,29.6,689.0,28043.0,0.314,0,2,1,-0.589,0
53.0,101298.0,8675.0,12.8,763.0,50122.0,0.282,0,6,0,-1.086,1
45.0,92360.0,7845.0,12.3,622.0,20121.0,0.346,2,0,1,0.368,0
33.0,88271.0,7122.0,4.0,751.0,43876.0,0.401,0,5,0,-0.878,0
27.0,32001.0,2739.0,2.5,647.0,5930.0,0.296,0,2,0,2.076,0
51.0,55426.0,4706.0,7.0,619.0,16947.0,0.243,1,5,0,-0.228,0
39.0,95353.0,7894.0,0.6,567.0,46567.0,0.312,1,4,0,0.268,1
65.0,62171.0,5173.0,18.9,780.0,5225.0,0.22,0,2,0,-0.649,0
34.0,70583.0,6046.0,6.6,743.0,20015.0,0.314,0,1,0,0.664,0
60.0,29453.0,2358.0,31.0,642.0,3428.0,0.3,2,4,0,-1.899,0
36.0,130424.0,10965.0,8.5,702.0,22559.0,0.218,0,1,0,0.428,0
53.0,38521.0,3280.0,10.7,674.0,12100.0,0.26,3,0,0,-0.232,0
57.0,22417.0,1865.0,17.0,644.0,12769.0,0.268,2,1,0,2.76,0
27.0,46961.0,3964.0,5.4,730.0,11767.0,0.373,0,3,0,-0.046,0
33.0,18283.0,1527.0,6.1,619.0,1189.0,0.212,1,2,1,-0.788,0
27.0,33752.0,2769.0,3.7,508.0,11789.0,0.219,3,7,0,0.958,1
24.0,173932.0,14260.0,0.8,679.0,37528.0,0.263,0,4,0,0.191,0
45.0,46354.0,3918.0,0.2,665.0,29375.0,0.356,2,2,0,-1.412,1
36.0,28929.0,2380.0,14.7,626.0,19280.0,0.373,0,3,0,1.69,1
39.0,55630.0,4494.0,5.0,600.0,30776.0,0.326,2,1,0,-1.244,1
44.0,36720.0,3067.0,8.4,555.0,18718.0,0.371,1,7,0,-0.396,1
21.0,81155.0,6694.0,0.1,635.0,48528.0,0.416,1,8,0,0.328,0
52.0,36857.0,2998.0,16.5,607.0,12236.0,0.316,2,2,1,0.117,0
34.0,62126.0,5185.0,10.4,733.0,33446.0,0.22,1,3,0,0.877,0
44.0,32824.0,2777.0,16.4,704.0,11974.0,0.292,0,1,0,-1.316,0
45.0,177132.0,14767.0,21.2,637.0,65959.0,0.164,1,3,0,-0.181,0
53.0,68990.0,5627.0,9.5,701.0,44261.0,0.339,0,3,0,-0.824,1
37.0,51514.0,4334.0,5.3,655.0,33139.0,0.251,1,8,0,0.643,0
21.0,48207.0,4100.0,1.0,642.0,16889.0,0.311,0,4,0,0.957,0
39.0,42872.0,3731.0,8.5,660.0,32277.0,0.292,1,4,0,-0.314,0
40.0,39053.0,3348.0,16.9,792.0,17814.0,0.262,1,3,0,-0.118,0
27.0,38573.0,3150.0,4.1,707.0,16022.0,0.323,0,1,0,-0.506,0
40.0,117048.0,9921.0,3.5,641.0,49881.0,0.288,3,0,0,-1.064,0
34.0,42891.0,3593.0,13.4,729.0,27215.0,0.237,2,2,0,0.628,1
23.0,21096.0,1718.0,1.0,721.0,16363.0,0.19,0,2,0,-0.958,0
45.0,32546.0,2728.0,16.3,686.0,18471.0,0.336,0,4,0,-0.013,0
32.0,83497.0,7225.0,3.0,639.0,25547.0,0.179,2,3,0,0.621,0
34.0,49096.0,4189.0,7.8,636.0,21485.0,0.479,4,2,0,-1.492,1
33.0,51780.0,4228.0,7.0,588.0,14519.0,0.429,1,2,1,0.166,1
52.0,93107.0,7761.0,8.2,677.0,50302.0,0.141,2,3,1,-1.06,0
38.0,38769.0,3262.0,17.4,626.0,30992.0,0.363,1,5,1,0.379,0
39.0,73107.0,5881.0,2.7,631.0,51080.0,0.414,2,5,1,0.07,1
33.0,40723.0,3278.0,5.8,707.0,16475.0,0.241,1,5,0,-0.708,0
43.0,71270.0,5958.0,0.7,778.0,21854.0,0.335,0,3,0,0.295,0
53.0,46123.0,3857.0,22.4,697.0,17967.0,0.287,0,4,0,0.52,0
45.0,49335.0,3960.0,11.6,658.0,14168.0,0.368,0,6,0,-1.213,0
46.0,79551.0,6681.0,14.3,666.0,63141.0,0.255,2,3,0,0.115,1
45.0,77011.0,6557.0,17.2,748.0,15512.0,0.401,0,4,1,-0.692,0
23.0,51054.0,4236.0,2.2,688.0,33559.0,0.286,2,1,0,0.734,0
28.0,44483.0,3711.0,8.1,678.0,16048.0,0.268,1,2,0,-2.268,0
36.0,112950.0,9520.0,13.6,685.0,60853.0,0.365,1,1,0,0.435,0
30.0,71703.0,6028.0,3.2,562.0,53212.0,0.39,3,7,1,-1.303,1
26.0,46123.0,3715.0,4.6,690.0,22788.0,0.066,0,1,0,-0.46,0
21.0,40995.0,3354.0,0.1,599.0,21015.0,0.02,1,0,0,1.37,0
23.0,87229.0,7212.0,0.4,688.0,6717.0,0.334,1,4,0,-1.496,0
35.0,57932.0,4745.0,7.0,612.0,8494.0,0.234,0,5,0,0.225,0
37.0,51097.0,4383.0,7.9,705.0,23269.0,0.168,0,1,0,-1.039,0
29.0,57921.0,4888.0,4.7,652.0,18997.0,0.263,0,0,1,1.345,0
39.0,64029.0,5217.0,9.0,584.0,32454.0,0.591,2,2,0,0.373,0
33.0,53615.0,4449.0,8.5,644.0,18132.0,0.167,0,6,0,2.641,0
50.0,94537.0,8056.0,28.6,829.0,17132.0,0.389,1,0,0,0.148,0
36.0,96935.0,7973.0,2.8,502.0,62772.0,0.224,3,1,0,0.889,1
46.0,69873.0,5922.0,9.2,676.0,47783.0,0.155,0,4,0,-0.133,0
40.0,102100.0,8744.0,1.5,590.0,79232.0,0.239,1,2,1,1.894,1
23.0,55211.0,4713.0,0.5,757.0,11072.0,0.158,1,1,0,0.098,0
37.0,75037.0,6276.0,16.8,726.0,21281.0,0.143,0,0,0,1.329,0
24.0,86430.0,7383.0,0.2,673.0,22523.0,0.228,1,0,1,-1.763,0
37.0,86999.0,7174.0,3.6,726.0,65039.0,0.191,1,6,0,0.086,0
30.0,83057.0,7266.0,4.2,679.0,41367.0,0.285,1,5,0,-0.454,1
42.0,73066.0,6118.0,6.5,664.0,54202.0,0.317,3,4,0,0.743,0
23.0,132693.0,11311.0,1.8,619.0,95241.0,0.221,2,5,0,1.234,1
38.0,43141.0,3569.0,18.0,644.0,10093.0,0.363,4,1,0,1.907,1
44.0,51289.0,4317.0,17.1,636.0,19022.0,0.234,3,0,0,-1.174,0
48.0,49939.0,4207.0,11.4,666.0,17989.0,0.285,0,3,0,1.188,1
30.0,46605.0,3812.0,6.6,531.0,19349.0,0.083,2,2,0,-0.301,0
38.0,22475.0,1837.0,15.9,740.0,17941.0,0.308,0,0,1,1.313,0
40.0,102107.0,8474.0,4.6,799.0,18413.0,0.525,0,3,0,0.057,0
55.0,34661.0,2952.0,25.1,642.0,21813.0,0.379,2,1,1,1.582,0
22.0,59368.0,4766.0,1.0,743.0,13104.0,0.283,1,4,0,-0.646,0
28.0,29006.0,2400.0,5.9,654.0,17535.0,0.184,0,3,0,0.971,0
69.0,72723.0,6219.0,4.1,620.0,14692.0,0.463,1,6,0,-1.222,1
35.0,38625.0,3139.0,11.0,639.0,17200.0,0.284,1,0,0,-1.26,0
21.0,32988.0,2818.0,0.8,666.0,18171.0,0.233,0,1,0,-1.18,0
32.0,60027.0,4889.0,8.0,613.0,22444.0,0.235,2,3,0,-0.165,0
21.0,40125.0,3282.0,0.2,703.0,31082.0,0.507,0,6,0,-0.209,1
41.0,42477.0,3529.0,3.3,625.0,24601.0,0.288,0,6,0,0.482,1
47.0,59420.0,5137.0,19.9,595.0,9982.0,0.345,1,2,0,0.295,0
28.0,78833.0,6485.0,5.2,661.0,25944.0,0.28,0,1,1,-0.167,0
33.0,38056.0,3061.0,12.6,618.0,10864.0,0.293,3,3,1,0.356,1
48.0,35209.0,2852.0,12.8,643.0,9564.0,0.258,0,3,0,-0.253,0
21.0,55584.0,4718.0,0.2,656.0,11607.0,0.442,0,1,0,0.605,1
23.0,70105.0,5684.0,2.7,568.0,13270.0,0.304,1,3,0,-0.929,0
35.0,106226.0,9063.0,11.6,768.0,74637.0,0.159,0,2,0,0.512,0
30.0,33962.0,2834.0,5.1,719.0,26898.0,0.339,1,1,0,-1.624,0
35.0,47667.0,3970.0,11.0,621.0,8105.0,0.289,3,4,0,1.586,1
24.0,93358.0,7826.0,1.3,659.0,60070.0,0.338,0,0,0,-1.054,1
40.0,133650.0,10959.0,4.4,707.0,29491.0,0.267,0,2,0,-1.137,0
36.0,35179.0,2940.0,2.1,676.0,15523.0,0.246,2,3,1,1.466,0
44.0,39443.0,3209.0,7.0,795.0,7804.0,0.389,1,0,0,-0.53,1
40.0,65289.0,5588.0,13.2,650.0,16540.0,0.486,1,1,0,1.357,0
40.0,42408.0,3461.0,5.2,746.0,15183.0,0.114,1,0,1,0.062,0
22.0,39083.0,3285.0,1.8,567.0,22620.0,0.308,3,1,1,-1.623,1
43.0,61396.0,5010.0,5.8,580.0,24898.0,0.246,0,3,0,-0.23,0
34.0,110451.0,9106.0,9.8,783.0,72626.0,0.209,0,3,0,-2.332,0
36.0,30510.0,2524.0,8.5,634.0,3736.0,0.084,0,3,0,0.458,0
50.0,107941.0,9531.0,6.2,581.0,51691.0,0.336,1,1,0,0.876,0
30.0,42465.0,3538.0,5.6,659.0,5522.0,0.252,0,4,0,0.582,0
53.0,64260.0,5267.0,31.4,764.0,8890.0,0.246,0,1,0,-0.733,0
54.0,112530.0,9294.0,32.0,623.0,31697.0,0.42,2,3,0,0.196,0
46.0,63671.0,5146.0,7.7,661.0,8197.0,0.256,1,2,0,-1.348,0
27.0,48109.0,3996.0,3.9,532.0,30385.0,0.252,2,4,0,0.527,1
21.0,75983.0,6566.0,0.2,627.0,32714.0,0.166,1,3,0,0.606,0
50.0,50877.0,4268.0,14.0,737.0,27139.0,0.209,0,2,0,-0.635,0
39.0,69543.0,5900.0,6.2,608.0,6412.0,0.447,2,1,1,-0.768,1
30.0,50160.0,4104.0,9.1,576.0,10965.0,0.361,2,4,0,-1.018,1
51.0,81033.0,6725.0,19.6,615.0,35854.0,0.429,1,5,0,1.537,1
29.0,29369.0,2457.0,1.6,618.0,3275.0,0.216,0,1,0,-0.747,0
33.0,34857.0,2863.0,13.2,720.0,5941.0,0.336,0,1,0,1.195,0
44.0,29175.0,2451.0,16.5,695.0,1938.0,0.405,0,1,1,-0.164,0
26.0,53621.0,4523.0,0.8,700.0,39337.0,0.358,1,4,0,-1.429,1
37.0,27634.0,2328.0,13.4,669.0,10319.0,0.458,0,3,1,-0.703,0
50.0,40286.0,3347.0,16.7,625.0,3375.0,0.34,1,2,0,-0.198,0
40.0,33413.0,2845.0,8.1,610.0,13211.0,0.3,0,2,0,-0.628,1
52.0,107038.0,8874.0,6.2,693.0,76603.0,0.065,1,3,0,0.705,0
50.0,35217.0,2914.0,8.5,775.0,6778.0,0.342,1,2,0,-0.493,0
38.0,30827.0,2643.0,3.0,596.0,7041.0,0.36,1,0,1,0.079,0
21.0,61503.0,5012.0,0.8,589.0,48383.0,0.415,2,3,1,-0.311,1
26.0,117496.0,9458.0,1.6,581.0,81123.0,0.221,3,3,0,-0.331,1
46.0,52201.0,4275.0,12.4,724.0,24085.0,0.297,2,0,0,-0.578,1
21.0,54050.0,4539.0,1.0,658.0,10243.0,0.141,0,1,0,-0.358,0
34.0,98315.0,8403.0,14.3,706.0,21103.0,0.139,0,4,0,1.289,0
42.0,81658.0,6715.0,17.2,633.0,56841.0,0.351,0,0,0,-0.142,1
54.0,66604.0,5752.0,27.3,717.0,37075.0,0.427,0,0,0,0.489,0
32.0,42321.0,3529.0,11.0,645.0,13255.0,0.43,5,1,1,0.649,1
31.0,67526.0,5614.0,8.7,556.0,4691.0,0.344,2,5,0,-1.019,1
37.0,29814.0,2442.0,7.9,729.0,4532.0,0.505,1,4,1,-1.145,0
42.0,41541.0,3597.0,1.3,658.0,24797.0,0.261,0,2,0,-1.495,0
36.0,104741.0,8702.0,3.4,640.0,56200.0,0.39,0,6,0,-0.822,1
50.0,98813.0,8015.0,13.1,686.0,31530.0,0.168,1,4,0,0.63,0
29.0,66967.0,5855.0,2.4,560.0,33080.0,0.02,2,2,0,-1.798,0
39.0,23084.0,1939.0,6.4,693.0,14227.0,0.252,1,2,1,0.39,0
43.0,31933.0,2704.0,1.3,619.0,17016.0,0.288,0,2,0,-0.912,1
34.0,40511.0,3489.0,7.5,653.0,9303.0,0.323,1,3,0,0.529,1
47.0,50910.0,4295.0,9.6,745.0,38877.0,0.281,0,1,0,-0.6,0
40.0,31332.0,2662.0,5.1,707.0,2122.0,0.336,0,4,0,0.46,0
47.0,49229.0,4107.0,16.3,656.0,23000.0,0.474,3,2,0,0.629,0
40.0,121829.0,10301.0,5.6,656.0,26496.0,0.374,4,2,0,-0.816,1
42.0,65872.0,5486.0,10.5,486.0,38248.0,0.223,3,4,0,-0.411,1
31.0,60692.0,5056.0,2.7,604.0,28607.0,0.049,0,1,1,-0.618,1
31.0,34794.0,2906.0,7.5,675.0,6847.0,0.192,0,2,0,-0.201,0
51.0,26306.0,2175.0,26.9,620.0,11296.0,0.434,2,3,1,-0.174,0
45.0,31647.0,2664.0,2.0,568.0,13919.0,0.25,3,6,0,0.477,1
27.0,25832.0,2174.0,5.5,696.0,9434.0,0.368,1,0,1,2.251,0
40.0,56889.0,4818.0,17.0,760.0,4644.0,0.364,1,4,0,1.262,0
21.0,65371.0,5517.0,1.0,610.0,13407.0,0.294,1,5,1,-1.445,0
32.0,35622.0,3087.0,9.7,726.0,27664.0,0.291,0,5,0,-1.112,1
49.0,58786.0,5002.0,15.8,719.0,11250.0,0.234,1,2,0,0.481,0
37.0,106525.0,8840.0,1.2,592.0,41979.0,0.523,2,1,0,-0.888,1
39.0,132727.0,11161.0,1.4,610.0,35907.0,0.204,0,3,0,-0.701,0
21.0,77790.0,6666.0,0.2,786.0,48046.0,0.412,0,2,0,-1.151,0
34.0,50839.0,4156.0,6.1,585.0,24584.0,0.383,4,3,0,-0.194,1
42.0,76668.0,6646.0,20.8,628.0,44970.0,0.362,1,10,0,-1.351,1
43.0,101053.0,8291.0,4.1,800.0,53329.0,0.288,1,6,0,1.094,0
49.0,22289.0,1891.0,15.4,628.0,9535.0,0.152,2,1,1,0.761,0
36.0,107154.0,8931.0,15.7,763.0,82558.0,0.185,0,0,0,-1.634,0
36.0,43046.0,3584.0,0.2,589.0,24854.0,0.223,1,3,0,0.607,1
23.0,43233.0,3509.0,0.2,670.0,24497.0,0.337,3,2,1,0.529,0
36.0,46881.0,3978.0,4.3,738.0,26622.0,0.389,1,2,0,0.401,1
24.0,63521.0,5157.0,0.9,628.0,25414.0,0.331,0,1,0,0.131,0
21.0,33357.0,2700.0,0.5,667.0,17746.0,0.326,2,4,1,0.024,0
26.0,48384.0,4126.0,2.5,713.0,24355.0,0.404,0,1,0,0.383,0
55.0,69666.0,6013.0,20.2,607.0,49896.0,0.091,0,2,0,-1.098,0
35.0,60685.0,4990.0,2.2,818.0,47585.0,0.079,0,6,0,-0.531,0
40.0,65281.0,5549.0,14.0,740.0,26914.0,0.145,0,2,0,1.451,0
32.0,47539.0,4025.0,2.7,636.0,23799.0,0.393,1,5,0,0.027,1
21.0,75151.0,6251.0,0.5,644.0,20118.0,0.099,3,3,0,0.269,0
48.0,88475.0,7570.0,0.9,794.0,60524.0,0.299,0,7,0,1.644,0
21.0,86119.0,7153.0,0.8,636.0,50208.0,0.209,1,1,0,0.774,0
32.0,66670.0,5613.0,7.5,631.0,49535.0,0.316,4,0,0,2.141,1
37.0,83918.0,6818.0,3.6,742.0,42274.0,0.286,0,0,0,-0.224,1
41.0,81395.0,6619.0,12.4,568.0,47330.0,0.325,0,3,0,-0.329,1
30.0,183417.0,15642.0,4.4,657.0,22259.0,0.26,0,2,0,-0.2,0
21.0,95151.0,8017.0,0.8,666.0,48056.0,0.371,0,1,0,0.447,0
29.0,52847.0,4391.0,9.0,615.0,17576.0,0.446,1,2,1,0.953,1
30.0,36491.0,3157.0,1.2,551.0,15730.0,0.426,2,4,0,0.483,1
29.0,48902.0,4230.0,4.7,667.0,14423.0,0.264,2,2,0,0.778,0
49.0,47372.0,3982.0,7.4,712.0,12574.0,0.213,2,2,0,-0.902,0
25.0,69233.0,5601.0,3.5,614.0,46077.0,0.32,1,7,0,-0.16,1
41.0,40134.0,3337.0,0.7,578.0,18791.0,0.498,0,3,0,0.985,0
40.0,94049.0,7707.0,10.8,753.0,22563.0,0.295,0,3,0,-0.138,0
49.0,29430.0,2457.0,24.5,709.0,18395.0,0.384,1,0,0,-1.307,0
37.0,26382.0,2157.0,6.4,638.0,2799.0,0.378,2,5,0,1.228,0
47.0,51756.0,4210.0,22.4,736.0,13967.0,0.377,0,2,1,-0.883,0
36.0,37644.0,2995.0,2.4,678.0,11377.0,0.427,1,4,0,-0.135,0
43.0,31222.0,2611.0,20.9,796.0,5720.0,0.168,0,4,1,0.049,0
21.0,41291.0,3283.0,1.2,707.0,28161.0,0.204,0,1,0,-1.791,0
21.0,39043.0,3233.0,0.4,563.0,21685.0,0.305,3,5,1,-1.018,1
42.0,55251.0,4668.0,2.9,615.0,30539.0,0.423,1,3,0,-0.475,0
43.0,41601.0,3417.0,11.8,623.0,20573.0,0.423,1,1,0,0.931,1
43.0,43152.0,3518.0,15.6,689.0,14401.0,0.295,1,6,1,0.238,0
32.0,54880.0,4567.0,1.6,640.0,29869.0,0.4,1,0,0,2.636,1
54.0,86812.0,7114.0,32.1,597.0,52279.0,0.258,1,1,0,1.937,0
33.0,106609.0,8917.0,9.9,706.0,48386.0,0.217,1,3,0,-0.238,0
43.0,58782.0,4797.0,21.5,741.0,23691.0,0.167,2,5,1,0.188,0
45.0,60875.0,5062.0,7.3,656.0,13249.0,0.286,0,2,0,-0.925,1
57.0,50648.0,4191.0,16.0,683.0,5723.0,0.265,1,3,0,-0.768,0
35.0,68299.0,5690.0,3.5,594.0,5531.0,0.4,2,5,0,-0.89,0
31.0,65558.0,5642.0,3.0,625.0,38396.0,0.356,3,2,1,-1.764,0
22.0,99880.0,8357.0,0.2,626.0,31111.0,0.305,2,2,0,-1.073,0
55.0,23510.0,1979.0,4.4,701.0,13666.0,0.306,0,6,0,1.477,0
43.0,49492.0,4073.0,15.2,686.0,21328.0,0.258,0,1,0,0.587,0
43.0,64070.0,5363.0,3.6,639.0,24677.0,0.122,1,1,0,-2.0,0
70.0,54353.0,4505.0,6.7,637.0,28356.0,0.182,2,2,0,-0.476,1
42.0,36043.0,3005.0,11.5,528.0,6756.0,0.379,4,0,0,0.76,0
24.0,30650.0,2587.0,2.6,774.0,24052.0,0.286,0,1,0,-0.687,1
36.0,79058.0,6522.0,12.3,520.0,23533.0,0.169,0,2,1,0.315,0
27.0,39123.0,3234.0,4.2,692.0,24526.0,0.437,0,3,0,-2.382,0
34.0,24969.0,2060.0,2.8,664.0,5890.0,0.47,1,1,1,-1.691,0
34.0,80866.0,6671.0,7.8,645.0,32423.0,0.42,3,6,1,-0.643,0
32.0,67618.0,5654.0,7.2,663.0,28703.0,0.342,1,4,0,0.077,1
23.0,52206.0,4319.0,0.7,614.0,14617.0,0.329,2,0,1,0.31,0
56.0,36444.0,3128.0,5.1,708.0,11351.0,0.298,1,4,0,-1.909,0
41.0,52263.0,4589.0,19.7,578.0,19675.0,0.316,5,2,0,-0.081,1
36.0,95045.0,7830.0,1.5,684.0,64359.0,0.363,0,1,1,0.924,1
46.0,26595.0,2229.0,7.3,616.0,11304.0,0.371,2,6,0,-1.297,1
43.0,27209.0,2314.0,5.4,633.0,3168.0,0.345,3,4,1,-0.043,0
41.0,41465.0,3437.0,18.8,641.0,8812.0,0.02,0,4,0,0.116,0
46.0,54345.0,4439.0,12.8,655.0,42906.0,0.415,1,3,1,0.712,0
39.0,43992.0,3793.0,18.6,704.0,5165.0,0.32,1,4,1,0.309,0
45.0,73450.0,6205.0,21.0,668.0,39354.0,0.164,1,4,0,-0.046,0
46.0,89775.0,7529.0,19.8,735.0,18706.0,0.32,0,3,0,-0.364,0
40.0,62351.0,5347.0,3.5,735.0,23316.0,0.33,0,2,0,-0.045,0
36.0,70777.0,5989.0,5.4,684.0,22490.0,0.143,1,2,0,1.786,0
55.0,62164.0,5175.0,28.6,722.0,48667.0,0.236,0,2,0,-1.185,0
33.0,55236.0,4513.0,12.5,808.0,25599.0,0.189,0,1,0,-1.075,0
42.0,30730.0,2536.0,19.6,571.0,7296.0,0.203,2,2,0,0.211,0
43.0,34631.0,2955.0,21.4,746.0,17408.0,0.357,2,3,0,-1.346,0
31.0,29947.0,2530.0,7.2,772.0,3101.0,0.238,1,1,0,-1.444,0
29.0,51445.0,4271.0,4.4,693.0,38326.0,0.309,0,3,1,2.408,0
34.0,61060.0,5268.0,7.3,797.0,18818.0,0.374,0,3,0,0.137,0
33.0,28650.0,2380.0,5.8,787.0,20414.0,0.257,0,3,0,0.497,0
22.0,56826.0,4829.0,0.3,637.0,37329.0,0.378,1,3,0,-0.13,0
31.0,37095.0,3105.0,3.3,643.0,7051.0,0.436,0,2,0,0.88,0
41.0,33994.0,2942.0,1.9,698.0,26234.0,0.385,0,7,0,0.27,0
52.0,41510.0,3511.0,2.8,618.0,32949.0,0.36,1,2,1,-1.002,1
44.0,33219.0,2771.0,7.5,850.0,21724.0,0.385,0,2,0,0.398,0
21.0,72264.0,6000.0,0.7,716.0,28083.0,0.339,1,5,1,-0.66,0
45.0,50995.0,4248.0,15.4,671.0,28272.0,0.385,0,4,0,-0.355,0
32.0,79375.0,6519.0,6.6,565.0,8770.0,0.183,3,2,0,-0.633,0
43.0,45049.0,3652.0,17.2,686.0,33374.0,0.293,2,2,0,-1.601,0
38.0,45822.0,3842.0,7.5,581.0,9912.0,0.339,2,2,0,0.68,1
36.0,127786.0,10535.0,7.0,717.0,75078.0,0.293,2,3,0,-1.445,1
37.0,26495.0,2184.0,8.7,489.0,17252.0,0.55,2,4,0,0.034,1
38.0,98037.0,8155.0,1.2,757.0,76193.0,0.281,0,6,0,-2.359,0
53.0,115801.0,9660.0,19.1,640.0,77338.0,0.122,0,2,0,0.999,0
38.0,77630.0,6470.0,13.3,548.0,51510.0,0.306,1,1,1,0.091,0
50.0,47400.0,4087.0,7.9,663.0,27446.0,0.383,0,3,0,-0.248,1
48.0,104526.0,8826.0,24.2,673.0,50432.0,0.213,1,3,0,-0.055,0
45.0,47586.0,4133.0,6.7,659.0,3874.0,0.296,0,0,0,0.298,0
21.0,40034.0,3307.0,0.5,757.0,31208.0,0.293,0,2,0,0.535,0
50.0,46183.0,3909.0,26.5,700.0,17860.0,0.294,1,5,0,0.802,0
33.0,42553.0,3519.0,9.6,721.0,27557.0,0.24,1,4,1,1.135,0
46.0,35922.0,2960.0,14.9,650.0,11961.0,0.41,4,5,0,1.911,1
27.0,90635.0,7877.0,4.5,692.0,35533.0,0.517,0,2,1,0.201,0
25.0,38833.0,3186.0,0.5,569.0,15408.0,0.216,1,1,0,-0.728,1
60.0,54271.0,4321.0,27.8,692.0,43010.0,0.169,1,4,0,0.072,0
27.0,28721.0,2360.0,4.6,609.0,5989.0,0.256,4,4,0,-2.281,0
51.0,55768.0,4461.0,2.6,754.0,23775.0,0.441,1,3,0,-1.272,0
39.0,32693.0,2673.0,2.4,666.0,5428.0,0.274,1,7,0,0.213,1
33.0,32334.0,2648.0,13.0,713.0,13599.0,0.337,0,3,1,-0.544,0
38.0,52361.0,4366.0,3.1,680.0,24058.0,0.209,1,6,0,0.558,0
24.0,88497.0,7072.0,3.3,788.0,13495.0,0.478,1,3,1,-0.176,0
38.0,67055.0,5722.0,4.9,553.0,38469.0,0.27,1,0,1,0.113,0
26.0,69161.0,5547.0,2.4,653.0,46406.0,0.325,0,6,0,-0.376,0
34.0,51877.0,4312.0,7.6,597.0,34343.0,0.22,1,1,1,0.419,0
48.0,47290.0,3915.0,17.6,525.0,28228.0,0.211,2,3,0,-0.576,1
41.0,78519.0,6651.0,10.4,593.0,12223.0,0.3,2,3,0,-1.344,0
22.0,42687.0,3582.0,0.6,742.0,22031.0,0.31,0,3,0,1.023,0
47.0,80064.0,6830.0,13.6,665.0,45938.0,0.386,0,2,1,0.531,0
38.0,95920.0,7936.0,12.6,651.0,59424.0,0.131,2,1,0,0.542,1
32.0,37664.0,3110.0,4.8,717.0,21922.0,0.205,0,5,0,1.789,0
46.0,40239.0,3381.0,14.3,675.0,20989.0,0.231,1,2,0,-1.148,0
36.0,43025.0,3659.0,6.1,706.0,25634.0,0.312,1,3,0,0.919,0
25.0,28423.0,2408.0,1.7,683.0,19590.0,0.187,1,2,0,0.198,1
58.0,44527.0,3734.0,11.5,704.0,21239.0,0.29,1,3,0,-1.591,0
38.0,98789.0,8271.0,4.0,631.0,15705.0,0.236,0,0,0,0.241,0
37.0,34358.0,2861.0,13.0,740.0,22744.0,0.286,2,3,0,0.64,1
34.0,99850.0,8389.0,13.3,582.0,54495.0,0.223,0,2,0,-1.06,0
51.0,45254.0,3925.0,0.9,654.0,25566.0,0.199,2,4,0,-0.562,0
32.0,142401.0,11809.0,2.4,738.0,38542.0,0.329,1,5,0,-0.407,0
21.0,40468.0,3348.0,1.0,650.0,6566.0,0.411,0,3,0,-0.967,0
31.0,51549.0,4258.0,3.6,632.0,32762.0,0.381,1,0,0,0.828,1
53.0,36516.0,3067.0,12.7,827.0,3179.0,0.411,1,3,1,1.586,0
47.0,40361.0,3221.0,18.0,768.0,14197.0,0.423,3,0,0,-0.514,0
35.0,100435.0,8347.0,5.4,673.0,43353.0,0.284,1,4,0,-0.169,0
53.0,68093.0,5774.0,16.3,600.0,4295.0,0.487,4,3,1,0.27,0
46.0,87383.0,7205.0,23.6,529.0,43495.0,0.376,5,0,1,1.101,1
35.0,30427.0,2545.0,8.5,714.0,4251.0,0.205,1,3,0,-1.535,0
36.0,73848.0,6414.0,10.8,754.0,17065.0,0.233,0,0,0,0.195,0
42.0,35523.0,2980.0,4.7,690.0,28247.0,0.315,0,3,0,-0.691,0
29.0,30131.0,2398.0,2.3,541.0,14168.0,0.388,3,2,0,-0.015,1
38.0,61239.0,4959.0,16.1,679.0,47534.0,0.277,1,6,1,-0.166,0
41.0,60957.0,5054.0,19.6,636.0,25570.0,0.203,0,1,1,0.749,0
21.0,56336.0,4619.0,0.8,672.0,36763.0,0.379,0,2,1,0.302,0
36.0,75962.0,6343.0,1.9,797.0,5962.0,0.188,0,3,0,-0.465,0
35.0,81487.0,6751.0,12.0,721.0,21875.0,0.33,1,4,0,-0.266,0
49.0,106560.0,9087.0,0.6,701.0,27963.0,0.304,0,3,0,0.425,0
21.0,32191.0,2624.0,0.6,657.0,3295.0,0.166,1,9,0,-0.968,0
34.0,108120.0,8973.0,9.3,694.0,82612.0,0.478,1,1,0,0.816,0
33.0,128300.0,10738.0,5.4,612.0,54978.0,0.302,2,2,1,-1.652,0
49.0,46643.0,3913.0,13.7,706.0,23076.0,0.181,0,0,0,2.325,0
38.0,25959.0,2170.0,13.0,653.0,11431.0,0.305,1,1,0,1.463,0
58.0,29511.0,2341.0,33.8,619.0,6977.0,0.127,5,5,1,0.096,0
45.0,44679.0,3729.0,4.8,719.0,33207.0,0.336,1,3,1,0.503,0
33.0,136142.0,11311.0,1.9,505.0,75116.0,0.386,3,3,0,-0.375,1
41.0,55424.0,4699.0,13.0,628.0,7909.0,0.57,0,2,0,-0.171,1
34.0,41662.0,3522.0,3.3,705.0,16513.0,0.31,1,1,0,0.398,0
47.0,40403.0,3383.0,5.3,748.0,2065.0,0.234,0,0,1,-0.163,0
23.0,30329.0,2543.0,0.7,693.0,16865.0,0.321,1,2,0,-0.461,0
29.0,81524.0,6977.0,1.8,614.0,36089.0,0.444,1,2,0,0.813,1
43.0,52768.0,4498.0,11.0,662.0,38423.0,0.35,1,2,0,-0.277,0
51.0,141494.0,11856.0,30.4,696.0,107606.0,0.383,0,5,0,0.055,0
21.0,72968.0,6342.0,0.8,770.0,9021.0,0.376,1,2,0,-0.198,0
53.0,79902.0,6575.0,18.0,733.0,9358.0,0.351,1,5,0,0.04,0
36.0,49323.0,4013.0,1.3,726.0,35725.0,0.16,0,1,1,0.018,0
21.0,33662.0,2805.0,0.7,665.0,14612.0,0.154,0,1,0,-1.16,0
21.0,37122.0,3070.0,0.5,585.0,14933.0,0.142,0,2,0,-2.251,0
21.0,29701.0,2353.0,0.9,562.0,14200.0,0.18,3,2,0,-0.423,1
38.0,82848.0,6814.0,8.8,643.0,33123.0,0.192,1,2,0,0.717,0
37.0,46253.0,3881.0,11.5,715.0,23621.0,0.486,1,3,1,0.76,0
45.0,84433.0,7028.0,5.0,627.0,64321.0,0.229,3,1,0,0.093,1
32.0,58469.0,4797.0,10.0,705.0,29497.0,0.31,1,2,0,-1.019,0
26.0,48210.0,4021.0,4.5,607.0,14007.0,0.276,3,4,0,-1.66,0
33.0,32493.0,2714.0,5.0,618.0,6825.0,0.319,2,4,0,0.453,1
38.0,62996.0,5325.0,17.7,767.0,48796.0,0.307,0,2,0,1.255,0
41.0,49847.0,4101.0,3.3,715.0,24153.0,0.174,1,3,0,0.078,0
29.0,82543.0,6999.0,0.2,639.0,39208.0,0.36,0,4,1,1.641,0
48.0,39861.0,3249.0,21.3,613.0,2989.0,0.232,0,5,0,0.723,0
31.0,72572.0,5987.0,6.7,730.0,53616.0,0.229,1,3,0,-0.24,1
28.0,115090.0,9917.0,0.9,722.0,46289.0,0.269,0,2,1,-1.18,0
32.0,62177.0,5075.0,1.9,706.0,49730.0,0.381,0,3,0,-0.649,0
50.0,78313.0,6440.0,3.9,650.0,13775.0,0.238,0,2,0,-2.252,1
37.0,71142.0,5780.0,2.8,585.0,20962.0,0.309,1,1,0,0.373,0
30.0,129215.0,10590.0,4.8,661.0,26819.0,0.34,0,1,0,0.258,0
48.0,65010.0,5432.0,1.4,759.0,21726.0,0.326,0,4,1,0.836,0
62.0,75363.0,6369.0,21.6,607.0,58970.0,0.32,1,3,1,-0.212,0
40.0,54109.0,4507.0,12.3,669.0,19538.0,0.16,2,2,0,-0.608,0
52.0,38817.0,3214.0,23.0,786.0,26020.0,0.313,1,2,1,0.05,0
49.0,31933.0,2595.0,27.8,653.0,19685.0,0.209,1,1,0,-0.36,1
31.0,97266.0,7988.0,0.9,652.0,26599.0,0.124,2,4,0,0.753,0
38.0,34938.0,2821.0,0.6,566.0,16942.0,0.254,3,2,0,1.333,0
24.0,76936.0,6506.0,0.5,704.0,52992.0,0.248,1,1,0,-0.605,0
36.0,66323.0,5616.0,5.3,611.0,33725.0,0.596,0,3,0,1.451,1
31.0,83124.0,6921.0,5.8,554.0,20673.0,0.398,2,2,1,1.221,0
34.0,43629.0,3668.0,0.1,593.0,30426.0,0.378,1,4,0,-0.371,1
30.0,38533.0,3267.0,6.8,678.0,18000.0,0.259,2,4,1,0.211,0
35.0,65209.0,5445.0,14.2,556.0,51190.0,0.281,1,1,0,-0.409,0
44.0,48220.0,4130.0,6.0,566.0,26122.0,0.557,5,4,1,-0.291,1
37.0,31607.0,2580.0,0.1,699.0,12220.0,0.236,0,3,1,-0.938,0
21.0,131587.0,10889.0,0.8,655.0,49599.0,0.325,2,2,0,-0.997,0
30.0,38521.0,3180.0,7.5,600.0,27353.0,0.484,2,6,0,0.191,1
21.0,35170.0,2969.0,0.1,638.0,27624.0,0.228,1,2,0,-0.901,1
41.0,49322.0,3992.0,12.8,788.0,17646.0,0.315,2,2,1,-0.94,0
44.0,96652.0,8288.0,5.7,753.0,16650.0,0.298,0,2,0,1.002,0
41.0,20745.0,1748.0,13.2,659.0,1656.0,0.211,1,0,0,0.955,1
29.0,93110.0,8031.0,6.8,721.0,27168.0,0.377,1,1,1,0.134,0
41.0,36495.0,3039.0,4.6,671.0,11185.0,0.188,0,2,0,-0.403,0
33.0,61953.0,5106.0,3.3,537.0,22885.0,0.378,5,2,0,1.375,1
25.0,40574.0,3426.0,3.4,525.0,6442.0,0.343,3,4,0,-1.16,1
46.0,134787.0,11464.0,15.2,604.0,56543.0,0.39,2,4,0,0.2,1
47.0,58172.0,4778.0,23.9,562.0,44067.0,0.281,3,4,1,-1.502,1
48.0,39993.0,3200.0,14.5,686.0,8973.0,0.339,2,3,1,-0.736,0
31.0,48031.0,3856.0,9.0,626.0,27069.0,0.403,2,3,0,-0.662,0
51.0,57264.0,4797.0,22.7,701.0,4494.0,0.159,1,4,0,0.601,0
33.0,59578.0,5118.0,8.4,695.0,31747.0,0.179,0,3,0,-0.658,0
45.0,67006.0,5439.0,4.8,711.0,50465.0,0.358,1,4,1,-0.323,0
32.0,54965.0,4555.0,3.4,597.0,14388.0,0.382,1,4,0,-0.481,0
36.0,29595.0,2449.0,8.8,700.0,19597.0,0.314,1,3,0,-0.168,0
21.0,47191.0,4084.0,0.1,593.0,5278.0,0.392,6,3,1,0.135,0
35.0,72264.0,6294.0,0.7,710.0,23029.0,0.264,0,1,0,-0.25,0
39.0,40686.0,3419.0,0.9,746.0,2239.0,0.427,0,2,0,0.605,1
33.0,74447.0,6315.0,12.4,717.0,23550.0,0.293,0,2,0,1.625,0
57.0,55791.0,4730.0,25.7,660.0,15754.0,0.222,1,2,0,1.266,0
25.0,49867.0,4049.0,4.4,702.0,28402.0,0.442,1,2,0,1.959,0
32.0,94132.0,7954.0,11.4,558.0,25499.0,0.383,4,0,0,-0.469,0
28.0,25158.0,2054.0,5.6,540.0,16788.0,0.255,4,1,1,0.561,0
32.0,40587.0,3371.0,6.1,696.0,10901.0,0.257,1,2,1,0.092,0
49.0,95768.0,8163.0,14.1,759.0,20828.0,0.36,0,3,0,1.922,0
54.0,125318.0,10460.0,25.6,587.0,52746.0,0.2,2,4,0,0.628,0
30.0,153858.0,13104.0,8.9,666.0,83444.0,0.332,2,0,1,0.605,0
30.0,56261.0,4810.0,8.3,695.0,40313.0,0.283,2,2,0,0.317,1
25.0,67585.0,5434.0,2.6,618.0,44615.0,0.321,1,2,0,-0.234,1
52.0,79454.0,6333.0,25.0,649.0,35228.0,0.098,3,4,0,2.267,0
50.0,97623.0,8324.0,14.5,710.0,76509.0,0.209,2,2,0,-1.18,1
37.0,63321.0,5404.0,6.5,671.0,17248.0,0.325,2,1,1,-0.135,1
23.0,83438.0,6989.0,0.8,668.0,66717.0,0.405,1,1,0,0.909,1
24.0,67642.0,5681.0,0.2,591.0,22923.0,0.287,1,3,0,-0.675,0
40.0,69570.0,5901.0,4.0,660.0,17170.0,0.372,0,7,0,-0.251,1
44.0,36382.0,3085.0,17.6,641.0,12264.0,0.152,2,3,0,0.994,0
21.0,47427.0,3928.0,0.2,636.0,23209.0,0.255,4,3,0,-0.197,1
34.0,43471.0,3692.0,13.0,629.0,17625.0,0.328,3,2,0,-1.134,0
56.0,32212.0,2666.0,2.8,659.0,2823.0,0.294,1,5,0,1.799,0
36.0,26157.0,2190.0,0.8,600.0,8292.0,0.376,1,5,0,0.012,0
54.0,45454.0,3803.0,16.5,669.0,19039.0,0.274,1,3,0,-0.352,0
45.0,48842.0,4000.0,5.6,637.0,26739.0,0.275,1,3,0,1.246,0
26.0,57662.0,4734.0,0.6,595.0,44099.0,0.365,0,2,0,-0.915,1
35.0,70627.0,6149.0,0.9,524.0,54166.0,0.246,3,4,1,-1.38,1
37.0,59859.0,4899.0,8.7,731.0,26070.0,0.209,0,5,1,-0.184,0
28.0,48995.0,4113.0,2.0,713.0,23362.0,0.346,0,3,0,0.207,0
27.0,36435.0,3071.0,4.1,606.0,20896.0,0.204,4,3,0,-1.545,0
55.0,81615.0,6794.0,5.1,710.0,55212.0,0.442,1,1,0,-0.491,1
27.0,52537.0,4437.0,0.2,588.0,31991.0,0.116,4,3,0,0.115,0
50.0,45247.0,3795.0,0.8,639.0,26713.0,0.27,1,2,0,-0.442,0
33.0,50574.0,4141.0,1.5,624.0,19494.0,0.463,1,4,0,-0.794,1
38.0,39551.0,3331.0,14.1,648.0,27754.0,0.498,2,2,0,-0.924,0
44.0,43316.0,3570.0,10.8,711.0,23690.0,0.291,0,2,1,-0.161,0
31.0,42701.0,3682.0,7.1,635.0,7234.0,0.41,1,1,0,0.41,1
44.0,48329.0,4062.0,21.2,647.0,24106.0,0.378,1,3,0,-0.202,0
21.0,73879.0,6070.0,0.2,712.0,20902.0,0.251,0,2,0,-1.319,0
43.0,66058.0,5543.0,19.9,674.0,13364.0,0.347,0,2,0,-0.594,0
21.0,110318.0,9023.0,0.7,619.0,59201.0,0.214,2,3,0,0.593,1
36.0,94880.0,7947.0,11.3,682.0,50446.0,0.144,0,4,0,0.022,0
47.0,132651.0,11004.0,23.9,741.0,101616.0,0.35,0,4,0,-1.585,0
45.0,70736.0,5797.0,3.1,735.0,55327.0,0.356,1,4,0,2.012,1
24.0,70227.0,5754.0,2.0,568.0,25042.0,0.181,1,2,1,0.736,0
25.0,44168.0,3860.0,2.5,572.0,8122.0,0.286,2,5,1,0.771,0
30.0,79761.0,6659.0,6.9,733.0,12390.0,0.181,1,5,1,-0.488,0
40.0,40939.0,3382.0,4.8,642.0,31961.0,0.254,2,4,0,0.147,0
21.0,28378.0,2336.0,0.1,506.0,9845.0,0.256,1,1,1,-0.48,1
38.0,109309.0,9195.0,17.4,618.0,33567.0,0.374,0,5,1,0.558,0
41.0,31350.0,2579.0,10.0,634.0,16172.0,0.25,2,2,0,0.512,0
35.0,67008.0,5462.0,3.5,640.0,6231.0,0.174,3,0,0,-1.945,1
44.0,37010.0,3082.0,3.1,715.0,19803.0,0.472,0,1,1,1.283,0
40.0,91317.0,7604.0,12.1,601.0,64544.0,0.349,2,3,0,0.744,1
32.0,97092.0,8024.0,1.8,726.0,57595.0,0.39,1,1,0,0.684,0
21.0,69788.0,5712.0,0.2,680.0,25339.0,0.361,0,1,0,-0.699,0
39.0,96370.0,7968.0,18.5,579.0,13213.0,0.394,2,3,0,0.324,0
28.0,55182.0,4555.0,0.2,638.0,12743.0,0.344,1,3,0,-1.793,0
32.0,150312.0,12374.0,2.2,696.0,37438.0,0.347,0,1,0,0.567,0
43.0,76946.0,6448.0,15.6,671.0,26061.0,0.313,0,2,0,-0.108,0
54.0,36675.0,3192.0,7.3,690.0,5502.0,0.256,0,1,0,0.649,0
38.0,56750.0,4855.0,3.2,620.0,27339.0,0.389,2,1,0,-1.307,1
44.0,51352.0,4446.0,13.4,706.0,16676.0,0.274,0,2,0,-0.736,0
22.0,49138.0,4048.0,1.5,633.0,20750.0,0.312,3,3,0,-0.329,0
41.0,26092.0,2247.0,8.9,843.0,6884.0,0.337,0,4,0,0.11,0
37.0,65459.0,5480.0,13.5,574.0,25555.0,0.345,1,2,0,0.356,0
52.0,29481.0,2505.0,25.7,850.0,17231.0,0.199,0,3,0,1.509,0
32.0,17653.0,1485.0,7.5,597.0,2051.0,0.32,3,3,0,-0.335,0
35.0,47112.0,3899.0,8.9,753.0,20379.0,0.198,0,1,1,-0.597,0
50.0,39141.0,3309.0,24.2,730.0,20109.0,0.318,0,2,0,1.339,0
37.0,37324.0,3141.0,0.3,596.0,20557.0,0.378,3,0,0,-0.59,1
26.0,15000.0,1206.0,3.0,703.0,11131.0,0.48,0,2,0,0.675,1
66.0,37504.0,3118.0,5.9,628.0,23847.0,0.358,2,5,0,-0.967,1
26.0,50866.0,4313.0,1.4,680.0,30736.0,0.386,0,3,0,-0.749,1
37.0,41346.0,3465.0,16.4,679.0,28983.0,0.191,2,1,1,1.609,0
42.0,65473.0,5507.0,0.1,636.0,48176.0,0.354,1,0,0,0.865,1
41.0,102928.0,8448.0,6.4,633.0,69941.0,0.188,1,6,0,0.504,1
36.0,69387.0,5812.0,2.5,685.0,35422.0,0.42,0,4,0,1.145,0
36.0,87288.0,7260.0,9.1,601.0,59558.0,0.193,1,4,0,0.26,1
35.0,90599.0,7519.0,13.0,606.0,26709.0,0.202,1,5,0,-0.335,1
26.0,34773.0,2858.0,2.2,728.0,26566.0,0.375,0,3,0,-0.437,1
62.0,67016.0,5687.0,34.9,707.0,12069.0,0.468,0,4,0,0.433,0
36.0,86069.0,7222.0,6.9,572.0,19100.0,0.406,1,1,0,-0.144,0
45.0,45202.0,3785.0,22.3,601.0,7634.0,0.265,1,2,0,-0.328,0
34.0,38534.0,3343.0,12.1,517.0,24383.0,0.201,4,3,0,1.7,1
34.0,69827.0,5874.0,2.5,725.0,26246.0,0.257,1,2,0,0.653,1
33.0,28236.0,2410.0,11.5,714.0,17041.0,0.313,1,1,0,-0.886,0
21.0,33708.0,2824.0,0.2,584.0,14580.0,0.292,0,3,0,1.555,1
36.0,40743.0,3371.0,8.0,709.0,14360.0,0.197,0,3,0,-0.73,0
34.0,67361.0,5495.0,2.7,800.0,48654.0,0.429,0,1,0,-0.116,0
51.0,60694.0,5082.0,11.9,558.0,22706.0,0.431,3,2,0,0.028,1
25.0,87523.0,6905.0,4.8,619.0,44969.0,0.488,0,2,0,0.854,1
32.0,36324.0,3044.0,8.9,555.0,25207.0,0.134,2,3,0,0.842,0
28.0,35459.0,2974.0,4.5,729.0,7427.0,0.219,1,3,0,-1.123,0
54.0,69623.0,5777.0,31.7,669.0,24510.0,0.325,1,6,0,0.631,0
28.0,38395.0,3194.0,3.0,634.0,6093.0,0.3,2,8,0,-0.688,1
44.0,41920.0,3406.0,4.2,678.0,19158.0,0.255,0,1,0,0.295,0
49.0,23850.0,2043.0,23.8,633.0,15316.0,0.214,2,0,0,-1.219,0
36.0,62691.0,5189.0,0.2,632.0,5722.0,0.2,0,0,0,0.758,0
23.0,110048.0,8992.0,2.3,680.0,10482.0,0.503,0,2,0,-0.812,0
23.0,34610.0,2916.0,0.1,617.0,20970.0,0.157,1,5,0,0.597,0
47.0,87104.0,7275.0,7.8,631.0,50711.0,0.144,1,4,1,-0.084,1
24.0,53549.0,4430.0,1.5,650.0,18830.0,0.181,2,0,0,0.872,0
42.0,24851.0,2052.0,7.1,670.0,7965.0,0.319,0,4,0,0.116,0
39.0,36771.0,3064.0,4.7,704.0,9617.0,0.273,0,1,0,0.307,0
42.0,35763.0,3060.0,2.4,702.0,3445.0,0.341,0,3,0,-0.666,0
43.0,47698.0,4012.0,0.1,555.0,20756.0,0.229,2,2,1,0.147,0
28.0,66428.0,5532.0,6.0,762.0,34015.0,0.309,0,1,0,-1.814,0
27.0,126387.0,10712.0,3.3,666.0,88347.0,0.308,1,5,0,0.803,0
46.0,28885.0,2408.0,4.2,639.0,13183.0,0.457,1,3,0,2.126,1
31.0,44220.0,3715.0,0.9,597.0,7251.0,0.478,4,1,1,0.161,0
21.0,36750.0,3072.0,0.3,799.0,10332.0,0.285,0,0,0,0.975,0
45.0,31086.0,2621.0,8.9,830.0,19856.0,0.385,0,4,0,-0.788,1
27.0,57414.0,4742.0,3.0,792.0,29490.0,0.316,0,0,0,0.699,0
43.0,55037.0,4482.0,2.3,670.0,34581.0,0.377,2,0,0,0.405,1
53.0,24316.0,2063.0,32.7,700.0,8756.0,0.338,1,5,0,0.606,0
38.0,55451.0,4760.0,4.9,767.0,5580.0,0.374,1,2,1,0.444,1
49.0,31973.0,2606.0,12.8,650.0,22992.0,0.385,1,2,0,0.029,0
40.0,55294.0,4624.0,14.0,705.0,17247.0,0.342,1,2,1,-0.221,0
55.0,97379.0,8042.0,11.0,681.0,10959.0,0.314,1,1,0,-0.492,0
26.0,67743.0,5745.0,0.5,795.0,33205.0,0.404,1,2,0,1.57,0
38.0,59574.0,4989.0,6.7,764.0,36219.0,0.287,0,3,0,0.185,0
45.0,43354.0,3853.0,14.0,657.0,17710.0,0.242,0,3,1,-0.22,0
36.0,56680.0,4695.0,13.4,773.0,28929.0,0.145,0,2,1,1.309,0
51.0,70866.0,6087.0,11.3,665.0,25721.0,0.343,1,2,0,0.653,0
33.0,67776.0,5833.0,11.8,628.0,44750.0,0.369,2,4,0,0.687,1
61.0,52598.0,4430.0,22.3,651.0,33547.0,0.128,0,1,0,0.295,0
61.0,60652.0,5058.0,29.7,685.0,35783.0,0.239,2,3,0,1.592,0
41.0,30413.0,2539.0,0.6,605.0,1974.0,0.375,1,1,0,-0.403,0
44.0,39523.0,3294.0,21.6,635.0,17282.0,0.286,2,7,0,-0.576,0
51.0,75621.0,6445.0,6.6,562.0,48323.0,0.306,4,0,0,-0.873,1
25.0,80338.0,6578.0,1.6,603.0,18771.0,0.391,2,4,0,0.214,0
24.0,57366.0,4765.0,1.9,677.0,14020.0,0.289,2,1,1,0.545,0
52.0,107004.0,8867.0,30.5,748.0,77919.0,0.338,0,2,0,-0.843,0
41.0,69127.0,5562.0,7.3,728.0,47095.0,0.192,0,1,0,0.723,1
36.0,49522.0,4198.0,3.4,692.0,39177.0,0.335,0,2,0,0.343,0
38.0,31768.0,2704.0,17.4,562.0,13440.0,0.166,4,1,0,1.354,1
21.0,105084.0,8646.0,0.8,600.0,15046.0,0.17,4,2,0,1.744,0
36.0,77787.0,6616.0,10.6,651.0,4371.0,0.25,0,5,0,-0.612,0
30.0,123541.0,9969.0,4.0,729.0,71604.0,0.355,0,3,1,-0.513,1
48.0,145826.0,12158.0,11.8,627.0,96610.0,0.305,1,3,0,-1.124,1
49.0,30821.0,2562.0,27.5,588.0,11441.0,0.221,1,0,0,-0.19,0
44.0,30858.0,2576.0,1.7,762.0,11397.0,0.388,1,3,0,-1.965,0
42.0,15164.0,1266.0,16.9,617.0,10314.0,0.332,1,2,0,-1.055,1
22.0,83146.0,6918.0,0.9,582.0,15759.0,0.405,2,6,0,0.829,1
44.0,73903.0,6111.0,23.7,688.0,7212.0,0.211,1,6,1,0.726,0
45.0,57474.0,4779.0,13.9,663.0,44501.0,0.443,0,0,0,0.859,0
52.0,31676.0,2712.0,8.9,629.0,14470.0,0.458,5,3,0,0.274,1
61.0,52840.0,4352.0,32.2,676.0,33251.0,0.391,2,3,0,0.498,0
21.0,59767.0,5205.0,1.0,596.0,45785.0,0.349,0,1,0,0.956,1
34.0,78223.0,6436.0,12.5,630.0,51456.0,0.35,0,3,0,-0.405,1
30.0,62189.0,5207.0,2.9,659.0,24920.0,0.333,0,5,1,0.587,0
40.0,74147.0,6249.0,6.9,521.0,39749.0,0.163,0,4,0,0.926,1
38.0,52012.0,4309.0,13.7,734.0,27264.0,0.24,0,3,0,0.338,0
35.0,93597.0,8015.0,9.2,569.0,69650.0,0.29,2,5,0,-0.044,1
49.0,73084.0,6157.0,0.3,594.0,11387.0,0.197,3,2,0,1.094,1
26.0,32240.0,2676.0,0.8,730.0,18434.0,0.443,1,2,0,-2.256,1
27.0,102769.0,8799.0,0.6,700.0,71642.0,0.35,0,1,1,-2.712,0
27.0,95473.0,7794.0,1.2,667.0,30486.0,0.478,1,3,0,-0.319,0
34.0,67816.0,5587.0,4.3,543.0,39416.0,0.379,0,0,0,-1.565,1
24.0,62406.0,5259.0,4.3,620.0,14814.0,0.16,2,1,0,1.756,0
37.0,116014.0,9823.0,11.8,651.0,13460.0,0.431,0,1,0,1.824,0
36.0,26373.0,2212.0,0.9,650.0,1821.0,0.255,1,6,0,0.202,0
29.0,96148.0,7992.0,5.7,743.0,43021.0,0.436,1,3,0,-1.83,0
48.0,44391.0,3681.0,12.1,806.0,3940.0,0.451,1,1,0,-1.144,0
37.0,90032.0,7672.0,13.1,710.0,44505.0,0.435,2,1,0,-0.855,0
50.0,58061.0,4862.0,26.2,636.0,19256.0,0.407,2,5,0,-0.183,0
36.0,31438.0,2574.0,1.0,746.0,1734.0,0.343,0,1,0,-2.08,1
38.0,43987.0,3597.0,17.4,627.0,9671.0,0.299,1,2,0,1.534,0
32.0,87105.0,7478.0,0.7,477.0,52594.0,0.489,1,4,0,-0.275,1
38.0,50036.0,4110.0,13.1,579.0,16717.0,0.327,3,2,0,-0.443,1
46.0,41582.0,3484.0,23.3,506.0,24707.0,0.261,2,4,0,0.393,0
33.0,41457.0,3548.0,10.1,638.0,27413.0,0.344,0,3,0,-0.183,0
44.0,73431.0,6186.0,3.6,649.0,47562.0,0.415,0,5,0,-1.534,0
29.0,120919.0,9924.0,1.9,549.0,66862.0,0.411,3,3,1,1.342,1
46.0,20988.0,1713.0,1.1,601.0,12801.0,0.191,1,2,0,-0.738,0
32.0,193958.0,16768.0,1.5,561.0,92585.0,0.408,3,1,0,-0.416,1
47.0,60281.0,4919.0,1.7,652.0,24026.0,0.369,1,1,0,1.121,0
39.0,71410.0,5885.0,1.0,601.0,6876.0,0.265,1,5,0,-1.444,0
55.0,45196.0,3794.0,19.5,740.0,35313.0,0.218,0,3,0,-0.47,1
25.0,54913.0,4556.0,0.4,672.0,37351.0,0.443,1,2,0,1.204,0
22.0,59977.0,5055.0,0.7,773.0,33224.0,0.453,0,4,0,0.073,1
31.0,34303.0,2775.0,8.0,632.0,18286.0,0.457,1,1,0,-1.067,1
23.0,38274.0,3176.0,0.0,810.0,18471.0,0.169,0,2,1,-0.395,0
23.0,93727.0,7916.0,1.8,661.0,11324.0,0.279,1,3,0,-0.722,0
45.0,27352.0,2310.0,18.8,632.0,7920.0,0.306,1,3,0,-1.639,0
38.0,67074.0,5526.0,9.6,833.0,20438.0,0.45,1,3,0,-1.562,0
33.0,46553.0,3800.0,6.1,535.0,30040.0,0.381,1,4,0,-0.222,0
34.0,35695.0,2987.0,10.0,626.0,17980.0,0.278,1,1,0,-2.036,0
31.0,133580.0,10839.0,6.1,546.0,46567.0,0.316,3,2,0,-0.964,0
56.0,35795.0,3060.0,18.4,541.0,10598.0,0.371,6,3,0,-1.419,0
30.0,33075.0,2765.0,7.9,519.0,22835.0,0.375,4,2,0,-0.344,1
23.0,50562.0,4155.0,2.9,705.0,32320.0,0.468,0,1,0,0.454,1
47.0,38919.0,3175.0,9.9,572.0,25680.0,0.446,1,2,0,-0.596,1
36.0,55158.0,4538.0,6.5,645.0,19115.0,0.425,0,5,1,-0.172,0
60.0,58984.0,4762.0,32.4,739.0,24150.0,0.224,1,2,0,0.957,1
32.0,61126.0,5144.0,6.7,696.0,29338.0,0.23,1,2,1,-1.051,0
47.0,52018.0,4265.0,18.8,698.0,10084.0,0.201,1,5,0,-0.038,0
50.0,40099.0,3368.0,2.2,746.0,12900.0,0.342,1,4,0,1.135,0
32.0,73469.0,6188.0,1.2,773.0,30735.0,0.253,2,0,0,1.6,0
30.0,52304.0,4443.0,5.2,575.0,28913.0,0.36,3,2,0,1.159,0
46.0,44005.0,3686.0,21.4,705.0,17035.0,0.374,0,4,0,-0.839,0
44.0,107054.0,9122.0,7.7,645.0,17766.0,0.325,2,1,0,-0.789,0
22.0,52078.0,4460.0,2.4,651.0,19208.0,0.391,3,1,0,0.677,0
26.0,89903.0,7531.0,4.2,556.0,40324.0,0.238,3,0,0,0.891,1
21.0,95527.0,8011.0,0.8,623.0,51401.0,0.155,1,3,0,0.828,1
45.0,98178.0,8090.0,20.5,641.0,67778.0,0.232,1,2,0,-2.059,0
35.0,75065.0,6132.0,3.8,762.0,16843.0,0.387,0,1,0,-1.671,0
36.0,54984.0,4700.0,5.4,582.0,25831.0,0.487,1,2,0,1.14,1
21.0,53438.0,4507.0,0.1,493.0,19399.0,0.451,3,1,0,0.253,1
26.0,49278.0,4163.0,2.3,661.0,27853.0,0.283,0,1,0,0.136,0
33.0,20743.0,1708.0,0.5,572.0,14639.0,0.399,2,3,1,-0.448,1
31.0,76005.0,6539.0,8.0,654.0,30996.0,0.165,0,2,0,-0.897,1
39.0,61396.0,5093.0,15.5,714.0,41941.0,0.458,1,3,0,-0.158,1
44.0,79744.0,6539.0,5.2,656.0,4108.0,0.356,2,2,0,-0.795,0
63.0,52179.0,4298.0,21.0,640.0,38308.0,0.383,1,2,0,-0.27,0
38.0,74181.0,6376.0,11.9,655.0,47577.0,0.113,0,3,0,2.247,0
50.0,29591.0,2411.0,22.5,731.0,4450.0,0.35,0,1,0,0.221,0
29.0,32498.0,2667.0,8.6,583.0,18084.0,0.489,1,0,0,-0.693,1
21.0,18048.0,1591.0,0.2,711.0,7863.0,0.334,1,2,0,-0.619,0
34.0,51773.0,4396.0,3.5,591.0,40281.0,0.296,0,0,0,-0.139,1
21.0,38850.0,3190.0,0.9,703.0,10810.0,0.279,0,4,0,-1.856,0
38.0,36628.0,2986.0,1.8,553.0,18561.0,0.233,1,2,1,0.542,0
29.0,63939.0,5150.0,7.4,702.0,28270.0,0.314,1,1,0,1.717,0
21.0,45416.0,3792.0,0.1,653.0,9803.0,0.183,2,2,0,0.472,0
57.0,28860.0,2440.0,17.2,675.0,19055.0,0.35,1,0,0,-0.642,0
32.0,172859.0,14843.0,7.2,731.0,104972.0,0.416,1,4,1,-0.611,0
21.0,54092.0,4337.0,0.8,603.0,24779.0,0.262,1,1,0,-0.194,0
48.0,33781.0,2740.0,3.2,660.0,25608.0,0.343,0,2,0,0.093,1
30.0,40687.0,3382.0,8.2,685.0,30312.0,0.299,0,0,0,-0.079,0
50.0,50877.0,4476.0,25.5,652.0,33757.0,0.344,2,2,0,0.305,0
30.0,50829.0,4311.0,7.9,714.0,8351.0,0.396,0,0,1,-0.254,0
32.0,98821.0,8296.0,11.3,689.0,71212.0,0.346,0,2,0,1.014,0
42.0,53069.0,4314.0,19.0,629.0,14825.0,0.391,1,5,0,-2.027,0
45.0,126745.0,10114.0,18.8,758.0,60528.0,0.357,0,5,0,-1.249,0
46.0,45274.0,3776.0,15.3,707.0,35362.0,0.391,1,1,1,1.025,0
37.0,66635.0,5542.0,13.8,608.0,14874.0,0.337,5,4,0,-0.406,0
44.0,87115.0,7221.0,23.2,612.0,17407.0,0.338,0,3,1,0.012,0
46.0,94175.0,7788.0,16.7,653.0,64882.0,0.374,0,2,0,-0.464,0
40.0,99253.0,8147.0,4.9,694.0,5935.0,0.298,3,0,0,-1.449,0
36.0,48663.0,3976.0,4.1,507.0,8792.0,0.35,3,6,0,0.29,1
22.0,54864.0,4699.0,1.7,605.0,16212.0,0.216,0,5,0,0.1,0
45.0,18022.0,1475.0,24.3,632.0,10880.0,0.124,2,2,0,2.815,1
38.0,50357.0,4173.0,3.9,561.0,20664.0,0.314,2,1,0,0.099,1
33.0,89873.0,7484.0,13.0,595.0,31006.0,0.225,2,0,0,1.313,0
52.0,82344.0,6959.0,8.6,674.0,60857.0,0.498,1,3,0,-0.079,1
22.0,52901.0,4333.0,0.9,626.0,32636.0,0.225,2,3,0,1.328,0
56.0,118149.0,10038.0,32.8,648.0,61984.0,0.381,3,0,0,-0.709,1
38.0,46272.0,3811.0,17.1,572.0,14114.0,0.234,4,2,0,-1.164,1
41.0,39848.0,3310.0,12.2,651.0,27661.0,0.302,1,5,0,-1.251,0
34.0,44552.0,3835.0,13.0,561.0,10684.0,0.193,1,5,0,-0.664,1
21.0,33189.0,2712.0,0.8,763.0,25205.0,0.183,2,5,0,-0.464,1
36.0,72778.0,6152.0,14.3,789.0,17856.0,0.333,1,1,0,-1.108,0
42.0,62624.0,5324.0,18.8,636.0,41649.0,0.265,0,2,0,0.836,0
45.0,72372.0,6068.0,9.8,586.0,53241.0,0.379,1,3,0,-3.091,1
36.0,45644.0,3795.0,0.5,720.0,10036.0,0.429,0,2,0,0.557,0
21.0,53581.0,4655.0,0.2,702.0,11899.0,0.145,0,7,0,-0.318,0
21.0,20636.0,1719.0,0.1,791.0,2248.0,0.409,1,5,0,1.585,0
61.0,65146.0,5451.0,9.8,815.0,19935.0,0.204,1,3,0,-0.161,0
26.0,57502.0,4760.0,0.3,518.0,24449.0,0.267,5,2,0,-0.167,1
54.0,33518.0,2802.0,9.3,746.0,3837.0,0.16,0,4,0,1.067,0
28.0,52470.0,4457.0,4.5,647.0,8382.0,0.163,1,1,0,-1.061,0
36.0,48975.0,4059.0,2.3,700.0,17955.0,0.105,0,2,0,-0.067,0
45.0,121665.0,9711.0,7.9,718.0,22521.0,0.26,2,1,0,0.863,0
29.0,34118.0,2872.0,2.0,713.0,21498.0,0.306,0,2,1,0.146,0
56.0,63846.0,5206.0,3.4,732.0,18633.0,0.263,1,1,0,1.113,0
39.0,33666.0,2847.0,12.7,627.0,2853.0,0.121,2,6,0,-0.631,0
43.0,42789.0,3566.0,20.6,604.0,7098.0,0.104,2,2,0,-0.632,0
35.0,62296.0,5289.0,10.8,748.0,17470.0,0.301,1,0,0,0.732,0
45.0,50010.0,4088.0,17.3,608.0,7969.0,0.379,0,1,1,-0.823,0
55.0,54852.0,4522.0,34.8,808.0,11610.0,0.325,0,3,0,-0.728,0
37.0,63883.0,5287.0,12.1,613.0,13093.0,0.487,1,4,1,-0.025,1
57.0,44043.0,3561.0,1.7,634.0,16032.0,0.296,1,3,0,0.462,0
31.0,81875.0,6975.0,2.5,648.0,36276.0,0.332,1,2,0,0.93,0
46.0,47936.0,3865.0,16.8,561.0,24780.0,0.298,2,0,0,-0.048,0
43.0,52638.0,4483.0,14.9,560.0,38533.0,0.222,2,1,1,0.552,0
26.0,64710.0,5438.0,5.2,726.0,36630.0,0.284,0,3,1,1.515,0
40.0,60915.0,5056.0,3.2,541.0,12119.0,0.384,2,2,0,0.951,0
38.0,73496.0,6167.0,17.7,845.0,28435.0,0.388,1,3,0,-0.218,0
29.0,63432.0,5320.0,4.4,656.0,37877.0,0.336,1,2,0,0.457,1
42.0,67925.0,5615.0,20.2,598.0,31676.0,0.458,2,2,0,1.835,1
40.0,47509.0,3983.0,10.4,695.0,8410.0,0.346,0,3,0,0.694,1
37.0,34001.0,2875.0,3.2,489.0,21782.0,0.333,4,4,0,-0.178,1
37.0,28930.0,2365.0,6.1,640.0,5713.0,0.45,3,2,0,2.058,1
37.0,25933.0,2176.0,3.8,648.0,7993.0,0.228,3,3,0,1.367,0
34.0,121579.0,9599.0,3.7,573.0,72977.0,0.443,2,3,0,1.225,1
40.0,20320.0,1628.0,17.4,624.0,15789.0,0.203,2,3,0,-0.36,0
31.0,94114.0,7931.0,4.1,769.0,67553.0,0.273,2,1,1,-0.8,0
67.0,38014.0,3141.0,8.6,677.0,29550.0,0.116,0,2,1,1.237,0
22.0,93806.0,7684.0,0.9,688.0,32603.0,0.325,0,3,0,-0.782,0
32.0,20413.0,1699.0,7.1,608.0,7694.0,0.433,2,1,0,-1.548,1
32.0,49479.0,4091.0,2.5,569.0,8518.0,0.206,2,2,0,0.638,0
60.0,105810.0,8643.0,2.1,644.0,42796.0,0.272,0,7,0,1.626,0
23.0,75814.0,6111.0,3.0,489.0,48166.0,0.278,1,5,0,-1.397,1
43.0,47255.0,3783.0,5.4,586.0,4806.0,0.278,3,1,0,1.63,1
41.0,22943.0,1940.0,19.4,582.0,6636.0,0.195,5,3,0,-0.746,0
